ano,codigo_ibge,municipio,saldo_2022,saldo_real_2023,variacao_real,variacao_baseline,variacao_linear,variacao_ridge,variacao_random_forest,saldo_previsto_baseline,saldo_previsto_linear,saldo_previsto_ridge,saldo_previsto_random_forest,erro_rf,erro_absoluto_rf
2022,3500105,Adamantina,650,472.0,-178.0,0.0,-332.41027843677944,-255.2858422176668,-309.82194569610033,650.0,317.58972156322056,394.7141577823332,340.17805430389967,131.82194569610033,131.82194569610033
2022,3500204,Adolfo,77,-45.0,-122.0,0.0,541.3223769077814,59.5852564234163,-36.93066379659264,77.0,618.3223769077814,136.5852564234163,40.06933620340736,-85.06933620340736,85.06933620340736
2022,3500303,Aguaí,382,273.0,-109.0,0.0,-462.53474944907225,-102.02901461059221,103.63052529069026,382.0,-80.53474944907225,279.9709853894078,485.63052529069023,-212.63052529069023,212.63052529069023
2022,3500402,Águas da Prata,9,56.0,47.0,0.0,-286.2915179199257,125.77210291032873,46.8395627191315,9.0,-277.2915179199257,134.77210291032873,55.8395627191315,0.16043728086849995,0.16043728086849995
2022,3500501,Águas de Lindóia,279,212.0,-67.0,0.0,-278.9907037040925,-55.46020307948885,-22.42374870530126,279.0,0.009296295907518015,223.53979692051115,256.57625129469875,-44.57625129469875,44.57625129469875
2022,3500550,Águas de Santa Bárbara,-194,13.0,207.0,0.0,638.8300926072864,300.5598057532083,326.09397675437856,-194.0,444.83009260728636,106.55980575320831,132.09397675437856,-119.09397675437856,119.09397675437856
2022,3500600,Águas de São Pedro,74,47.0,-27.0,0.0,-830.5238779381974,-51.32540517923951,-38.22248063707585,74.0,-756.5238779381974,22.67459482076049,35.77751936292415,11.222480637075847,11.222480637075847
2022,3500709,Agudos,828,223.0,-605.0,0.0,-505.42243356786764,-329.3645714332528,-460.4181837163332,828.0,322.57756643213236,498.6354285667472,367.5818162836668,-144.5818162836668,144.5818162836668
2022,3500758,Alambari,-8,66.0,74.0,0.0,-7.426456609695208,155.84533154749892,42.29059467327192,-8.0,-15.426456609695208,147.84533154749892,34.29059467327192,31.70940532672808,31.70940532672808
2022,3500808,Alfredo Marcondes,-22,22.0,44.0,0.0,172.4444317982909,239.630703180044,53.37780301394627,-22.0,150.4444317982909,217.630703180044,31.37780301394627,-9.37780301394627,9.37780301394627
2022,3500907,Altair,24,57.0,33.0,0.0,-584.8335598887427,76.11284019576277,12.063707131925081,24.0,-560.8335598887427,100.11284019576277,36.063707131925085,20.936292868074915,20.936292868074915
2022,3501004,Altinópolis,-39,149.0,188.0,0.0,155.40354406717404,78.46744689096533,94.8542520804299,-39.0,116.40354406717404,39.467446890965334,55.8542520804299,93.1457479195701,93.1457479195701
2022,3501103,Alto Alegre,29,92.0,63.0,0.0,-173.8536499698637,56.67376695071795,11.605052498430634,29.0,-144.8536499698637,85.67376695071795,40.60505249843064,51.39494750156936,51.39494750156936
2022,3501152,Alumínio,795,33.0,-762.0,0.0,-1201.6126694226234,-528.9844426266037,-513.1837540829398,795.0,-406.6126694226234,266.0155573733963,281.8162459170602,-248.8162459170602,248.8162459170602
2022,3501202,Álvares Florence,25,-14.0,-39.0,0.0,157.5556063793481,-3.615296216575018,-32.03906406474491,25.0,182.5556063793481,21.384703783424982,-7.039064064744913,-6.960935935255087,6.960935935255087
2022,3501301,Álvares Machado,250,146.0,-104.0,0.0,90.32177993988495,-72.46831352324017,-126.21367955187034,250.0,340.32177993988495,177.53168647675983,123.78632044812966,22.213679551870342,22.213679551870342
2022,3501400,Álvaro de Carvalho,-8,-11.0,-3.0,0.0,-210.3150922021856,222.39263930121894,42.194594673271915,-8.0,-218.3150922021856,214.39263930121894,34.194594673271915,-45.194594673271915,45.194594673271915
2022,3501509,Alvinlândia,5,-5.0,-10.0,0.0,-303.315797137022,98.84236107350097,20.777899759733607,5.0,-298.315797137022,103.84236107350097,25.777899759733607,-30.777899759733607,30.777899759733607
2022,3501608,Americana,3418,369.0,-3049.0,0.0,257.619739568083,-2150.1264970812927,533.6519802752797,3418.0,3675.619739568083,1267.8735029187073,3951.6519802752796,-3582.6519802752796,3582.6519802752796
2022,3501707,Américo Brasiliense,672,136.0,-536.0,0.0,-896.5616678270791,-215.89976876644405,-251.70627987782652,672.0,-224.56166782707908,456.100231233556,420.29372012217345,-284.29372012217345,284.29372012217345
2022,3501806,Américo de Campos,-19,41.0,60.0,0.0,-13.151008660806951,268.2403888922274,49.00526802881222,-19.0,-32.15100866080695,249.24038889222737,30.005268028812218,10.994731971187782,10.994731971187782
2022,3501905,Amparo,466,280.0,-186.0,0.0,232.03111747158505,-203.55404613535046,23.605837645560413,466.0,698.031117471585,262.44595386464954,489.6058376455604,-209.60583764556043,209.60583764556043
2022,3502002,Analândia,-432,70.0,502.0,0.0,181.4358980970635,424.47426488689445,809.609383495441,-432.0,-250.5641019029365,-7.525735113105554,377.60938349544097,-307.60938349544097,307.60938349544097
2022,3502101,Andradina,538,972.0,434.0,0.0,343.3775111606004,-178.74522417706154,-310.52025535524,538.0,881.3775111606004,359.2547758229384,227.47974464476,744.52025535524,744.52025535524
2022,3502200,Angatuba,285,-272.0,-557.0,0.0,-329.9493945940856,-20.84775102071069,-34.01991808198818,285.0,-44.94939459408562,264.1522489792893,250.98008191801182,-522.9800819180118,522.9800819180118
2022,3502309,Anhembi,33,34.0,1.0,0.0,-530.8930208948506,36.17396551126404,10.789150685819582,33.0,-497.89302089485057,69.17396551126404,43.78915068581958,-9.789150685819578,9.789150685819578
2022,3502408,Anhumas,8,-5.0,-13.0,0.0,-107.18171103973864,56.321611405617375,11.787895589765519,8.0,-99.18171103973864,64.32161140561738,19.78789558976552,-24.78789558976552,24.78789558976552
2022,3502507,Aparecida,951,809.0,-142.0,0.0,-905.8338395887874,-366.18819985470606,-511.76351572254237,951.0,45.16616041121256,584.811800145294,439.23648427745763,369.76351572254237,369.76351572254237
2022,3502606,Aparecida d'Oeste,76,56.0,-20.0,0.0,-94.05436908971438,-74.92343318961684,-37.12481088756554,76.0,-18.054369089714385,1.0765668103831558,38.87518911243446,17.124810887565538,17.124810887565538
2022,3502705,Apiaí,185,26.0,-159.0,0.0,38.76114696748817,-63.26000735183476,-160.9783049416889,185.0,223.76114696748817,121.73999264816524,24.02169505831111,1.97830494168889,1.97830494168889
2022,3502754,Araçariguama,698,-353.0,-1051.0,0.0,-880.6658238364054,-329.4086150718108,-248.37934111414782,698.0,-182.66582383640537,368.5913849281892,449.6206588858522,-802.6206588858522,802.6206588858522
2022,3502804,Araçatuba,2041,2114.0,73.0,0.0,284.3230183774832,-807.2684138173429,499.6468560495064,2041.0,2325.323018377483,1233.731586182657,2540.6468560495064,-426.64685604950637,426.64685604950637
2022,3502903,Araçoiaba da Serra,530,370.0,-160.0,0.0,-491.0878574984281,-226.3800751572959,-230.8870924664698,530.0,38.91214250157191,303.6199248427041,299.11290753353023,70.88709246646977,70.88709246646977
2022,3503000,Aramina,3,46.0,43.0,0.0,-106.30584097526372,162.85483245499273,43.26402071104533,3.0,-103.30584097526372,165.85483245499273,46.26402071104533,-0.2640207110453332,0.2640207110453332
2022,3503109,Arandu,75,-156.0,-231.0,0.0,123.45907343995106,45.09206850168039,9.696191757272313,75.0,198.45907343995106,120.09206850168039,84.69619175727232,-240.69619175727232,240.69619175727232
2022,3503158,Arapeí,14,15.0,1.0,0.0,-95.81722806383647,-134.8377431269185,-31.78093506109328,14.0,-81.81722806383647,-120.8377431269185,-17.78093506109328,32.78093506109328,32.78093506109328
2022,3503208,Araraquara,1743,288.0,-1455.0,0.0,1673.578678858175,-1351.4393399914838,356.7901341964552,1743.0,3416.578678858175,391.56066000851615,2099.7901341964553,-1811.7901341964553,1811.7901341964553
2022,3503307,Araras,1464,291.0,-1173.0,0.0,44.72321689550142,-600.7961513193375,442.1310467395056,1464.0,1508.7232168955015,863.2038486806625,1906.1310467395056,-1615.1310467395056,1615.1310467395056
2022,3503356,Arco-Íris,18,-37.0,-55.0,0.0,292.82974292168115,-97.51220433281154,-34.69148215203337,18.0,310.82974292168115,-79.51220433281154,-16.691482152033373,-20.308517847966627,20.308517847966627
2022,3503406,Arealva,-116,-80.0,36.0,0.0,3.3256329155968842,249.32859873582044,256.97532500902446,-116.0,-112.67436708440312,133.32859873582044,140.97532500902446,-220.97532500902446,220.97532500902446
2022,3503505,Areias,80,222.0,142.0,0.0,-240.42679945017255,-107.67109455236931,-38.534468099680645,80.0,-160.42679945017255,-27.67109455236931,41.465531900319355,180.53446809968065,180.53446809968065
2022,3503604,Areiópolis,127,120.0,-7.0,0.0,-288.84139446625204,-5.7817853078699954,-35.77170407509686,127.0,-161.84139446625204,121.21821469213,91.22829592490314,28.771704075096864,28.771704075096864
2022,3503703,Ariranha,-406,76.0,482.0,0.0,-595.8693663023772,492.50117133634745,654.9274083087292,-406.0,-1001.8693663023772,86.50117133634745,248.92740830872924,-172.92740830872924,172.92740830872924
2022,3503802,Artur Nogueira,172,278.0,106.0,0.0,-6.329191353928536,-21.792528632777305,70.99832442648132,172.0,165.67080864607146,150.2074713672227,242.9983244264813,35.001675573518696,35.001675573518696
2022,3503901,Arujá,1293,1135.0,-158.0,0.0,-333.9684636510406,-660.830839442644,318.8937281575594,1293.0,959.0315363489594,632.169160557356,1611.8937281575595,-476.8937281575595,476.8937281575595
2022,3503950,Aspásia,1,4.0,3.0,0.0,44.51717484353577,146.75910154905387,42.22992458148449,1.0,45.51717484353577,147.75910154905387,43.22992458148449,-39.22992458148449,39.22992458148449
2022,3504008,Assis,784,749.0,-35.0,0.0,104.81397541014792,-376.28190917151437,-197.06076459394674,784.0,888.8139754101479,407.71809082848563,586.9392354060533,162.06076459394671,162.06076459394671
2022,3504107,Atibaia,2401,1249.0,-1152.0,0.0,-224.15557990848734,-1184.2030415961897,405.2555914275286,2401.0,2176.844420091513,1216.7969584038103,2806.2555914275285,-1557.2555914275285,1557.2555914275285
2022,3504206,Auriflama,-125,-1.0,124.0,0.0,-93.98218565574189,209.6354050093127,336.84763928724396,-125.0,-218.9821856557419,84.6354050093127,211.84763928724396,-212.84763928724396,212.84763928724396
2022,3504305,Avaí,166,59.0,-107.0,0.0,-681.0971846584412,-49.01557278554867,-0.5667930536912498,166.0,-515.0971846584412,116.98442721445133,165.43320694630876,-106.43320694630876,106.43320694630876
2022,3504404,Avanhandava,10,195.0,185.0,0.0,-510.49146114241057,120.8219701311321,65.36286064990443,10.0,-500.49146114241057,130.8219701311321,75.36286064990443,119.63713935009557,119.63713935009557
2022,3504503,Avaré,1086,790.0,-296.0,0.0,11.878070376302617,-412.4567806940002,301.22694884366297,1086.0,1097.8780703763027,673.5432193059999,1387.226948843663,-597.226948843663,597.226948843663
2022,3504602,Bady Bassitt,697,489.0,-208.0,0.0,517.1938714902635,-183.99067959818274,-380.6295891497021,697.0,1214.1938714902635,513.0093204018173,316.3704108502979,172.6295891497021,172.6295891497021
2022,3504701,Balbinos,-14,7.0,21.0,0.0,-1197.5911632849932,284.5285431458537,44.09626244331369,-14.0,-1211.5911632849932,270.5285431458537,30.09626244331369,-23.09626244331369,23.09626244331369
2022,3504800,Bálsamo,-634,48.0,682.0,0.0,843.4853322739582,554.3082644431877,962.275949273179,-634.0,209.4853322739582,-79.69173555681232,328.275949273179,-280.275949273179,280.275949273179
2022,3504909,Bananal,68,24.0,-44.0,0.0,-281.7259948184731,5.292415107320778,-26.191622910190297,68.0,-213.7259948184731,73.29241510732078,41.8083770898097,-17.808377089809703,17.808377089809703
2022,3505005,Barão de Antonina,30,-36.0,-66.0,0.0,-6.052310113031581,55.41456312996513,8.658505203387275,30.0,23.94768988696842,85.41456312996513,38.65850520338728,-74.65850520338728,74.65850520338728
2022,3505104,Barbosa,1,-19.0,-20.0,0.0,-832.2149227762975,132.9865696337377,45.00044694887653,1.0,-831.2149227762975,133.9865696337377,46.00044694887653,-65.00044694887653,65.00044694887653
2022,3505203,Bariri,1827,-801.0,-2628.0,0.0,-1777.8339847909938,-694.5014650613143,-749.7762784569239,1827.0,49.16601520900622,1132.4985349386857,1077.223721543076,-1878.223721543076,1878.223721543076
2022,3505302,Barra Bonita,609,316.0,-293.0,0.0,-389.25817029308655,-173.7272102353066,-180.17037978685195,609.0,219.74182970691345,435.2727897646934,428.829620213148,-112.82962021314802,112.82962021314802
2022,3505351,Barra do Chapéu,40,-86.0,-126.0,0.0,-332.27789010983986,86.15670367183583,11.271704398831375,40.0,-292.27789010983986,126.15670367183583,51.271704398831375,-137.2717043988314,137.2717043988314
2022,3505401,Barra do Turvo,59,-21.0,-80.0,0.0,-263.5618596708463,-72.28186261988048,-36.11749757852182,59.0,-204.56185967084627,-13.281862619880485,22.88250242147818,-43.88250242147818,43.88250242147818
2022,3505500,Barretos,2081,652.0,-1429.0,0.0,-795.3572474230002,-783.1023573403068,-530.2158364975448,2081.0,1285.6427525769998,1297.8976426596932,1550.7841635024552,-898.7841635024552,898.7841635024552
2022,3505609,Barrinha,463,348.0,-115.0,0.0,-216.98848038742176,-134.78867185591352,-39.10610978997451,463.0,246.01151961257824,328.21132814408645,423.89389021002546,-75.89389021002546,75.89389021002546
2022,3505708,Barueri,16492,4084.0,-12408.0,0.0,2145.4187395385698,-10777.012867663278,-12835.816487445896,16492.0,18637.41873953857,5714.987132336722,3656.183512554104,427.8164874458962,427.8164874458962
2022,3505807,Bastos,59,16.0,-43.0,0.0,150.71293590070673,105.88804323740476,77.91994102255276,59.0,209.71293590070673,164.88804323740476,136.91994102255276,-120.91994102255276,120.91994102255276
2022,3505906,Batatais,502,521.0,19.0,0.0,-126.67601814758316,-204.65306543179312,-250.4967895808731,502.0,375.32398185241686,297.34693456820685,251.5032104191269,269.4967895808731,269.4967895808731
2022,3506003,Bauru,5721,4226.0,-1495.0,0.0,268.1002970398458,-2841.4048335517255,456.2955158452659,5721.0,5989.100297039846,2879.5951664482745,6177.295515845266,-1951.295515845266,1951.295515845266
2022,3506102,Bebedouro,745,261.0,-484.0,0.0,714.2526049864521,-535.2074681695841,559.9174015306875,745.0,1459.252604986452,209.7925318304159,1304.9174015306876,-1043.9174015306876,1043.9174015306876
2022,3506201,Bento de Abreu,54,164.0,110.0,0.0,-636.5831534445629,21.155711416370934,-20.906768521578552,54.0,-582.5831534445629,75.15571141637093,33.093231478421444,130.90676852157856,130.90676852157856
2022,3506300,Bernardino de Campos,662,762.0,100.0,0.0,-394.9218492653325,-404.76216422847267,-477.2396330190115,662.0,267.0781507346675,257.23783577152733,184.76036698098852,577.2396330190115,577.2396330190115
2022,3506359,Bertioga,427,590.0,163.0,0.0,13.700482316485818,-234.53387544733937,-459.6553196253164,427.0,440.7004823164858,192.46612455266063,-32.655319625316395,622.6553196253165,622.6553196253165
2022,3506409,Bilac,160,27.0,-133.0,0.0,-413.5320567098515,-119.02163930660197,-55.99086560808741,160.0,-253.53205670985147,40.97836069339803,104.0091343919126,-77.0091343919126,77.0091343919126
2022,3506508,Birigui,1867,83.0,-1784.0,0.0,-645.6847989614021,-716.3817664305702,-343.9114645850669,1867.0,1221.315201038598,1150.6182335694298,1523.0885354149332,-1440.0885354149332,1440.0885354149332
2022,3506607,Biritiba Mirim,124,49.0,-75.0,0.0,-281.90764287323435,-16.98125860535123,30.066591227213333,124.0,-157.90764287323435,107.01874139464877,154.06659122721334,-105.06659122721334,105.06659122721334
2022,3506706,Boa Esperança do Sul,56,145.0,89.0,0.0,-387.27766123958463,71.63762288327172,63.65177665890219,56.0,-331.27766123958463,127.63762288327172,119.6517766589022,25.348223341097807,25.348223341097807
2022,3506805,Bocaina,264,67.0,-197.0,0.0,-420.952736958625,-63.44332982320685,-133.7631269069218,264.0,-156.952736958625,200.55667017679315,130.2368730930782,-63.2368730930782,63.2368730930782
2022,3506904,Bofete,-74,136.0,210.0,0.0,-234.00220530038433,162.62429498025853,120.8263873533678,-74.0,-308.00220530038433,88.62429498025853,46.82638735336781,89.1736126466322,89.1736126466322
2022,3507001,Boituva,1154,77.0,-1077.0,0.0,-416.83363531131226,-497.41059292621304,-546.0500336722691,1154.0,737.1663646886877,656.589407073787,607.9499663277309,-530.9499663277309,530.9499663277309
2022,3507100,Bom Jesus dos Perdões,130,364.0,234.0,0.0,-588.6054922222243,49.24275414441178,121.26233363149471,130.0,-458.60549222222426,179.24275414441178,251.2623336314947,112.7376663685053,112.7376663685053
2022,3507159,Bom Sucesso de Itararé,24,6.0,-18.0,0.0,-296.23983762547084,67.94475914365063,11.605052498430634,24.0,-272.23983762547084,91.94475914365063,35.60505249843064,-29.605052498430638,29.605052498430638
2022,3507209,Borá,129,49.0,-80.0,0.0,-59.09018708166502,-4.630154268898536,-46.98443479285049,129.0,69.90981291833498,124.36984573110146,82.0155652071495,-33.01556520714951,33.01556520714951
2022,3507308,Boracéia,186,185.0,-1.0,0.0,-488.5738734773173,-111.61088879065903,-86.17684204721303,186.0,-302.5738734773173,74.38911120934097,99.82315795278697,85.17684204721303,85.17684204721303
2022,3507407,Borborema,-27,167.0,194.0,0.0,-257.6391374661504,142.87628395708833,72.85220110321495,-27.0,-284.6391374661504,115.87628395708833,45.85220110321495,121.14779889678505,121.14779889678505
2022,3507456,Borebi,93,-6.0,-99.0,0.0,-50.10534351110573,-97.88316248000541,-43.44065479282943,93.0,42.89465648889427,-4.88316248000541,49.55934520717057,-55.55934520717057,55.55934520717057
2022,3507506,Botucatu,1743,1719.0,-24.0,0.0,79.56774074242537,-751.9949235699362,417.1661092241096,1743.0,1822.5677407424255,991.0050764300638,2160.1661092241097,-441.16610922410973,441.16610922410973
2022,3507605,Bragança Paulista,2249,1187.0,-1062.0,0.0,259.96980314772304,-1048.095284806305,295.462541874792,2249.0,2508.969803147723,1200.904715193695,2544.462541874792,-1357.462541874792,1357.462541874792
2022,3507704,Braúna,2,3.0,1.0,0.0,-181.3495938253548,126.07123437257934,42.902657369758764,2.0,-179.3495938253548,128.07123437257934,44.902657369758764,-41.902657369758764,41.902657369758764
2022,3507753,Brejo Alegre,-1,43.0,44.0,0.0,-338.4181398469061,156.18463757933978,42.82134364426857,-1.0,-339.4181398469061,155.18463757933978,41.82134364426857,1.1786563557314267,1.1786563557314267
2022,3507803,Brodowski,61,145.0,84.0,0.0,96.38306280832393,50.95162527306002,79.51092021941567,61.0,157.38306280832393,111.95162527306002,140.51092021941565,4.489079780584348,4.489079780584348
2022,3507902,Brotas,298,91.0,-207.0,0.0,-176.81674929910247,-38.81811238409705,95.09710951533053,298.0,121.18325070089753,259.18188761590295,393.09710951533054,-302.09710951533054,302.09710951533054
2022,3508009,Buri,301,-314.0,-615.0,0.0,-68.67124122622084,-64.81422787888584,-0.8477068027984582,301.0,232.32875877377916,236.18577212111416,300.1522931972015,-614.1522931972015,614.1522931972015
2022,3508108,Buritama,233,620.0,387.0,0.0,-177.1009410359803,-124.97634919980226,-129.49790259931314,233.0,55.8990589640197,108.02365080019774,103.50209740068686,516.4979025993132,516.4979025993132
2022,3508207,Buritizal,-13,59.0,72.0,0.0,-133.76640794542263,139.48097792491888,65.45805809889957,-13.0,-146.76640794542263,126.48097792491888,52.45805809889957,6.541941901100429,6.541941901100429
2022,3508306,Cabrália Paulista,-19,53.0,72.0,0.0,107.6632504516673,196.4696308351452,52.205522897648414,-19.0,88.6632504516673,177.4696308351452,33.205522897648414,19.794477102351586,19.794477102351586
2022,3508405,Cabreúva,1161,1396.0,235.0,0.0,-804.3005555521845,-489.0521910399366,-555.4904357997123,1161.0,356.6994444478155,671.9478089600634,605.5095642002877,790.4904357997123,790.4904357997123
2022,3508504,Caçapava,-61,-1051.0,-990.0,0.0,861.2620887565974,-145.97962086184157,-260.0278792412361,-61.0,800.2620887565974,-206.97962086184157,-321.0278792412361,-729.9721207587638,729.9721207587638
2022,3508603,Cachoeira Paulista,176,98.0,-78.0,0.0,-215.31606231214712,-19.49756702768525,-2.675924413432896,176.0,-39.316062312147125,156.50243297231475,173.3240755865671,-75.32407558656709,75.32407558656709
2022,3508702,Caconde,77,57.0,-20.0,0.0,-254.23926546746858,2.6036380400067287,28.31065107767444,77.0,-177.23926546746858,79.60363804000673,105.31065107767444,-48.310651077674436,48.310651077674436
2022,3508801,Cafelândia,254,111.0,-143.0,0.0,-324.32232599357644,-85.78334115754382,-27.420438203977938,254.0,-70.32232599357644,168.21665884245618,226.57956179602206,-115.57956179602206,115.57956179602206
2022,3508900,Caiabu,23,11.0,-12.0,0.0,-293.49489254495023,-54.05698856885215,-31.51045337245511,23.0,-270.49489254495023,-31.056988568852148,-8.51045337245511,19.51045337245511,19.51045337245511
2022,3509007,Caieiras,535,153.0,-382.0,0.0,248.35061842291998,-130.22700617839607,139.8794029934484,535.0,783.35061842292,404.7729938216039,674.8794029934484,-521.8794029934484,521.8794029934484
2022,3509106,Caiuá,20,10.0,-10.0,0.0,-223.18330504007292,21.246740607543984,0.19991028562302393,20.0,-203.18330504007292,41.246740607543984,20.199910285623023,-10.199910285623023,10.199910285623023
2022,3509205,Cajamar,-543,2389.0,2932.0,0.0,3790.1003013673035,-188.63827132817286,1113.2722591408594,-543.0,3247.1003013673035,-731.6382713281729,570.2722591408594,1818.7277408591406,1818.7277408591406
2022,3509254,Cajati,-323,219.0,542.0,0.0,546.531964364556,180.9646814861946,527.7296489805052,-323.0,223.53196436455596,-142.0353185138054,204.7296489805052,14.270351019494797,14.270351019494797
2022,3509304,Cajobi,103,87.0,-16.0,0.0,-451.5715543275881,-17.898734034165557,-41.555934525370645,103.0,-348.5715543275881,85.10126596583444,61.444065474629355,25.555934525370645,25.555934525370645
2022,3509403,Cajuru,124,195.0,71.0,0.0,-227.83131612306298,5.899159519527359,66.6305121044141,124.0,-103.83131612306298,129.89915951952736,190.6305121044141,4.369487895585905,4.369487895585905
2022,3509452,Campina do Monte Alegre,44,30.0,-14.0,0.0,-66.30702073406462,11.963909992508718,-34.864488545090644,44.0,-22.307020734064622,55.96390999250872,9.135511454909356,20.864488545090644,20.864488545090644
2022,3509502,Campinas,14996,13169.0,-1827.0,0.0,4589.526515796605,-9147.25678915078,-10930.420328715732,14996.0,19585.526515796606,5848.743210849219,4065.5796712842675,9103.420328715732,9103.420328715732
2022,3509601,Campo Limpo Paulista,121,158.0,37.0,0.0,15.230521422050401,-32.66541005278492,112.9939948154562,121.0,136.2305214220504,88.33458994721508,233.9939948154562,-75.9939948154562,75.9939948154562
2022,3509700,Campos do Jordão,901,341.0,-560.0,0.0,-678.8362917519138,-340.60153333956396,-510.6641501759621,901.0,222.1637082480862,560.398466660436,390.3358498240379,-49.33584982403789,49.33584982403789
2022,3509809,Campos Novos Paulista,-10,-18.0,-8.0,0.0,-78.7818233087001,172.06097492705538,47.23648939032249,-10.0,-88.7818233087001,162.06097492705538,37.23648939032249,-55.23648939032249,55.23648939032249
2022,3509908,Cananéia,43,-3.0,-46.0,0.0,-42.3371974952762,76.14245398163007,15.227215300198484,43.0,0.6628025047237998,119.14245398163007,58.22721530019848,-61.22721530019848,61.22721530019848
2022,3509957,Canas,3,-38.0,-41.0,0.0,-156.00691035844423,117.3876468695924,43.98592626835743,3.0,-153.00691035844423,120.3876468695924,46.98592626835743,-84.98592626835743,84.98592626835743
2022,3510005,Cândido Mota,316,332.0,16.0,0.0,-328.03447350932925,-67.1529407496912,9.270385276770924,316.0,-12.034473509329246,248.8470592503088,325.2703852767709,6.729614723229076,6.729614723229076
2022,3510104,Cândido Rodrigues,94,29.0,-65.0,0.0,-19.000343114723137,-50.44512001471054,-40.647327003495874,94.0,74.99965688527686,43.55487998528946,53.352672996504126,-24.352672996504126,24.352672996504126
2022,3510153,Canitar,-15,18.0,33.0,0.0,478.17413247644356,280.53094161615155,44.51747694685426,-15.0,463.17413247644356,265.53094161615155,29.51747694685426,-11.51747694685426,11.51747694685426
2022,3510203,Capão Bonito,286,440.0,154.0,0.0,22.700261219737683,-76.29371458295697,45.544425760440916,286.0,308.7002612197377,209.70628541704303,331.5444257604409,108.4555742395591,108.4555742395591
2022,3510302,Capela do Alto,526,201.0,-325.0,0.0,47.01271744254848,-151.31090921022212,-215.492507983679,526.0,573.0127174425485,374.6890907897779,310.507492016321,-109.50749201632101,109.50749201632101
2022,3510401,Capivari,408,651.0,243.0,0.0,-279.40062729369123,-186.83375140474288,-228.27009968157085,408.0,128.59937270630877,221.16624859525712,179.72990031842915,471.27009968157085,471.27009968157085
2022,3510500,Caraguatatuba,383,684.0,301.0,0.0,979.3012368094392,-284.8920062376628,299.29783951017276,383.0,1362.3012368094392,98.10799376233717,682.2978395101727,1.7021604898272926,1.7021604898272926
2022,3510609,Carapicuíba,2532,1494.0,-1038.0,0.0,-976.6070621100866,-972.2382161011055,-877.4347962860312,2532.0,1555.3929378899134,1559.7617838988945,1654.565203713969,-160.5652037139689,160.5652037139689
2022,3510708,Cardoso,23,7.0,-16.0,0.0,-217.38001635816505,118.36688292512866,24.93207142643396,23.0,-194.38001635816505,141.36688292512866,47.932071426433964,-40.932071426433964,40.932071426433964
2022,3510807,Casa Branca,44,42.0,-2.0,0.0,-30.58411876583665,56.97569798787623,212.3636315138411,44.0,13.41588123416335,100.97569798787623,256.36363151384114,-214.36363151384114,214.36363151384114
2022,3510906,Cássia dos Coqueiros,36,-9.0,-45.0,0.0,-54.57359134962064,-109.14973878976375,-34.468689220568564,36.0,-18.573591349620642,-73.14973878976375,1.5313107794314362,-10.531310779431436,10.531310779431436
2022,3511003,Castilho,593,-308.0,-901.0,0.0,-675.0860351825747,-178.76536339755728,-220.41190715098756,593.0,-82.08603518257473,414.2346366024427,372.58809284901247,-680.5880928490125,680.5880928490125
2022,3511102,Catanduva,1789,1563.0,-226.0,0.0,-297.1927725377727,-719.3666381370588,273.6565760444301,1789.0,1491.8072274622273,1069.6333618629412,2062.65657604443,-499.65657604443004,499.65657604443004
2022,3511201,Catiguá,-18,53.0,71.0,0.0,-261.1334097633222,167.25527201229528,51.05002501390798,-18.0,-279.1334097633222,149.25527201229528,33.05002501390798,19.949974986092023,19.949974986092023
2022,3511300,Cedral,-65,-545.0,-480.0,0.0,1048.0679813374716,170.173200385371,233.61067281943937,-65.0,983.0679813374716,105.17320038537099,168.61067281943937,-713.6106728194394,713.6106728194394
2022,3511409,Cerqueira César,214,145.0,-69.0,0.0,123.57663130224694,47.76877384001165,12.930793777404627,214.0,337.57663130224694,261.76877384001165,226.93079377740463,-81.93079377740463,81.93079377740463
2022,3511508,Cerquilho,208,484.0,276.0,0.0,-70.23547878454218,-112.94685700332727,-204.19296698365207,208.0,137.76452121545782,95.05314299667273,3.80703301634793,480.19296698365207,480.19296698365207
2022,3511607,Cesário Lange,1776,155.0,-1621.0,0.0,-1409.9798499097144,-841.5827763883351,-860.8636716930391,1776.0,366.0201500902856,934.4172236116649,915.1363283069609,-760.1363283069609,760.1363283069609
2022,3511706,Charqueada,146,143.0,-3.0,0.0,-381.39623691301887,21.885125320770555,15.071641384894804,146.0,-235.39623691301887,167.88512532077056,161.0716413848948,-18.071641384894804,18.071641384894804
2022,3511904,Clementina,41,199.0,158.0,0.0,-673.0374042674109,56.17360509819406,12.169181607582932,41.0,-632.0374042674109,97.17360509819406,53.16918160758293,145.8308183924171,145.8308183924171
2022,3512001,Colina,978,-239.0,-1217.0,0.0,-841.6482808617412,-384.0181053856083,-615.2582737619748,978.0,136.35171913825877,593.9818946143916,362.7417262380252,-601.7417262380252,601.7417262380252
2022,3512100,Colômbia,92,881.0,789.0,0.0,193.91423887206076,120.34211282825879,155.00810349687418,92.0,285.91423887206076,212.3421128282588,247.00810349687418,633.9918965031259,633.9918965031259
2022,3512209,Conchal,-42,-13.0,29.0,0.0,264.64560137889146,149.56788924598675,161.92394939152322,-42.0,222.64560137889146,107.56788924598675,119.92394939152322,-132.92394939152322,132.92394939152322
2022,3512308,Conchas,117,98.0,-19.0,0.0,-472.70582846267087,21.683115834327452,26.812631399463374,117.0,-355.70582846267087,138.68311583432745,143.81263139946338,-45.812631399463385,45.812631399463385
2022,3512407,Cordeirópolis,235,75.0,-160.0,0.0,-152.86772395043712,-142.10962668098898,26.459407441200284,235.0,82.13227604956288,92.89037331901102,261.45940744120026,-186.45940744120026,186.45940744120026
2022,3512506,Coroados,158,29.0,-129.0,0.0,-520.7523602596343,-95.70872744069544,-52.78167502837827,158.0,-362.7523602596343,62.29127255930456,105.21832497162174,-76.21832497162174,76.21832497162174
2022,3512605,Coronel Macedo,91,68.0,-23.0,0.0,-246.04242182062418,-110.1738158192826,-43.192792797405836,91.0,-155.04242182062418,-19.173815819282595,47.807207202594164,20.192792797405836,20.192792797405836
2022,3512704,Corumbataí,33,-30.0,-63.0,0.0,-118.74696158559973,39.4510596788644,11.878774500014766,33.0,-85.74696158559973,72.4510596788644,44.878774500014764,-74.87877450001477,74.87877450001477
2022,3512803,Cosmópolis,471,66.0,-405.0,0.0,-570.2216402512474,-144.53753983609943,-7.647724109819311,471.0,-99.22164025124744,326.4624601639006,463.3522758901807,-397.3522758901807,397.3522758901807
2022,3512902,Cosmorama,-121,153.0,274.0,0.0,545.4361514047266,306.1346412252008,266.7783814356763,-121.0,424.4361514047266,185.13464122520082,145.7783814356763,7.221618564323705,7.221618564323705
2022,3513009,Cotia,2191,3947.0,1756.0,0.0,1508.8614899525633,-1998.554751147252,392.3339651488362,2191.0,3699.8614899525633,192.4452488527479,2583.3339651488363,1363.6660348511637,1363.6660348511637
2022,3513108,Cravinhos,811,62.0,-749.0,0.0,-665.9626818355655,-314.59034304544093,-474.0731742492835,811.0,145.0373181644345,496.40965695455907,336.9268257507165,-274.9268257507165,274.9268257507165
2022,3513207,Cristais Paulista,77,75.0,-2.0,0.0,107.71058294247109,87.48775817954822,11.242752694298725,77.0,184.7105829424711,164.48775817954822,88.24275269429873,-13.24275269429873,13.24275269429873
2022,3513306,Cruzália,5,16.0,11.0,0.0,22.319748373765037,219.50814690179828,26.666267080144493,5.0,27.319748373765037,224.50814690179828,31.666267080144493,-15.666267080144493,15.666267080144493
2022,3513405,Cruzeiro,568,-250.0,-818.0,0.0,-370.2302950829542,-281.2887523832871,-280.6398287349364,568.0,197.76970491704577,286.7112476167129,287.3601712650636,-537.3601712650636,537.3601712650636
2022,3513504,Cubatão,1222,159.0,-1063.0,0.0,-68.34101507217315,-755.2513727685294,-173.07076487070623,1222.0,1153.6589849278269,466.74862723147055,1048.9292351292938,-889.9292351292938,889.9292351292938
2022,3513603,Cunha,228,178.0,-50.0,0.0,-29.120593717238137,-141.53459745642857,-141.20932215501568,228.0,198.87940628276186,86.46540254357143,86.79067784498432,91.20932215501568,91.20932215501568
2022,3513702,Descalvado,477,604.0,127.0,0.0,-334.2425174634602,-147.82466255270543,34.428048245746474,477.0,142.75748253653978,329.17533744729457,511.4280482457465,92.57195175425352,92.57195175425352
2022,3513801,Diadema,2800,1929.0,-871.0,0.0,462.2787058447416,-1704.5414986922588,636.6743714008215,2800.0,3262.2787058447416,1095.4585013077412,3436.6743714008217,-1507.6743714008217,1507.6743714008217
2022,3513850,Dirce Reis,-5,62.0,67.0,0.0,-350.6200422035792,283.45562414734223,43.801324420481876,-5.0,-355.6200422035792,278.45562414734223,38.801324420481876,23.198675579518124,23.198675579518124
2022,3513900,Divinolândia,150,137.0,-13.0,0.0,-126.61441652206017,-76.84744506897857,4.790724893545359,150.0,23.385583477939832,73.15255493102143,154.79072489354536,-17.79072489354536,17.79072489354536
2022,3514007,Dobrada,16,11.0,-5.0,0.0,-41.877760502486296,119.68760516637741,28.107453217781266,16.0,-25.877760502486296,135.6876051663774,44.10745321778127,-33.10745321778127,33.10745321778127
2022,3514106,Dois Córregos,174,240.0,66.0,0.0,-283.97587556963987,44.022874337201245,79.95135737334635,174.0,-109.97587556963987,218.02287433720124,253.95135737334635,-13.951357373346355,13.951357373346355
2022,3514205,Dolcinópolis,-20,-15.0,5.0,0.0,116.33812077963705,269.1446233589938,49.00526802881222,-20.0,96.33812077963705,249.14462335899378,29.005268028812218,-44.00526802881222,44.00526802881222
2022,3514304,Dourado,164,3.0,-161.0,0.0,-516.6018526502953,-46.526589287001,29.52381476734223,164.0,-352.6018526502953,117.473410712999,193.52381476734223,-190.52381476734223,190.52381476734223
2022,3514403,Dracena,1041,1118.0,77.0,0.0,-667.3096215570133,-591.2502556041742,-588.0778280303772,1041.0,373.6903784429867,449.7497443958258,452.9221719696228,665.0778280303772,665.0778280303772
2022,3514502,Duartina,185,-76.0,-261.0,0.0,-77.44338369557323,-4.3871521294992135,-92.56013082920086,185.0,107.55661630442677,180.6128478705008,92.43986917079914,-168.43986917079914,168.43986917079914
2022,3514601,Dumont,125,-81.0,-206.0,0.0,-274.9590827856648,15.668167769975128,-35.652141670521004,125.0,-149.9590827856648,140.66816776997513,89.347858329479,-170.34785832947898,170.34785832947898
2022,3514700,Echaporã,149,102.0,-47.0,0.0,-15.493113664190957,-189.3716537163207,-56.841091018252,149.0,133.50688633580904,-40.37165371632071,92.158908981748,9.841091018252001,9.841091018252001
2022,3514809,Eldorado,200,93.0,-107.0,0.0,-543.4674566098746,-105.41595863974291,-126.27283039880318,200.0,-343.4674566098746,94.58404136025709,73.72716960119682,19.27283039880318,19.27283039880318
2022,3514908,Elias Fausto,472,41.0,-431.0,0.0,-258.6497979772387,36.60666867681863,114.37333858458047,472.0,213.35020202276132,508.60666867681863,586.3733385845804,-545.3733385845804,545.3733385845804
2022,3514924,Elisiário,97,-25.0,-122.0,0.0,-529.7827624556888,-96.10223362789566,-45.79736730620904,97.0,-432.78276245568884,0.8977663721043427,51.20263269379096,-76.20263269379096,76.20263269379096
2022,3514957,Embaúba,23,-16.0,-39.0,0.0,-126.09072049237415,-67.00119340147796,-32.01917369928115,23.0,-103.09072049237415,-44.00119340147796,-9.019173699281147,-6.980826300718853,6.980826300718853
2022,3515004,Embu das Artes,2435,-32.0,-2467.0,0.0,-551.9241542834279,-1265.6789708695903,-344.0810627075682,2435.0,1883.075845716572,1169.3210291304097,2090.918937292432,-2122.918937292432,2122.918937292432
2022,3515103,Embu-Guaçu,255,503.0,248.0,0.0,-61.05618203207524,-6.41632266090528,60.83725007287976,255.0,193.94381796792476,248.58367733909472,315.8372500728798,187.16274992712022,187.16274992712022
2022,3515129,Emilianópolis,-29,-12.0,17.0,0.0,-119.63882756289127,391.12274339214645,52.008443702392185,-29.0,-148.63882756289127,362.12274339214645,23.008443702392185,-35.008443702392185,35.008443702392185
2022,3515152,Engenheiro Coelho,199,-25.0,-224.0,0.0,-343.57295732820296,-2.9231821338179884,-9.111599094088305,199.0,-144.57295732820296,196.076817866182,189.88840090591168,-214.88840090591168,214.88840090591168
2022,3515186,Espírito Santo do Pinhal,749,8.0,-741.0,0.0,-627.0723141092055,-254.64899352240795,-348.0465468191355,749.0,121.92768589079446,494.351006477592,400.9534531808645,-392.9534531808645,392.9534531808645
2022,3515194,Espírito Santo do Turvo,35,119.0,84.0,0.0,-448.9481759884054,27.446697935100588,-6.273276716330356,35.0,-413.9481759884054,62.44669793510059,28.726723283669642,90.27327671633036,90.27327671633036
2022,3515202,Estrela d'Oeste,330,-58.0,-388.0,0.0,35.18023590024035,14.539783470419081,-131.7108559530687,330.0,365.18023590024035,344.5397834704191,198.2891440469313,-256.2891440469313,256.2891440469313
2022,3515301,Estrela do Norte,40,-28.0,-68.0,0.0,-63.48623794862954,-256.9192589896945,-34.912814948482406,40.0,-23.486237948629537,-216.91925898969453,5.087185051517594,-33.087185051517594,33.087185051517594
2022,3515350,Euclides da Cunha Paulista,-70,22.0,92.0,0.0,-279.17496634035774,320.7520697410742,74.77460009528035,-70.0,-349.17496634035774,250.7520697410742,4.7746000952803485,17.22539990471965,17.22539990471965
2022,3515400,Fartura,-18,104.0,122.0,0.0,205.26351204834555,137.6364819514476,79.4883343169221,-18.0,187.26351204834555,119.63648195144759,61.488334316922106,42.511665683077894,42.511665683077894
2022,3515509,Fernandópolis,658,127.0,-531.0,0.0,129.33516984476802,-243.19444154427356,-343.6015156314661,658.0,787.335169844768,414.80555845572644,314.3984843685339,-187.3984843685339,187.3984843685339
2022,3515608,Fernando Prestes,51,104.0,53.0,0.0,25.60435034300184,72.8606318041243,29.094340153271144,51.0,76.60435034300184,123.8606318041243,80.09434015327115,23.905659846728852,23.905659846728852
2022,3515657,Fernão,13,32.0,19.0,0.0,-201.08010123581786,50.1873358645156,9.785966898380542,13.0,-188.08010123581786,63.1873358645156,22.785966898380543,9.214033101619457,9.214033101619457
2022,3515707,Ferraz de Vasconcelos,164,838.0,674.0,0.0,389.4215147116654,-119.35415310628713,-214.04174808195685,164.0,553.4215147116654,44.64584689371287,-50.041748081956854,888.0417480819568,888.0417480819568
2022,3515806,Flora Rica,21,0.0,-21.0,0.0,222.98172932586203,-387.9992103106663,-36.35288940442936,21.0,243.98172932586203,-366.9992103106663,-15.352889404429362,15.352889404429362,15.352889404429362
2022,3515905,Floreal,12,-13.0,-25.0,0.0,-157.90302130874989,57.371091095058375,8.988585781253512,12.0,-145.90302130874989,69.37109109505838,20.988585781253512,-33.98858578125351,33.98858578125351
2022,3516002,Flórida Paulista,228,-48.0,-276.0,0.0,-491.3436901785821,-75.15891352744933,-132.5667058645452,228.0,-263.3436901785821,152.84108647255067,95.43329413545479,-143.4332941354548,143.4332941354548
2022,3516101,Florínea,95,-80.0,-175.0,0.0,722.1719357422621,-206.55371297199545,-44.635807603671005,95.0,817.1719357422621,-111.55371297199545,50.364192396328995,-130.364192396329,130.364192396329
2022,3516200,Franca,5249,207.0,-5042.0,0.0,-636.5304158107452,-2952.544887950261,451.7007675768673,5249.0,4612.469584189254,2296.455112049739,5700.700767576867,-5493.700767576867,5493.700767576867
2022,3516309,Francisco Morato,230,162.0,-68.0,0.0,4.204928594213129,-36.738738368957115,240.96353923725644,230.0,234.20492859421313,193.26126163104288,470.96353923725644,-308.96353923725644,308.96353923725644
2022,3516408,Franco da Rocha,284,597.0,313.0,0.0,287.7266008874734,-100.65470034781887,10.526843548640645,284.0,571.7266008874734,183.34529965218113,294.52684354864067,302.47315645135933,302.47315645135933
2022,3516507,Gabriel Monteiro,-14,-19.0,-5.0,0.0,-6.866042493592261,208.9082101532046,44.558241057571315,-14.0,-20.86604249359226,194.9082101532046,30.558241057571315,-49.558241057571315,49.558241057571315
2022,3516606,Gália,24,-14.0,-38.0,0.0,-16.400149584903886,94.35480832770622,42.221013222189946,24.0,7.599850415096114,118.35480832770622,66.22101322218995,-80.22101322218995,80.22101322218995
2022,3516705,Garça,190,677.0,487.0,0.0,28.985104364391077,-71.03701933751051,104.75768866407573,190.0,218.98510436439108,118.96298066248949,294.7576886640757,382.2423113359243,382.2423113359243
2022,3516804,Gastão Vidigal,25,-38.0,-63.0,0.0,-1138.4386729369999,-40.22743537134636,-28.261895351036646,25.0,-1113.4386729369999,-15.22743537134636,-3.261895351036646,-34.73810464896336,34.73810464896336
2022,3516853,Gavião Peixoto,189,423.0,234.0,0.0,-861.59573279067,-160.68570398925934,-76.81757136665343,189.0,-672.59573279067,28.314296010740662,112.18242863334657,310.8175713666534,310.8175713666534
2022,3516903,General Salgado,63,-15.0,-78.0,0.0,-121.48840957046434,72.10601971762395,26.83371416002455,63.0,-58.48840957046434,135.10601971762395,89.83371416002456,-104.83371416002456,104.83371416002456
2022,3517000,Getulina,98,28.0,-70.0,0.0,-318.66665825633515,2.6602254035799433,7.930906135824207,98.0,-220.66665825633515,100.66022540357994,105.9309061358242,-77.9309061358242,77.9309061358242
2022,3517109,Glicério,-1,32.0,33.0,0.0,-427.6752350073371,150.55261275180032,43.79611291494665,-1.0,-428.6752350073371,149.55261275180032,42.79611291494665,-10.796112914946647,10.796112914946647
2022,3517208,Guaiçara,206,118.0,-88.0,0.0,-378.3520676559693,-82.74933726046481,-132.3810795932237,206.0,-172.35206765596928,123.25066273953519,73.61892040677631,44.38107959322369,44.38107959322369
2022,3517307,Guaimbê,-68,-115.0,-47.0,0.0,-200.80269328401656,267.9455873596938,75.84907051484844,-68.0,-268.8026932840165,199.94558735969377,7.849070514848435,-122.84907051484844,122.84907051484844
2022,3517406,Guaíra,48,-17.0,-65.0,0.0,258.484855049409,-11.786280639933352,41.56302100562678,48.0,306.484855049409,36.21371936006665,89.56302100562678,-106.56302100562678,106.56302100562678
2022,3517505,Guapiaçu,380,82.0,-298.0,0.0,-214.2611748246599,-111.95547811830826,-18.65226846143752,380.0,165.7388251753401,268.0445218816917,361.34773153856247,-279.34773153856247,279.34773153856247
2022,3517604,Guapiara,117,20.0,-97.0,0.0,-2.949972110343424,13.380259047972231,-34.97364716835801,117.0,114.05002788965658,130.38025904797223,82.02635283164199,-62.02635283164199,62.02635283164199
2022,3517703,Guará,216,-55.0,-271.0,0.0,-472.1624523747075,-17.38817271520503,-10.621188068423567,216.0,-256.1624523747075,198.61182728479497,205.37881193157642,-260.3788119315764,260.3788119315764
2022,3517802,Guaraçaí,-43,-12.0,31.0,0.0,-222.5101528116332,174.3763891203592,79.13881010584656,-43.0,-265.5101528116332,131.3763891203592,36.13881010584656,-48.13881010584656,48.13881010584656
2022,3517901,Guaraci,28,254.0,226.0,0.0,-264.494598385886,125.3792813410904,41.374513814570086,28.0,-236.49459838588598,153.3792813410904,69.3745138145701,184.6254861854299,184.6254861854299
2022,3518008,Guarani d'Oeste,29,-26.0,-55.0,0.0,-43.13546418672473,42.016366688468224,4.685705169391877,29.0,-14.135464186724732,71.01636668846822,33.68570516939188,-59.68570516939188,59.68570516939188
2022,3518107,Guarantã,-61,-14.0,47.0,0.0,-31.612681972218923,268.10958377729133,80.4435012713782,-61.0,-92.61268197221892,207.10958377729133,19.443501271378196,-33.443501271378196,33.443501271378196
2022,3518206,Guararapes,195,90.0,-105.0,0.0,-188.31424746090028,48.826138265128066,35.92268295615645,195.0,6.685752539099724,243.82613826512807,230.92268295615645,-140.92268295615645,140.92268295615645
2022,3518305,Guararema,677,119.0,-558.0,0.0,-349.3818433686573,-243.03411200686716,-346.6042914186751,677.0,327.6181566313427,433.9658879931328,330.3957085813249,-211.39570858132493,211.39570858132493
2022,3518404,Guaratinguetá,1080,1383.0,303.0,0.0,-120.33759148830785,-438.5779087240893,-219.49980674159804,1080.0,959.6624085116921,641.4220912759107,860.500193258402,522.499806741598,522.499806741598
2022,3518503,Guareí,59,-48.0,-107.0,0.0,-643.0072040206394,46.291868742920315,33.031636927854315,59.0,-584.0072040206394,105.29186874292031,92.03163692785432,-140.03163692785432,140.03163692785432
2022,3518602,Guariba,831,1277.0,446.0,0.0,-680.3804568635386,-306.7281354187118,-403.2768327478783,831.0,150.6195431364614,524.2718645812881,427.7231672521217,849.2768327478783,849.2768327478783
2022,3518701,Guarujá,1099,1483.0,384.0,0.0,280.6966602688474,-706.1152045690726,607.5791271151335,1099.0,1379.6966602688474,392.8847954309274,1706.5791271151334,-223.57912711513336,223.57912711513336
2022,3518800,Guarulhos,18964,13836.0,-5128.0,0.0,-2595.283823795382,-8629.933256326489,-14394.473287012986,18964.0,16368.716176204618,10334.066743673511,4569.5267129870135,9266.473287012986,9266.473287012986
2022,3518859,Guatapará,92,69.0,-23.0,0.0,-208.6312989175554,-25.596763144457952,-26.061152970205843,92.0,-116.6312989175554,66.40323685554205,65.93884702979416,3.061152970205839,3.061152970205839
2022,3518909,Guzolândia,-25,7.0,32.0,0.0,-564.3575507633236,238.0357987003411,49.91498581597873,-25.0,-589.3575507633236,213.0357987003411,24.91498581597873,-17.91498581597873,17.91498581597873
2022,3519006,Herculândia,103,19.0,-84.0,0.0,-230.0554191908043,13.254690343451216,-29.140495725893434,103.0,-127.05541919080429,116.25469034345122,73.85950427410657,-54.85950427410657,54.85950427410657
2022,3519055,Holambra,1767,225.0,-1542.0,0.0,-1449.507732163681,-800.0310695077377,-793.8980790108726,1767.0,317.4922678363189,966.9689304922623,973.1019209891274,-748.1019209891274,748.1019209891274
2022,3519071,Hortolândia,2448,1499.0,-949.0,0.0,137.39573502039082,-1170.752731923767,109.53377221291787,2448.0,2585.395735020391,1277.247268076233,2557.533772212918,-1058.533772212918,1058.533772212918
2022,3519105,Iacanga,-83,66.0,149.0,0.0,-353.31022832259714,237.28218150588071,206.51749944450924,-83.0,-436.31022832259714,154.28218150588071,123.51749944450924,-57.51749944450924,57.51749944450924
2022,3519204,Iacri,9,-19.0,-28.0,0.0,-112.05881392588219,94.79346967111837,46.42616905392366,9.0,-103.05881392588219,103.79346967111837,55.42616905392366,-74.42616905392366,74.42616905392366
2022,3519253,Iaras,0,240.0,240.0,0.0,-496.9070077053617,125.59484691883858,46.193091472024065,0.0,-496.9070077053617,125.59484691883858,46.193091472024065,193.80690852797593,193.80690852797593
2022,3519303,Ibaté,536,429.0,-107.0,0.0,-531.6543443723239,-161.98893657197306,-204.14250717661514,536.0,4.3456556276761376,374.01106342802694,331.85749282338486,97.14250717661514,97.14250717661514
2022,3519402,Ibirá,69,41.0,-28.0,0.0,-175.46658682321555,56.08317215711122,66.68047628148932,69.0,-106.46658682321555,125.08317215711122,135.68047628148932,-94.68047628148932,94.68047628148932
2022,3519501,Ibirarema,49,109.0,60.0,0.0,-633.5906461209586,92.92045318317486,36.15019785114942,49.0,-584.5906461209586,141.92045318317486,85.15019785114941,23.849802148850586,23.849802148850586
2022,3519600,Ibitinga,224,496.0,272.0,0.0,494.2510936144521,-141.61968805226562,-248.50928592405663,224.0,718.2510936144521,82.38031194773438,-24.509285924056627,520.5092859240566,520.5092859240566
2022,3519709,Ibiúna,1068,824.0,-244.0,0.0,-684.5525407971325,-461.75471871791785,-641.0145635440077,1068.0,383.44745920286755,606.2452812820821,426.98543645599227,397.01456354400773,397.01456354400773
2022,3519808,Icém,24,185.0,161.0,0.0,-161.4467513565572,110.33158444930723,41.85672058290588,24.0,-137.4467513565572,134.33158444930723,65.85672058290588,119.14327941709412,119.14327941709412
2022,3519907,Iepê,40,45.0,5.0,0.0,-300.29439845092526,34.53931616257614,4.920584604629194,40.0,-260.29439845092526,74.53931616257614,44.92058460462919,0.079415395370809,0.079415395370809
2022,3520004,Igaraçu do Tietê,-45,136.0,181.0,0.0,-32.90032200895939,183.38734559345636,98.43053859248124,-45.0,-77.90032200895939,138.38734559345636,53.43053859248124,82.56946140751876,82.56946140751876
2022,3520103,Igarapava,166,153.0,-13.0,0.0,-400.4538300390847,31.166420863347412,275.3858590422192,166.0,-234.45383003908472,197.1664208633474,441.3858590422192,-288.3858590422192,288.3858590422192
2022,3520202,Igaratá,69,71.0,2.0,0.0,284.50691431875623,104.82246448310786,9.01634663541102,69.0,353.50691431875623,173.82246448310786,78.01634663541103,-7.0163466354110255,7.0163466354110255
2022,3520301,Iguape,218,89.0,-129.0,0.0,-318.28874226201964,6.250436044599724,-45.89903602425511,218.0,-100.28874226201964,224.25043604459972,172.1009639757449,-83.10096397574489,83.10096397574489
2022,3520400,Ilhabela,177,200.0,23.0,0.0,-596.3585072473294,-231.35719617149073,71.00529596292576,177.0,-419.3585072473294,-54.35719617149073,248.00529596292574,-48.00529596292574,48.00529596292574
2022,3520426,Ilha Comprida,-104,137.0,241.0,0.0,482.89184203300135,343.6706747451762,310.2587984333322,-104.0,378.89184203300135,239.6706747451762,206.25879843333217,-69.25879843333217,69.25879843333217
2022,3520442,Ilha Solteira,159,-152.0,-311.0,0.0,-108.23255217142048,28.34505832486093,31.746306424946347,159.0,50.76744782857952,187.34505832486093,190.74630642494634,-342.74630642494634,342.74630642494634
2022,3520509,Indaiatuba,5531,3752.0,-1779.0,0.0,-1102.414727155565,-2905.555168054275,-2217.85358864469,5531.0,4428.585272844435,2625.444831945725,3313.14641135531,438.8535886446898,438.8535886446898
2022,3520608,Indiana,32,4.0,-28.0,0.0,100.82080273842183,54.11698517353932,6.547748654765905,32.0,132.82080273842183,86.11698517353932,38.547748654765904,-34.547748654765904,34.547748654765904
2022,3520707,Indiaporã,9,-29.0,-38.0,0.0,83.46793246982412,117.17180164154144,24.220052222226723,9.0,92.46793246982412,126.17180164154144,33.22005222222673,-62.22005222222673,62.22005222222673
2022,3520806,Inúbia Paulista,22,6.0,-16.0,0.0,-353.65316044294616,93.66667567431227,11.986273304015167,22.0,-331.65316044294616,115.66667567431227,33.98627330401517,-27.98627330401517,27.98627330401517
2022,3520905,Ipaussu,88,-5.0,-93.0,0.0,-279.09073988439155,71.30879570153502,28.407084581673445,88.0,-191.09073988439155,159.30879570153502,116.40708458167344,-121.40708458167344,121.40708458167344
2022,3521002,Iperó,421,505.0,84.0,0.0,-264.96048885121445,-143.83356123973226,-135.3439462712617,421.0,156.03951114878555,277.16643876026774,285.6560537287383,219.3439462712617,219.3439462712617
2022,3521101,Ipeúna,12,-41.0,-53.0,0.0,-615.3135591165935,83.20566235283042,78.32126568979488,12.0,-603.3135591165935,95.20566235283042,90.32126568979488,-131.32126568979487,131.32126568979487
2022,3521150,Ipiguá,53,84.0,31.0,0.0,501.78740783161595,106.58685246342151,28.890683648473104,53.0,554.787407831616,159.5868524634215,81.8906836484731,2.1093163515269,2.1093163515269
2022,3521200,Iporanga,-10,11.0,21.0,0.0,-46.1410016188002,199.68270097542523,43.196158323462036,-10.0,-56.1410016188002,189.68270097542523,33.196158323462036,-22.196158323462036,22.196158323462036
2022,3521309,Ipuã,104,-9.0,-113.0,0.0,-408.30834624009265,60.109329871704404,31.503085625492417,104.0,-304.30834624009265,164.1093298717044,135.50308562549242,-144.50308562549242,144.50308562549242
2022,3521408,Iracemápolis,47,413.0,366.0,0.0,-224.94389335182905,49.60245340420107,277.47027568694483,47.0,-177.94389335182905,96.60245340420107,324.47027568694483,88.52972431305517,88.52972431305517
2022,3521507,Irapuã,23,49.0,26.0,0.0,-433.4926008090502,91.79494985347611,26.541964328313036,23.0,-410.4926008090502,114.79494985347611,49.541964328313036,-0.5419643283130355,0.5419643283130355
2022,3521606,Irapuru,75,12.0,-63.0,0.0,-962.6171195844311,-275.0858156470622,-38.24244508655774,75.0,-887.6171195844311,-200.0858156470622,36.75755491344226,-24.757554913442263,24.757554913442263
2022,3521705,Itaberá,144,114.0,-30.0,0.0,-11.632468544704182,22.765525289022833,27.370435964042322,144.0,132.36753145529582,166.76552528902283,171.37043596404231,-57.370435964042315,57.370435964042315
2022,3521804,Itaí,343,-361.0,-704.0,0.0,-362.1533586091944,-92.54743408933689,-16.78394613066176,343.0,-19.153358609194413,250.4525659106631,326.2160538693382,-687.2160538693382,687.2160538693382
2022,3521903,Itajobi,-83,182.0,265.0,0.0,417.4237777064875,176.11095654949662,212.84601087261012,-83.0,334.4237777064875,93.11095654949662,129.84601087261012,52.15398912738988,52.15398912738988
2022,3522000,Itaju,19,70.0,51.0,0.0,-402.8160339682274,158.39523267824967,25.040066213009716,19.0,-383.8160339682274,177.39523267824967,44.040066213009716,25.959933786990284,25.959933786990284
2022,3522109,Itanhaém,502,514.0,12.0,0.0,158.23871466337624,-181.96132597148815,-143.70061701126465,502.0,660.2387146633762,320.0386740285119,358.2993829887354,155.70061701126463,155.70061701126463
2022,3522158,Itaoca,9,0.0,-9.0,0.0,81.70071804106044,44.18389989660352,-20.210810059423473,9.0,90.70071804106044,53.18389989660352,-11.210810059423473,11.210810059423473,11.210810059423473
2022,3522208,Itapecerica da Serra,470,1126.0,656.0,0.0,375.2368792673924,-311.713362917739,351.6008560904914,470.0,845.2368792673924,158.286637082261,821.6008560904913,304.39914390950867,304.39914390950867
2022,3522307,Itapetininga,1848,835.0,-1013.0,0.0,-200.79034196049525,-907.0634060818752,385.05311261516323,1848.0,1647.2096580395048,940.9365939181248,2233.053112615163,-1398.0531126151632,1398.0531126151632
2022,3522406,Itapeva,804,-36.0,-840.0,0.0,-105.67889422979746,-368.473378532078,-337.5693900725987,804.0,698.3211057702025,435.526621467922,466.4306099274013,-502.4306099274013,502.4306099274013
2022,3522505,Itapevi,879,-306.0,-1185.0,0.0,911.0595432616856,-704.4345446550244,713.9907873162474,879.0,1790.0595432616856,174.5654553449756,1592.9907873162474,-1898.9907873162474,1898.9907873162474
2022,3522604,Itapira,440,281.0,-159.0,0.0,338.87107130331015,-281.15778801129636,-150.4192946007923,440.0,778.8710713033101,158.84221198870364,289.58070539920766,-8.580705399207659,8.580705399207659
2022,3522653,Itapirapuã Paulista,60,-57.0,-117.0,0.0,35.64144186555109,-3.240627249876013,-35.84263294742064,60.0,95.64144186555109,56.75937275012399,24.15736705257936,-81.15736705257936,81.15736705257936
2022,3522703,Itápolis,-179,621.0,800.0,0.0,294.4559081032271,96.06112170688897,471.2091469894115,-179.0,115.4559081032271,-82.93887829311103,292.2091469894115,328.7908530105885,328.7908530105885
2022,3522802,Itaporanga,42,50.0,8.0,0.0,-162.3579579975043,120.74694728610075,30.445345737929998,42.0,-120.35795799750429,162.74694728610075,72.44534573793,-22.445345737929998,22.445345737929998
2022,3522901,Itapuí,200,66.0,-134.0,0.0,-256.61314745421055,27.846988679638457,17.60911576299089,200.0,-56.61314745421055,227.84698867963846,217.60911576299088,-151.60911576299088,151.60911576299088
2022,3523008,Itapura,79,1.0,-78.0,0.0,-756.2897154735467,12.077749654749766,-37.63171492228619,79.0,-677.2897154735467,91.07774965474977,41.36828507771381,-40.36828507771381,40.36828507771381
2022,3523107,Itaquaquecetuba,1991,2829.0,838.0,0.0,328.3142308742756,-1083.7165164514406,467.9218851148854,1991.0,2319.3142308742754,907.2834835485594,2458.9218851148853,370.0781148851147,370.0781148851147
2022,3523206,Itararé,292,269.0,-23.0,0.0,-354.55156674832983,-80.89967193757872,48.590747312705176,292.0,-62.55156674832983,211.10032806242128,340.59074731270516,-71.59074731270516,71.59074731270516
2022,3523305,Itariri,-16,49.0,65.0,0.0,-238.7266097501797,81.84813837800431,53.09486625071261,-16.0,-254.7266097501797,65.84813837800431,37.09486625071261,11.905133749287387,11.905133749287387
2022,3523404,Itatiba,2043,684.0,-1359.0,0.0,-413.68744309940945,-814.3334457065575,-115.279979027684,2043.0,1629.3125569005906,1228.6665542934425,1927.720020972316,-1243.720020972316,1243.720020972316
2022,3523503,Itatinga,248,-197.0,-445.0,0.0,-331.79626562493684,-30.19794855752474,-37.969406775553686,248.0,-83.79626562493684,217.80205144247526,210.0305932244463,-407.0305932244463,407.0305932244463
2022,3523602,Itirapina,-345,486.0,831.0,0.0,19.884841441496803,211.95141765297132,827.5948155349151,-345.0,-325.1151585585032,-133.04858234702868,482.59481553491514,3.405184465084858,3.405184465084858
2022,3523701,Itirapuã,76,40.0,-36.0,0.0,-398.0888771282073,29.22047201297198,-21.863702556126523,76.0,-322.0888771282073,105.22047201297198,54.136297443873474,-14.136297443873474,14.136297443873474
2022,3523800,Itobi,156,-145.0,-301.0,0.0,-5.093868367619393,-29.80440864057033,-54.196327761510645,156.0,150.9061316323806,126.19559135942967,101.80367223848936,-246.80367223848936,246.80367223848936
2022,3523909,Itu,1625,318.0,-1307.0,0.0,801.2303365201051,-1005.8489460087897,393.94096305648407,1625.0,2426.230336520105,619.1510539912103,2018.9409630564842,-1700.9409630564842,1700.9409630564842
2022,3524006,Itupeva,1924,1133.0,-791.0,0.0,-198.5036633535119,-703.4333867899147,-34.67565356993466,1924.0,1725.496336646488,1220.5666132100853,1889.3243464300654,-756.3243464300654,756.3243464300654
2022,3524105,Ituverava,258,29.0,-229.0,0.0,-320.28720272523066,-46.60401328691705,163.5758706728838,258.0,-62.28720272523066,211.39598671308295,421.5758706728838,-392.5758706728838,392.5758706728838
2022,3524204,Jaborandi,13,35.0,22.0,0.0,-293.29018460309203,123.3318366778824,42.08543375817697,13.0,-280.29018460309203,136.3318366778824,55.08543375817697,-20.08543375817697,20.08543375817697
2022,3524303,Jaboticabal,262,701.0,439.0,0.0,328.1254352218126,-104.98037819003119,96.8808351368974,262.0,590.1254352218126,157.0196218099688,358.8808351368974,342.1191648631026,342.1191648631026
2022,3524402,Jacareí,2081,871.0,-1210.0,0.0,724.6429839993248,-1175.9992100565069,380.8641471834683,2081.0,2805.6429839993248,905.0007899434931,2461.864147183468,-1590.864147183468,1590.864147183468
2022,3524501,Jaci,114,222.0,108.0,0.0,-91.13372640014938,38.09477381619757,27.27017736004332,114.0,22.866273599850615,152.09477381619757,141.2701773600433,80.7298226399567,80.7298226399567
2022,3524600,Jacupiranga,39,237.0,198.0,0.0,-224.6126527567526,93.83838915910184,65.05512909300786,39.0,-185.6126527567526,132.83838915910184,104.05512909300786,132.94487090699215,132.94487090699215
2022,3524709,Jaguariúna,1089,1583.0,494.0,0.0,49.01016807856075,-870.9702197617187,612.4354913646769,1089.0,1138.0101680785608,218.02978023828132,1701.4354913646769,-118.43549136467686,118.43549136467686
2022,3524808,Jales,301,278.0,-23.0,0.0,75.08439878664689,-41.82316793429925,300.0048588967467,301.0,376.0843987866469,259.17683206570075,601.0048588967468,-323.0048588967468,323.0048588967468
2022,3524907,Jambeiro,-101,-99.0,2.0,0.0,22.979911991954395,112.07554877878363,395.98072072863494,-101.0,-78.0200880080456,11.075548778783627,294.98072072863494,-393.98072072863494,393.98072072863494
2022,3525003,Jandira,592,573.0,-19.0,0.0,96.87636570722856,-267.17914427843135,-170.6336257983128,592.0,688.8763657072286,324.82085572156865,421.3663742016872,151.63362579831278,151.63362579831278
2022,3525102,Jardinópolis,215,187.0,-28.0,0.0,184.40242317468608,-25.413899709558393,178.30347912462392,215.0,399.4024231746861,189.5861002904416,393.3034791246239,-206.3034791246239,206.3034791246239
2022,3525201,Jarinu,314,333.0,19.0,0.0,374.09948826952575,-103.36914136791682,66.88803808593454,314.0,688.0994882695258,210.63085863208318,380.88803808593457,-47.88803808593457,47.88803808593457
2022,3525300,Jaú,1179,484.0,-695.0,0.0,-69.89251608980169,-757.7877309939724,495.7518860896958,1179.0,1109.1074839101984,421.21226900602755,1674.7518860896957,-1190.7518860896957,1190.7518860896957
2022,3525409,Jeriquara,38,-12.0,-50.0,0.0,304.08234372029756,51.261952750830915,12.973327152199914,38.0,342.08234372029756,89.26195275083091,50.973327152199914,-62.973327152199914,62.973327152199914
2022,3525508,Joanópolis,52,23.0,-29.0,0.0,-79.80285058702157,80.22640361571626,61.488666536349264,52.0,-27.802850587021567,132.22640361571626,113.48866653634926,-90.48866653634926,90.48866653634926
2022,3525607,João Ramalho,-38,15.0,53.0,0.0,-101.4352454280473,226.18159971130132,63.97649739866035,-38.0,-139.4352454280473,188.18159971130132,25.97649739866035,-10.97649739866035,10.97649739866035
2022,3525706,José Bonifácio,244,505.0,261.0,0.0,84.58292520412346,7.720480085878819,298.6749702611871,244.0,328.58292520412346,251.72048008587882,542.6749702611871,-37.67497026118713,37.67497026118713
2022,3525805,Júlio Mesquita,10,-22.0,-32.0,0.0,-304.786615018255,74.40749968169473,6.358303494012158,10.0,-294.786615018255,84.40749968169473,16.35830349401216,-38.35830349401216,38.35830349401216
2022,3525854,Jumirim,-6,52.0,58.0,0.0,-423.97837177301324,143.4656196569024,47.039081289488166,-6.0,-429.97837177301324,137.4656196569024,41.039081289488166,10.960918710511834,10.960918710511834
2022,3525904,Jundiaí,7348,2332.0,-5016.0,0.0,3037.294543572295,-4343.6721732583765,-1018.9459673160173,7348.0,10385.294543572294,3004.3278267416235,6329.054032683983,-3997.0540326839828,3997.0540326839828
2022,3526001,Junqueirópolis,325,124.0,-201.0,0.0,-259.3965158944374,-83.44669330753487,-134.81301467936768,325.0,65.60348410556259,241.55330669246513,190.18698532063232,-66.18698532063232,66.18698532063232
2022,3526100,Juquiá,19,93.0,74.0,0.0,-154.34620912875727,113.3720479466462,45.74213916964079,19.0,-135.34620912875727,132.3720479466462,64.74213916964078,28.25786083035922,28.25786083035922
2022,3526209,Juquitiba,-45,-142.0,-97.0,0.0,-224.53949387166622,134.50960421134772,106.74582092670147,-45.0,-269.5394938716662,89.50960421134772,61.74582092670147,-203.74582092670147,203.74582092670147
2022,3526308,Lagoinha,28,24.0,-4.0,0.0,127.31753255355778,9.199115529257938,-32.106820755529526,28.0,155.31753255355778,37.19911552925794,-4.106820755529526,28.106820755529526,28.106820755529526
2022,3526407,Laranjal Paulista,-12,259.0,271.0,0.0,155.67004845108767,59.04988115017056,261.5446401743624,-12.0,143.67004845108767,47.04988115017056,249.54464017436243,9.455359825637572,9.455359825637572
2022,3526506,Lavínia,-1,12.0,13.0,0.0,-644.3195150166623,121.19362069658479,43.45144690241393,-1.0,-645.3195150166623,120.19362069658479,42.45144690241393,-30.451446902413927,30.451446902413927
2022,3526605,Lavrinhas,-2,36.0,38.0,0.0,-29.659919848060156,176.11013723877915,42.922840354794886,-2.0,-31.659919848060156,174.11013723877915,40.922840354794886,-4.922840354794886,4.922840354794886
2022,3526704,Leme,1058,304.0,-754.0,0.0,-265.058613667062,-506.4110824646567,-196.1483036966698,1058.0,792.941386332938,551.5889175353433,861.8516963033302,-557.8516963033302,557.8516963033302
2022,3526803,Lençóis Paulista,2640,4160.0,1520.0,0.0,-1280.5691024296439,-705.2033036125558,-1072.8742389552638,2640.0,1359.4308975703561,1934.7966963874442,1567.1257610447362,2592.8742389552635,2592.8742389552635
2022,3526902,Limeira,4818,1434.0,-3384.0,0.0,-906.7968486737119,-2349.9659779240806,96.94630163170147,4818.0,3911.203151326288,2468.0340220759194,4914.946301631701,-3480.9463016317013,3480.9463016317013
2022,3527009,Lindóia,59,154.0,95.0,0.0,-504.32185038571004,102.98967550466398,26.614057940477256,59.0,-445.32185038571004,161.98967550466398,85.61405794047725,68.38594205952275,68.38594205952275
2022,3527108,Lins,92,1374.0,1282.0,0.0,723.2539658087301,-136.51700886461944,-128.63662848572963,92.0,815.2539658087301,-44.51700886461944,-36.63662848572963,1410.6366284857297,1410.6366284857297
2022,3527207,Lorena,1040,727.0,-313.0,0.0,-575.6913284399952,-451.588042102334,-612.8027778933781,1040.0,464.30867156000477,588.4119578976661,427.1972221066219,299.8027778933781,299.8027778933781
2022,3527256,Lourdes,3,11.0,8.0,0.0,-425.4063748805402,49.48246389234049,9.294416456468904,3.0,-422.4063748805402,52.48246389234049,12.294416456468904,-1.2944164564689036,1.2944164564689036
2022,3527306,Louveira,-465,686.0,1151.0,0.0,1203.2081350378844,214.24058880219087,1290.1189472480373,-465.0,738.2081350378844,-250.75941119780913,825.1189472480373,-139.11894724803733,139.11894724803733
2022,3527405,Lucélia,-2572,-1263.0,1309.0,0.0,2946.3822986523155,879.7780620620506,1168.8311606492798,-2572.0,374.3822986523155,-1692.2219379379494,-1403.1688393507202,140.1688393507202,140.1688393507202
2022,3527504,Lucianópolis,263,-40.0,-303.0,0.0,-251.34108552243418,-193.26240511798736,-156.00868442871968,263.0,11.658914477565816,69.73759488201264,106.99131557128032,-146.99131557128032,146.99131557128032
2022,3527603,Luís Antônio,631,688.0,57.0,0.0,-1257.173549761259,-195.50630537202326,-174.01296301614929,631.0,-626.173549761259,435.49369462797677,456.9870369838507,231.01296301614929,231.01296301614929
2022,3527702,Luiziânia,5,19.0,14.0,0.0,-585.2783628332338,103.0914721530882,41.790725245228266,5.0,-580.2783628332338,108.0914721530882,46.790725245228266,-27.790725245228266,27.790725245228266
2022,3527801,Lupércio,-15,18.0,33.0,0.0,-341.29622147936306,175.59156015531568,43.917115727554624,-15.0,-356.29622147936306,160.59156015531568,28.917115727554624,-10.917115727554624,10.917115727554624
2022,3527900,Lutécia,-16,6.0,22.0,0.0,-1.843253413265586,239.29986962220067,50.10795162829875,-16.0,-17.843253413265586,223.29986962220067,34.10795162829875,-28.10795162829875,28.10795162829875
2022,3528007,Macatuba,42,-15.0,-57.0,0.0,-8.064808897597175,70.75830232009275,74.85827741776166,42.0,33.935191102402825,112.75830232009275,116.85827741776166,-131.85827741776166,131.85827741776166
2022,3528106,Macaubal,51,-15.0,-66.0,0.0,-220.49669772234154,88.71540675001586,27.46221772736837,51.0,-169.49669772234154,139.71540675001586,78.46221772736837,-93.46221772736837,93.46221772736837
2022,3528205,Macedônia,30,-31.0,-61.0,0.0,144.78709845808464,15.6452346124384,-27.481841736060336,30.0,174.78709845808464,45.6452346124384,2.5181582639396645,-33.51815826393967,33.51815826393967
2022,3528304,Magda,-30,24.0,54.0,0.0,85.57119524787362,280.18282211328614,54.2211558241842,-30.0,55.57119524787362,250.18282211328614,24.2211558241842,-0.22115582418420132,0.22115582418420132
2022,3528403,Mairinque,299,-105.0,-404.0,0.0,199.99603649791436,-178.23712410863465,-292.2884610719902,299.0,498.99603649791436,120.76287589136535,6.711538928009816,-111.71153892800982,111.71153892800982
2022,3528502,Mairiporã,472,444.0,-28.0,0.0,-122.03663849227877,-277.31437295723174,-424.48574069812514,472.0,349.96336150772123,194.68562704276826,47.51425930187486,396.48574069812514,396.48574069812514
2022,3528601,Manduri,84,-53.0,-137.0,0.0,-46.98008782147872,55.76185811611509,27.343630415304354,84.0,37.01991217852128,139.7618581161151,111.34363041530435,-164.34363041530435,164.34363041530435
2022,3528700,Marabá Paulista,2,-46.0,-48.0,0.0,-690.1667052483872,78.7610436427446,42.902657369758764,2.0,-688.1667052483872,80.7610436427446,44.902657369758764,-90.90265736975877,90.90265736975877
2022,3528809,Maracaí,65,123.0,58.0,0.0,-391.60602169462993,224.64884288740114,27.668568932593267,65.0,-326.60602169462993,289.64884288740114,92.66856893259327,30.331431067406726,30.331431067406726
2022,3528858,Marapoama,30,266.0,236.0,0.0,131.94473152726306,109.44840349231731,64.2171221698028,30.0,161.94473152726306,139.4484034923173,94.2171221698028,171.7828778301972,171.7828778301972
2022,3528908,Mariápolis,0,14.0,14.0,0.0,-360.5660235119098,111.0191315976108,42.80665736975877,0.0,-360.5660235119098,111.0191315976108,42.80665736975877,-28.806657369758767,28.806657369758767
2022,3529005,Marília,355,1797.0,1442.0,0.0,2476.967152353469,-880.9767748954405,211.60975170069926,355.0,2831.967152353469,-525.9767748954405,566.6097517006992,1230.3902482993008,1230.3902482993008
2022,3529104,Marinópolis,3,7.0,4.0,0.0,-307.24817760420626,71.50818922007409,11.502786298405665,3.0,-304.24817760420626,74.50818922007409,14.502786298405665,-7.502786298405665,7.502786298405665
2022,3529203,Martinópolis,-28,142.0,170.0,0.0,-74.48422249366507,138.6013854567405,76.93920071658788,-28.0,-102.48422249366507,110.6013854567405,48.93920071658788,93.06079928341212,93.06079928341212
2022,3529302,Matão,1402,2638.0,1236.0,0.0,-48.80684236212193,-495.862009061109,540.3636357286275,1402.0,1353.1931576378781,906.137990938891,1942.3636357286275,695.6363642713725,695.6363642713725
2022,3529401,Mauá,2647,3709.0,1062.0,0.0,326.5462730690109,-1655.3854331849532,569.4741939005439,2647.0,2973.546273069011,991.6145668150468,3216.474193900544,492.5258060994561,492.5258060994561
2022,3529500,Mendonça,187,188.0,1.0,0.0,98.05632046323439,61.59571217552008,2.812418101373686,187.0,285.0563204632344,248.59571217552008,189.81241810137368,-1.8124181013736802,1.8124181013736802
2022,3529609,Meridiano,69,78.0,9.0,0.0,171.6810090569511,46.90150080195065,11.837753066417246,69.0,240.6810090569511,115.90150080195065,80.83775306641725,-2.8377530664172497,2.8377530664172497
2022,3529658,Mesópolis,15,1.0,-14.0,0.0,-5.383105236898359,-99.39861411711342,-31.768732402975335,15.0,9.61689476310164,-84.39861411711342,-16.768732402975335,17.768732402975335,17.768732402975335
2022,3529708,Miguelópolis,206,311.0,105.0,0.0,-506.0548713873678,-42.15512843557525,-4.334729417616641,206.0,-300.0548713873678,163.84487156442475,201.66527058238336,109.33472941761664,109.33472941761664
2022,3529807,Mineiros do Tietê,118,13.0,-105.0,0.0,-439.0927126581056,-15.384808736575337,-39.40008763489141,118.0,-321.0927126581056,102.61519126342466,78.5999123651086,-65.5999123651086,65.5999123651086
2022,3529906,Miracatu,68,36.0,-32.0,0.0,-111.91822527911597,50.94661753285453,28.101323979876224,68.0,-43.91822527911597,118.94661753285453,96.10132397987623,-60.10132397987623,60.10132397987623
2022,3530003,Mira Estrela,59,-18.0,-77.0,0.0,-24.479180447371903,-197.23387605207012,-35.76530863984071,59.0,34.5208195526281,-138.23387605207012,23.23469136015929,-41.23469136015929,41.23469136015929
2022,3530102,Mirandópolis,247,75.0,-172.0,0.0,-255.4855924446336,-45.1790614646614,-115.76475163975984,247.0,-8.485592444633596,201.8209385353386,131.23524836024018,-56.23524836024018,56.23524836024018
2022,3530201,Mirante do Paranapanema,-74,191.0,265.0,0.0,-251.10487838850253,209.3880991759532,87.80718912718709,-74.0,-325.1048783885025,135.3880991759532,13.807189127187087,177.1928108728129,177.1928108728129
2022,3530300,Mirassol,327,364.0,37.0,0.0,504.40438309461433,-151.9047565312965,-341.0574560328783,327.0,831.4043830946143,175.0952434687035,-14.057456032878292,378.0574560328783,378.0574560328783
2022,3530409,Mirassolândia,0,17.0,17.0,0.0,-191.79651879109755,85.96208830463797,56.98921357621784,0.0,-191.79651879109755,85.96208830463797,56.98921357621784,-39.98921357621784,39.98921357621784
2022,3530508,Mococa,1035,547.0,-488.0,0.0,-480.2186278911975,-413.62876596223174,-554.9915672569106,1035.0,554.7813721088025,621.3712340377683,480.00843274308943,66.99156725691057,66.99156725691057
2022,3530607,Mogi das Cruzes,7273,4686.0,-2587.0,0.0,-2070.0654702605357,-3082.1403160992413,-2447.1779467254964,7273.0,5202.934529739465,4190.859683900759,4825.822053274504,-139.82205327450356,139.82205327450356
2022,3530706,Mogi Guaçu,1889,1558.0,-331.0,0.0,191.823662396023,-1059.7261093182015,483.03013221510344,1889.0,2080.823662396023,829.2738906817985,2372.0301322151035,-814.0301322151035,814.0301322151035
2022,3530805,Mogi Mirim,1012,948.0,-64.0,0.0,193.45770370853654,-490.3782339047235,736.1080325179681,1012.0,1205.4577037085364,521.6217660952765,1748.1080325179682,-800.1080325179682,800.1080325179682
2022,3530904,Mombuca,69,1.0,-68.0,0.0,90.41329566851908,49.095848082185455,-24.329720774982132,69.0,159.41329566851908,118.09584808218546,44.670279225017865,-43.670279225017865,43.670279225017865
2022,3531001,Monções,-29,-36.0,-7.0,0.0,-390.97410963271375,334.13574371184603,57.05814404330215,-29.0,-419.97410963271375,305.13574371184603,28.05814404330215,-64.05814404330215,64.05814404330215
2022,3531100,Mongaguá,431,577.0,146.0,0.0,23.80338744614204,-122.0139257798669,-23.491156196815076,431.0,454.80338744614204,308.9860742201331,407.5088438031849,169.4911561968151,169.4911561968151
2022,3531209,Monte Alegre do Sul,132,-9.0,-141.0,0.0,53.731564499298884,-20.59180147394693,-50.111135377880885,132.0,185.73156449929888,111.40819852605307,81.88886462211912,-90.88886462211912,90.88886462211912
2022,3531308,Monte Alto,777,254.0,-523.0,0.0,-462.8490787809429,-218.49175399463854,-377.14289764800975,777.0,314.1509212190571,558.5082460053615,399.85710235199025,-145.85710235199025,145.85710235199025
2022,3531407,Monte Aprazível,-8,346.0,354.0,0.0,-166.46831046302074,144.1767619385169,67.36114657352257,-8.0,-174.46831046302074,136.1767619385169,59.361146573522575,286.63885342647745,286.63885342647745
2022,3531506,Monte Azul Paulista,-466,618.0,1084.0,0.0,568.8126630408326,328.1176079779587,1139.555354877953,-466.0,102.8126630408326,-137.8823920220413,673.555354877953,-55.55535487795305,55.55535487795305
2022,3531605,Monte Castelo,13,22.0,9.0,0.0,16.99650289980741,116.68349494484221,42.58980119137232,13.0,29.99650289980741,129.6834949448422,55.58980119137232,-33.58980119137232,33.58980119137232
2022,3531704,Monteiro Lobato,45,6.0,-39.0,0.0,-361.23898566927227,-12.502858529429261,-33.6855837733154,45.0,-316.23898566927227,32.49714147057074,11.3144162266846,-5.3144162266846,5.3144162266846
2022,3531803,Monte Mor,675,575.0,-100.0,0.0,143.72455323529636,-387.8962161581885,-347.40642101045813,675.0,818.7245532352963,287.1037838418115,327.59357898954187,247.40642101045813,247.40642101045813
2022,3531902,Morro Agudo,583,1251.0,668.0,0.0,-837.4483927557819,-140.82423128354355,-193.0860463495212,583.0,-254.44839275578192,442.17576871645645,389.9139536504788,861.0860463495212,861.0860463495212
2022,3532009,Morungaba,183,-74.0,-257.0,0.0,-84.29165887593848,1.7932393708691734,11.207847350108404,183.0,98.70834112406152,184.79323937086917,194.2078473501084,-268.2078473501084,268.2078473501084
2022,3532058,Motuca,16,-35.0,-51.0,0.0,-502.60457460916433,89.02516037697677,24.33058076585404,16.0,-486.60457460916433,105.02516037697677,40.33058076585404,-75.33058076585404,75.33058076585404
2022,3532108,Murutinga do Sul,6,4.0,-2.0,0.0,-469.55665214064885,50.87314517026442,11.626072099623304,6.0,-463.55665214064885,56.87314517026442,17.626072099623304,-13.626072099623304,13.626072099623304
2022,3532157,Nantes,8,-5.0,-13.0,0.0,-610.7025391771947,88.872069653128,24.046003281542067,8.0,-602.7025391771947,96.872069653128,32.04600328154207,-37.04600328154207,37.04600328154207
2022,3532207,Narandiba,92,68.0,-24.0,0.0,49.680375064404586,51.05506957629075,-15.611281782718558,92.0,141.6803750644046,143.05506957629075,76.38871821728144,-8.388718217281436,8.388718217281436
2022,3532306,Natividade da Serra,4,-22.0,-26.0,0.0,228.76401075131764,190.59568818308793,42.883651345133046,4.0,232.76401075131764,194.59568818308793,46.883651345133046,-68.88365134513305,68.88365134513305
2022,3532405,Nazaré Paulista,55,122.0,67.0,0.0,-41.268005739890896,69.33038229540989,67.7007106310691,55.0,13.731994260109104,124.33038229540989,122.7007106310691,-0.7007106310691,0.7007106310691
2022,3532504,Neves Paulista,17,10.0,-7.0,0.0,224.7836176883618,139.03150595772115,41.53792016124638,17.0,241.7836176883618,156.03150595772115,58.53792016124638,-48.53792016124638,48.53792016124638
2022,3532603,Nhandeara,3,135.0,132.0,0.0,-438.6996977810789,147.89191853892663,50.466108425751706,3.0,-435.6996977810789,150.89191853892663,53.466108425751706,81.53389157424829,81.53389157424829
2022,3532702,Nipoã,49,7.0,-42.0,0.0,-331.1205910362421,26.075740935782107,-20.86780353757842,49.0,-282.1205910362421,75.07574093578211,28.13219646242158,-21.13219646242158,21.13219646242158
2022,3532801,Nova Aliança,96,146.0,50.0,0.0,-288.304349200519,34.13666015089717,2.6240533968614534,96.0,-192.30434920051903,130.13666015089717,98.62405339686146,47.375946603138544,47.375946603138544
2022,3532827,Nova Campina,184,-41.0,-225.0,0.0,-529.5252045837325,-126.42931217990252,-99.83833001350513,184.0,-345.5252045837325,57.570687820097476,84.16166998649487,-125.16166998649487,125.16166998649487
2022,3532843,Nova Canaã Paulista,0,6.0,6.0,0.0,211.7679292257344,148.65681846910286,43.34921242340077,0.0,211.7679292257344,148.65681846910286,43.34921242340077,-37.34921242340077,37.34921242340077
2022,3532868,Nova Castilho,3,49.0,46.0,0.0,-616.9834767908008,92.09925346832324,29.010488023237254,3.0,-613.9834767908008,95.09925346832324,32.01048802323726,16.989511976762742,16.989511976762742
2022,3532900,Nova Europa,-41,134.0,175.0,0.0,-549.374933724125,192.18664681834406,79.19746989690516,-41.0,-590.374933724125,151.18664681834406,38.19746989690516,95.80253010309484,95.80253010309484
2022,3533007,Nova Granada,277,205.0,-72.0,0.0,-466.8346383608765,-75.40851172594324,-126.90815078392939,277.0,-189.8346383608765,201.59148827405676,150.0918492160706,54.908150783929386,54.908150783929386
2022,3533106,Nova Guataporanga,17,-1.0,-18.0,0.0,-165.85812019915744,-103.03013713771094,-31.62652268877725,17.0,-148.85812019915744,-86.03013713771094,-14.62652268877725,13.62652268877725,13.62652268877725
2022,3533205,Nova Independência,164,189.0,25.0,0.0,43.90584573810008,-100.56536005348431,-59.913163853341665,164.0,207.90584573810008,63.43463994651569,104.08683614665833,84.91316385334167,84.91316385334167
2022,3533254,Novais,103,113.0,10.0,0.0,-898.7262733967808,13.79253561291847,4.395427330045395,103.0,-795.7262733967808,116.79253561291847,107.3954273300454,5.604572669954607,5.604572669954607
2022,3533304,Nova Luzitânia,10,5.0,-5.0,0.0,-1089.2005564930853,16.464525922245116,8.180568476113592,10.0,-1079.2005564930853,26.464525922245116,18.180568476113592,-13.180568476113592,13.180568476113592
2022,3533403,Nova Odessa,678,303.0,-375.0,0.0,376.6472862475491,-405.7746572876008,537.0162387962527,678.0,1054.6472862475491,272.2253427123992,1215.0162387962528,-912.0162387962528,912.0162387962528
2022,3533502,Novo Horizonte,464,128.0,-336.0,0.0,-252.40939425247777,-85.53717016275448,-10.711002224797632,464.0,211.59060574752223,378.4628298372455,453.28899777520235,-325.28899777520235,325.28899777520235
2022,3533601,Nuporanga,401,368.0,-33.0,0.0,-585.4002259301702,-148.0255158405497,-145.8229787430154,401.0,-184.40022593017022,252.9744841594503,255.1770212569846,112.8229787430154,112.8229787430154
2022,3533700,Ocauçu,40,-4.0,-44.0,0.0,-39.6331118643983,39.779058128580516,24.49323614369552,40.0,0.3668881356016982,79.77905812858052,64.49323614369553,-68.49323614369553,68.49323614369553
2022,3533809,Óleo,-16,18.0,34.0,0.0,-23.95279132857422,238.86856116693428,51.12919486375894,-16.0,-39.95279132857422,222.86856116693428,35.12919486375894,-17.12919486375894,17.12919486375894
2022,3533908,Olímpia,691,772.0,81.0,0.0,-25.760176830471266,-339.50779178981253,-344.4388944731166,691.0,665.2398231695288,351.49220821018747,346.5611055268834,425.4388944731166,425.4388944731166
2022,3534005,Onda Verde,54,111.0,57.0,0.0,117.85838444597977,107.18432454633603,11.855128300840423,54.0,171.85838444597977,161.18432454633603,65.85512830084042,45.14487169915958,45.14487169915958
2022,3534104,Oriente,86,-39.0,-125.0,0.0,-231.28851945106652,-47.032020418990385,-42.79196302094897,86.0,-145.28851945106652,38.967979581009615,43.20803697905103,-82.20803697905103,82.20803697905103
2022,3534203,Orindiúva,0,198.0,198.0,0.0,-661.0537818824073,92.39490822213969,69.1285250392883,0.0,-661.0537818824073,92.39490822213969,69.1285250392883,128.87147496071168,128.87147496071168
2022,3534302,Orlândia,413,-53.0,-466.0,0.0,-380.634174141049,-193.8290217363463,-233.3560518069736,413.0,32.365825858950984,219.1709782636537,179.6439481930264,-232.6439481930264,232.6439481930264
2022,3534401,Osasco,9757,329.0,-9428.0,0.0,2619.7458257723456,-7480.934844444311,-2591.7427331890362,9757.0,12376.745825772345,2276.0651555556888,7165.257266810964,-6836.257266810964,6836.257266810964
2022,3534500,Oscar Bressane,18,10.0,-8.0,0.0,-202.92447995850927,5.186997309193998,-5.41234654221756,18.0,-184.92447995850927,23.186997309194,12.58765345778244,-2.587653457782441,2.587653457782441
2022,3534609,Osvaldo Cruz,279,293.0,14.0,0.0,-182.45638849333588,-58.05074617715076,68.188242106865,279.0,96.54361150666412,220.94925382284924,347.188242106865,-54.188242106865005,54.188242106865005
2022,3534708,Ourinhos,1271,-158.0,-1429.0,0.0,-418.0076309746653,-575.5984296424381,282.0422082249701,1271.0,852.9923690253347,695.4015703575619,1553.0422082249702,-1711.0422082249702,1711.0422082249702
2022,3534757,Ouroeste,101,356.0,255.0,0.0,-162.20346388062373,64.85625578394217,32.838970148264025,101.0,-61.20346388062373,165.85625578394217,133.83897014826402,222.16102985173598,222.16102985173598
2022,3534807,Ouro Verde,87,-11.0,-98.0,0.0,-296.9191652990553,-49.155550115897654,-39.036596334585234,87.0,-209.9191652990553,37.844449884102346,47.963403665414766,-58.963403665414766,58.963403665414766
2022,3534906,Pacaembu,-20,86.0,106.0,0.0,174.21108152062357,211.8634497510654,48.16612723933853,-20.0,154.21108152062357,191.8634497510654,28.16612723933853,57.83387276066147,57.83387276066147
2022,3535002,Palestina,52,246.0,194.0,0.0,-409.2869123148738,61.80142824098067,28.812875653255702,52.0,-357.2869123148738,113.80142824098067,80.8128756532557,165.1871243467443,165.1871243467443
2022,3535101,Palmares Paulista,32,143.0,111.0,0.0,-1045.0454384618788,76.3169195606315,20.561154020360007,32.0,-1013.0454384618788,108.3169195606315,52.56115402036001,90.43884597963999,90.43884597963999
2022,3535200,Palmeira d'Oeste,2,122.0,120.0,0.0,-46.964575929970124,143.59818468469302,43.416732475887194,2.0,-44.964575929970124,145.59818468469302,45.416732475887194,76.58326752411281,76.58326752411281
2022,3535309,Palmital,230,-74.0,-304.0,0.0,-524.7268392031315,21.74727990984104,-42.64474897246575,230.0,-294.7268392031315,251.74727990984104,187.35525102753425,-261.3552510275342,261.3552510275342
2022,3535408,Panorama,-64,35.0,99.0,0.0,26.996192331201485,169.9808866675216,105.51677708594397,-64.0,-37.003807668798515,105.98088666752159,41.51677708594397,-6.516777085943971,6.516777085943971
2022,3535507,Paraguaçu Paulista,487,247.0,-240.0,0.0,-537.4318235076998,-79.31356751975585,-31.043126688977505,487.0,-50.431823507699846,407.68643248024415,455.9568733110225,-208.9568733110225,208.9568733110225
2022,3535606,Paraibuna,102,18.0,-84.0,0.0,-110.7104175850117,3.5662652662776395,-7.603352335802054,102.0,-8.710417585011697,105.56626526627764,94.39664766419794,-76.39664766419794,76.39664766419794
2022,3535705,Paraíso,231,85.0,-146.0,0.0,-387.5479606211793,-95.974935239704,-132.22725669432216,231.0,-156.5479606211793,135.025064760296,98.77274330567784,-13.772743305677835,13.772743305677835
2022,3535804,Paranapanema,191,236.0,45.0,0.0,-179.10221100534804,21.34700036364518,30.697201724081634,191.0,11.897788994651961,212.34700036364518,221.69720172408162,14.302798275918377,14.302798275918377
2022,3535903,Paranapuã,10,61.0,51.0,0.0,-80.85852487848308,108.31663220839619,35.04266459409869,10.0,-70.85852487848308,118.31663220839619,45.04266459409869,15.957335405901311,15.957335405901311
2022,3536000,Parapuã,280,95.0,-185.0,0.0,-369.0524567795212,-92.76933243050468,-119.05040459797468,280.0,-89.05245677952121,187.23066756949532,160.94959540202532,-65.94959540202532,65.94959540202532
2022,3536109,Pardinho,127,259.0,132.0,0.0,100.49499018317658,54.53043679019595,7.282747779388148,127.0,227.49499018317658,181.53043679019595,134.28274777938816,124.71725222061184,124.71725222061184
2022,3536208,Pariquera-Açu,216,138.0,-78.0,0.0,-166.3219878020782,-40.447478337373866,-30.710775655479356,216.0,49.67801219792179,175.55252166262613,185.28922434452065,-47.28922434452065,47.28922434452065
2022,3536257,Parisi,5,41.0,36.0,0.0,585.7879086380331,131.70140705707473,26.42302136679585,5.0,590.7879086380331,136.70140705707473,31.42302136679585,9.576978633204149,9.576978633204149
2022,3536307,Patrocínio Paulista,256,289.0,33.0,0.0,-359.7941150161503,-78.95307624193111,40.37026287522133,256.0,-103.79411501615027,177.04692375806889,296.37026287522133,-7.370262875221329,7.370262875221329
2022,3536406,Paulicéia,-39,176.0,215.0,0.0,264.3488769195893,239.51206719404905,78.27696508202436,-39.0,225.34887691958932,200.51206719404905,39.27696508202436,136.72303491797564,136.72303491797564
2022,3536505,Paulínia,3328,3961.0,633.0,0.0,471.28806728914196,-1996.5706785202872,-2456.5592575036067,3328.0,3799.288067289142,1331.4293214797128,871.4407424963933,3089.5592575036067,3089.5592575036067
2022,3536570,Paulistânia,41,25.0,-16.0,0.0,272.1734729517518,2.0631691189528283,-34.156094276058454,41.0,313.1734729517518,43.06316911895283,6.843905723941546,18.156094276058454,18.156094276058454
2022,3536604,Paulo de Faria,81,-81.0,-162.0,0.0,-611.4704470247339,-27.03834947907916,-36.23903932156262,81.0,-530.4704470247339,53.96165052092084,44.76096067843738,-125.76096067843739,125.76096067843739
2022,3536703,Pederneiras,345,-532.0,-877.0,0.0,-29.144020122123266,-181.44372103387352,-289.6229491133351,345.0,315.85597987787673,163.55627896612648,55.377050886664904,-587.3770508866648,587.3770508866648
2022,3536802,Pedra Bela,25,26.0,1.0,0.0,172.7257536454391,106.89404594072619,24.220052222226723,25.0,197.7257536454391,131.8940459407262,49.22005222222673,-23.220052222226727,23.220052222226727
2022,3536901,Pedranópolis,3,-37.0,-40.0,0.0,257.3354447411266,151.0656273758716,43.892394241582586,3.0,260.3354447411266,154.0656273758716,46.892394241582586,-83.8923942415826,83.8923942415826
2022,3537008,Pedregulho,9,92.0,83.0,0.0,-193.02542492456124,-7.547697289050404,75.47553273794824,9.0,-184.02542492456124,1.4523027109495956,84.47553273794824,7.524467262051758,7.524467262051758
2022,3537107,Pedreira,88,-98.0,-186.0,0.0,143.59640318284937,-20.869404860564373,52.181855716891235,88.0,231.59640318284937,67.13059513943563,140.18185571689122,-238.18185571689122,238.18185571689122
2022,3537156,Pedrinhas Paulista,9,35.0,26.0,0.0,-402.661698790386,111.20644802381929,42.83723056439758,9.0,-393.661698790386,120.20644802381929,51.83723056439758,-16.83723056439758,16.83723056439758
2022,3537206,Pedro de Toledo,27,30.0,3.0,0.0,-42.41277998044092,56.32501811302876,12.356654831811726,27.0,-15.412779980440916,83.32501811302876,39.356654831811724,-9.356654831811724,9.356654831811724
2022,3537305,Penápolis,700,400.0,-300.0,0.0,-155.80298498026423,-240.3880788854791,-378.46162409117983,700.0,544.1970150197358,459.6119211145209,321.53837590882017,78.46162409117983,78.46162409117983
2022,3537404,Pereira Barreto,-38,-64.0,-26.0,0.0,-6.893542511964881,114.22225580083995,121.6831573895922,-38.0,-44.89354251196488,76.22225580083995,83.6831573895922,-147.6831573895922,147.6831573895922
2022,3537503,Pereiras,128,90.0,-38.0,0.0,-107.03634560525416,47.78986613628774,25.30963599601177,128.0,20.963654394745845,175.78986613628774,153.30963599601176,-63.309635996011764,63.309635996011764
2022,3537602,Peruíbe,516,385.0,-131.0,0.0,-153.62376343315432,-122.15312809892197,-22.004072631652726,516.0,362.3762365668457,393.84687190107803,493.9959273683473,-108.99592736834728,108.99592736834728
2022,3537701,Piacatu,39,-37.0,-76.0,0.0,-244.07473921738602,48.50525015823803,11.605052498430634,39.0,-205.07473921738602,87.50525015823803,50.60505249843064,-87.60505249843064,87.60505249843064
2022,3537800,Piedade,-18,251.0,269.0,0.0,172.87402448681496,45.409901098504065,214.48645988964776,-18.0,154.87402448681496,27.409901098504065,196.48645988964776,54.51354011035224,54.51354011035224
2022,3537909,Pilar do Sul,281,242.0,-39.0,0.0,-254.7715084025377,-60.59523355356333,-29.631602356141677,281.0,26.228491597462295,220.40476644643667,251.36839764385832,-9.368397643858316,9.368397643858316
2022,3538006,Pindamonhangaba,1384,2007.0,623.0,0.0,63.91153838003186,-794.0795992565314,453.50564429061467,1384.0,1447.9115383800317,589.9204007434686,1837.5056442906148,169.49435570938522,169.49435570938522
2022,3538105,Pindorama,181,193.0,12.0,0.0,-616.7640859234789,-59.0440961094111,-90.72273173455994,181.0,-435.7640859234789,121.9559038905889,90.27726826544006,102.72273173455994,102.72273173455994
2022,3538204,Pinhalzinho,77,26.0,-51.0,0.0,-24.880883494263003,76.39373309639865,28.614791254506844,77.0,52.119116505737,153.39373309639865,105.61479125450684,-79.61479125450684,79.61479125450684
2022,3538303,Piquerobi,-6,-7.0,-1.0,0.0,-313.9894826908011,181.26165301276473,43.201248406173335,-6.0,-319.9894826908011,175.26165301276473,37.201248406173335,-44.201248406173335,44.201248406173335
2022,3538501,Piquete,-134,103.0,237.0,0.0,44.01698746672116,357.46322162357086,221.53955474119232,-134.0,-89.98301253327884,223.46322162357086,87.53955474119232,15.460445258807681,15.460445258807681
2022,3538600,Piracaia,285,44.0,-241.0,0.0,-270.31485028388295,-82.15357530453298,-79.81439819472772,285.0,14.685149716117053,202.84642469546702,205.18560180527228,-161.18560180527228,161.18560180527228
2022,3538709,Piracicaba,6563,4756.0,-1807.0,0.0,-176.42276728333465,-3389.206217623786,-690.5064191197695,6563.0,6386.577232716665,3173.793782376214,5872.49358088023,-1116.4935808802302,1116.4935808802302
2022,3538808,Piraju,-268,121.0,389.0,0.0,448.83825612872533,216.4454121541225,427.6663392240624,-268.0,180.83825612872533,-51.554587845877506,159.66633922406243,-38.666339224062426,38.666339224062426
2022,3538907,Pirajuí,102,-105.0,-207.0,0.0,-317.4050599139848,35.54679971918313,71.17461255953575,102.0,-215.40505991398481,137.54679971918313,173.17461255953575,-278.1746125595357,278.1746125595357
2022,3539004,Pirangi,189,272.0,83.0,0.0,-263.14318965746514,-13.587972665756695,-89.13509628948846,189.0,-74.14318965746514,175.4120273342433,99.86490371051154,172.13509628948844,172.13509628948844
2022,3539103,Pirapora do Bom Jesus,157,432.0,275.0,0.0,-258.5912938697378,-109.47301439203997,-44.97663183102717,157.0,-101.5912938697378,47.52698560796003,112.02336816897284,319.97663183102713,319.97663183102713
2022,3539202,Pirapozinho,460,324.0,-136.0,0.0,-549.6039495010984,-98.9947658021114,-191.80675433603,460.0,-89.60394950109844,361.0052341978886,268.19324566397,55.80675433603,55.80675433603
2022,3539301,Pirassununga,663,336.0,-327.0,0.0,119.54561087726717,-170.994969632798,-21.286346687467347,663.0,782.5456108772671,492.00503036720204,641.7136533125326,-305.71365331253264,305.71365331253264
2022,3539400,Piratininga,-170,125.0,295.0,0.0,500.3872481289467,306.59970550752763,248.7117942787986,-170.0,330.3872481289467,136.59970550752763,78.7117942787986,46.28820572120139,46.28820572120139
2022,3539509,Pitangueiras,398,446.0,48.0,0.0,-532.0439964682066,-69.39715976789608,114.87061412611675,398.0,-134.04399646820661,328.6028402321039,512.8706141261167,-66.87061412611672,66.87061412611672
2022,3539608,Planalto,286,623.0,337.0,0.0,-789.2558421408887,-58.55812903865723,-143.43121565180056,286.0,-503.2558421408887,227.44187096134277,142.56878434819944,480.4312156518006,480.4312156518006
2022,3539707,Platina,51,29.0,-22.0,0.0,-497.5576331222358,-345.7863842396938,-36.05226741842996,51.0,-446.5576331222358,-294.7863842396938,14.947732581570037,14.052267418429963,14.052267418429963
2022,3539806,Poá,1537,779.0,-758.0,0.0,-670.0290353914058,-615.527305158503,22.233716473548228,1537.0,866.9709646085942,921.472694841497,1559.2337164735482,-780.2337164735482,780.2337164735482
2022,3539905,Poloni,-149,15.0,164.0,0.0,-42.4380662848946,278.49251140059454,236.6114972203101,-149.0,-191.4380662848946,129.49251140059454,87.6114972203101,-72.6114972203101,72.6114972203101
2022,3540002,Pompéia,409,69.0,-340.0,0.0,-645.5684197024293,-198.29661413169183,-145.50907607480215,409.0,-236.5684197024293,210.70338586830817,263.4909239251979,-194.49092392519788,194.49092392519788
2022,3540101,Pongaí,-32,-13.0,19.0,0.0,32.68502859498852,307.97353228654146,56.68324261574633,-32.0,0.6850285949885233,275.97353228654146,24.68324261574633,-37.68324261574633,37.68324261574633
2022,3540200,Pontal,551,676.0,125.0,0.0,-1061.279578485383,-116.76194252406054,-107.08431458257016,551.0,-510.2795784853829,434.23805747593946,443.9156854174298,232.0843145825702,232.0843145825702
2022,3540259,Pontalinda,36,0.0,-36.0,0.0,-299.7807078455186,-282.3525181387847,-33.32266502954859,36.0,-263.7807078455186,-246.35251813878472,2.6773349704514118,-2.6773349704514118,2.6773349704514118
2022,3540309,Pontes Gestal,197,149.0,-48.0,0.0,-242.11401643961622,-841.4984364339346,-125.97052232999154,197.0,-45.11401643961622,-644.4984364339346,71.02947767000846,77.97052232999154,77.97052232999154
2022,3540408,Populina,19,27.0,8.0,0.0,-34.275443819710574,31.25016157794653,-15.662910758381557,19.0,-15.275443819710574,50.25016157794653,3.3370892416184432,23.662910758381557,23.662910758381557
2022,3540507,Porangaba,78,108.0,30.0,0.0,34.7266303499012,28.922940820564406,3.048629385092294,78.0,112.7266303499012,106.9229408205644,81.0486293850923,26.951370614907702,26.951370614907702
2022,3540606,Porto Feliz,518,103.0,-415.0,0.0,295.45000231791823,-217.70121769936543,-276.4610434239413,518.0,813.4500023179182,300.29878230063457,241.5389565760587,-138.5389565760587,138.5389565760587
2022,3540705,Porto Ferreira,-227,177.0,404.0,0.0,648.4615925876116,-6.4577653158302155,224.14936920253183,-227.0,421.46159258761156,-233.45776531583022,-2.8506307974681704,179.85063079746817,179.85063079746817
2022,3540754,Potim,147,87.0,-60.0,0.0,-667.9586574197781,-103.05042865298066,-55.16358193892291,147.0,-520.9586574197781,43.949571347019344,91.8364180610771,-4.836418061077097,4.836418061077097
2022,3540804,Potirendaba,282,335.0,53.0,0.0,-17.500361626766676,-30.197349128813528,-121.43503524322986,282.0,264.4996383732333,251.80265087118647,160.56496475677014,174.43503524322986,174.43503524322986
2022,3540853,Pracinha,-22,-27.0,-5.0,0.0,-1302.5526033421436,307.08940601648504,50.07125581597874,-22.0,-1324.5526033421436,285.08940601648504,28.071255815978738,-55.07125581597874,55.07125581597874
2022,3540903,Pradópolis,263,500.0,237.0,0.0,-905.3262195645847,-79.65560121337438,-8.542991002946389,263.0,-642.3262195645847,183.34439878662562,254.4570089970536,245.5429910029464,245.5429910029464
2022,3541000,Praia Grande,2069,3184.0,1115.0,0.0,76.30255421698178,-1049.0568390826325,294.10507033713014,2069.0,2145.3025542169817,1019.9431609173675,2363.10507033713,820.8949296628698,820.8949296628698
2022,3541059,Pratânia,-14,84.0,98.0,0.0,-64.53285577384321,143.5720539611753,56.550311680868475,-14.0,-78.53285577384321,129.5720539611753,42.550311680868475,41.449688319131525,41.449688319131525
2022,3541109,Presidente Alves,-5,15.0,20.0,0.0,-147.64005087486498,174.39112199459925,42.902657369758764,-5.0,-152.64005087486498,169.39112199459925,37.902657369758764,-22.902657369758764,22.902657369758764
2022,3541208,Presidente Bernardes,30,10.0,-20.0,0.0,261.2899565747133,94.01738734050929,53.16160196414633,30.0,291.2899565747133,124.01738734050929,83.16160196414633,-73.16160196414633,73.16160196414633
2022,3541307,Presidente Epitácio,295,129.0,-166.0,0.0,-416.92664500488894,-54.73612439442451,21.97461985054661,295.0,-121.92664500488894,240.2638756055755,316.9746198505466,-187.97461985054662,187.97461985054662
2022,3541406,Presidente Prudente,1953,2572.0,619.0,0.0,583.39941073555,-1049.3234555729239,286.28371688598776,1953.0,2536.39941073555,903.6765444270761,2239.283716885988,332.7162831140122,332.7162831140122
2022,3541505,Presidente Venceslau,458,535.0,77.0,0.0,-548.1945158658156,-170.86151897682456,-191.05338669915616,458.0,-90.19451586581556,287.1384810231755,266.94661330084386,268.05338669915614,268.05338669915614
2022,3541604,Promissão,347,180.0,-167.0,0.0,-564.3264148318024,10.757477467704234,176.7302857274744,347.0,-217.32641483180237,357.75747746770423,523.7302857274744,-343.73028572747444,343.73028572747444
2022,3541653,Quadra,25,-1.0,-26.0,0.0,-423.5849276176545,45.265681406234194,6.304936337091587,25.0,-398.5849276176545,70.2656814062342,31.304936337091586,-32.30493633709159,32.30493633709159
2022,3541703,Quatá,244,137.0,-107.0,0.0,-421.73242057127766,-57.101304048355985,-126.26885255852622,244.0,-177.73242057127766,186.89869595164402,117.73114744147378,19.26885255852622,19.26885255852622
2022,3541802,Queiroz,150,9.0,-141.0,0.0,-837.8872679926889,-62.941928374433246,-24.36014441528348,150.0,-687.8872679926889,87.05807162556675,125.63985558471651,-116.63985558471651,116.63985558471651
2022,3541901,Queluz,23,102.0,79.0,0.0,-1337.2130665218892,83.05204573971895,42.957188588059005,23.0,-1314.2130665218892,106.05204573971895,65.95718858805901,36.04281141194099,36.04281141194099
2022,3542008,Quintana,8,116.0,108.0,0.0,109.56651297542379,140.1306180608983,56.40796948158591,8.0,117.56651297542379,148.1306180608983,64.40796948158591,51.59203051841409,51.59203051841409
2022,3542107,Rafard,126,56.0,-70.0,0.0,-151.7719732650579,42.69593998458265,2.329594686666554,126.0,-25.77197326505791,168.69593998458265,128.32959468666655,-72.32959468666655,72.32959468666655
2022,3542206,Rancharia,141,297.0,156.0,0.0,-21.416455249502178,88.55337448850344,155.06013365775866,141.0,119.58354475049782,229.55337448850344,296.0601336577587,0.9398663422413165,0.9398663422413165
2022,3542305,Redenção da Serra,29,14.0,-15.0,0.0,448.31826585246745,109.32209242626175,7.585579826035053,29.0,477.31826585246745,138.32209242626175,36.58557982603505,-22.58557982603505,22.58557982603505
2022,3542404,Regente Feijó,119,211.0,92.0,0.0,-49.759481439936394,57.175096757815766,41.276917319213624,119.0,69.2405185600636,176.17509675781577,160.27691731921362,50.723082680786376,50.723082680786376
2022,3542503,Reginópolis,449,2.0,-447.0,0.0,-1078.472949780281,-270.21617516936203,-242.43259811678743,449.0,-629.4729497802809,178.78382483063797,206.56740188321257,-204.56740188321257,204.56740188321257
2022,3542602,Registro,973,677.0,-296.0,0.0,-349.55803781198136,-342.21126895405837,-454.0857062543791,973.0,623.4419621880186,630.7887310459416,518.9142937456209,158.08570625437915,158.08570625437915
2022,3542701,Restinga,93,-75.0,-168.0,0.0,-584.017224403172,100.1346776973802,24.271666390623228,93.0,-491.017224403172,193.1346776973802,117.27166639062322,-192.27166639062324,192.27166639062324
2022,3542800,Ribeira,-26,-27.0,-1.0,0.0,-98.8424336019416,182.7543142974252,52.39085817557999,-26.0,-124.8424336019416,156.7543142974252,26.390858175579993,-53.39085817557999,53.39085817557999
2022,3542909,Ribeirão Bonito,657,-303.0,-960.0,0.0,-1055.933638811377,-457.4872103301145,-516.0481214187888,657.0,-398.933638811377,199.51278966988548,140.9518785812112,-443.9518785812112,443.9518785812112
2022,3543006,Ribeirão Branco,197,-30.0,-227.0,0.0,87.8701926686806,-109.26931008146127,-29.096867953034845,197.0,284.8701926686806,87.73068991853873,167.90313204696514,-197.90313204696514,197.90313204696514
2022,3543105,Ribeirão Corrente,44,22.0,-22.0,0.0,-217.8938753371693,-43.41889444052782,9.929470541467797,44.0,-173.8938753371693,0.5811055594721779,53.92947054146779,-31.929470541467794,31.929470541467794
2022,3543204,Ribeirão do Sul,21,64.0,43.0,0.0,34.33827740563373,142.43415470803865,17.489998628723544,21.0,55.33827740563373,163.43415470803865,38.48999862872354,25.51000137127646,25.51000137127646
2022,3543238,Ribeirão dos Índios,1,-10.0,-11.0,0.0,-230.2437145778241,112.26714094924995,41.546531892133665,1.0,-229.2437145778241,113.26714094924995,42.546531892133665,-52.546531892133665,52.546531892133665
2022,3543253,Ribeirão Grande,60,-34.0,-94.0,0.0,-63.172968722992096,-222.61091658658148,-35.9269041600761,60.0,-3.1729687229920955,-162.61091658658148,24.0730958399239,-58.0730958399239,58.0730958399239
2022,3543303,Ribeirão Pires,180,409.0,229.0,0.0,431.3479212878692,-70.4846302930955,-28.0436403056682,180.0,611.3479212878692,109.5153697069045,151.9563596943318,257.0436403056682,257.0436403056682
2022,3543402,Ribeirão Preto,11941,5921.0,-6020.0,0.0,-369.20375088275375,-6420.283602355636,-1952.9023355699856,11941.0,11571.796249117246,5520.716397644364,9988.097664430014,-4067.0976644300135,4067.0976644300135
2022,3543501,Riversul,38,19.0,-19.0,0.0,119.31763603546977,58.68038346303831,-22.438952671076365,38.0,157.31763603546977,96.68038346303831,15.561047328923635,3.4389526710763647,3.4389526710763647
2022,3543600,Rifaina,17,-114.0,-131.0,0.0,189.8400586339402,111.68703588715516,62.100923941420135,17.0,206.8400586339402,128.68703588715516,79.10092394142013,-193.10092394142015,193.10092394142015
2022,3543709,Rincão,121,142.0,21.0,0.0,-534.4558065687478,-53.6103161786956,-47.76956212243902,121.0,-413.4558065687478,67.3896838213044,73.23043787756097,68.76956212243903,68.76956212243903
2022,3543808,Rinópolis,33,120.0,87.0,0.0,-197.52996243481752,104.30830969975034,27.274811626492404,33.0,-164.52996243481752,137.30830969975034,60.27481162649241,59.72518837350759,59.72518837350759
2022,3543907,Rio Claro,552,1103.0,551.0,0.0,2409.0662164226223,-904.0509995915615,259.7480588114611,552.0,2961.0662164226223,-352.05099959156155,811.7480588114611,291.2519411885389,291.2519411885389
2022,3544004,Rio das Pedras,501,39.0,-462.0,0.0,-637.5240602313866,-159.9618591020928,27.44579754030847,501.0,-136.52406023138656,341.03814089790717,528.4457975403085,-489.4457975403085,489.4457975403085
2022,3544103,Rio Grande da Serra,5,130.0,125.0,0.0,-310.51946660861466,121.09230327163363,70.51059578971335,5.0,-305.51946660861466,126.09230327163363,75.51059578971335,54.48940421028665,54.48940421028665
2022,3544202,Riolândia,48,58.0,10.0,0.0,-648.2654744507372,41.26144314154368,-6.974247606895398,48.0,-600.2654744507372,89.26144314154368,41.025752393104604,16.974247606895396,16.974247606895396
2022,3544251,Rosana,66,-15.0,-81.0,0.0,-28.592111905659635,-6.284300591603767,57.19664574933904,66.0,37.407888094340365,59.71569940839623,123.19664574933904,-138.19664574933904,138.19664574933904
2022,3544301,Roseira,379,-96.0,-475.0,0.0,-291.76829915352937,-230.05568094802686,-151.93422963959844,379.0,87.23170084647063,148.94431905197314,227.06577036040156,-323.06577036040153,323.06577036040153
2022,3544400,Rubiácea,-15,11.0,26.0,0.0,-388.3476041538414,183.12337018307727,44.07338572755462,-15.0,-403.3476041538414,168.12337018307727,29.073385727554623,-18.073385727554623,18.073385727554623
2022,3544509,Rubinéia,40,43.0,3.0,0.0,550.6018473721633,99.483099650155,-31.013632479066963,40.0,590.6018473721633,139.483099650155,8.986367520933037,34.01363247906696,34.01363247906696
2022,3544608,Sabino,60,15.0,-45.0,0.0,-275.11398000967125,-208.6190103351738,-35.64604920118446,60.0,-215.11398000967125,-148.6190103351738,24.35395079881554,-9.35395079881554,9.35395079881554
2022,3544707,Sagres,-4,-1.0,3.0,0.0,34.94044084142297,195.00338639800026,42.80665736975877,-4.0,30.94044084142297,191.00338639800026,38.80665736975877,-39.80665736975877,39.80665736975877
2022,3544806,Sales,47,15.0,-32.0,0.0,-24.442168580458542,66.55460128228339,-8.79889903147043,47.0,22.557831419541458,113.55460128228339,38.20110096852957,-23.201100968529573,23.201100968529573
2022,3544905,Sales Oliveira,-13,14.0,27.0,0.0,-68.5149978062916,144.92595640378659,66.87986724453535,-13.0,-81.5149978062916,131.92595640378659,53.87986724453535,-39.87986724453535,39.87986724453535
2022,3545001,Salesópolis,60,54.0,-6.0,0.0,-319.72304709312334,62.04651471874655,15.938015330468408,60.0,-259.72304709312334,122.04651471874655,75.9380153304684,-21.938015330468403,21.938015330468403
2022,3545100,Salmourão,-35,14.0,49.0,0.0,-198.0657695502606,162.59426807612175,59.75984281105703,-35.0,-233.0657695502606,127.59426807612175,24.759842811057027,-10.759842811057027,10.759842811057027
2022,3545159,Saltinho,175,114.0,-61.0,0.0,-260.1348115694293,-39.127711490544584,-50.81808146789168,175.0,-85.1348115694293,135.87228850945542,124.18191853210831,-10.181918532108313,10.181918532108313
2022,3545209,Salto,1340,1345.0,5.0,0.0,607.8133819909636,-402.67562588987425,626.0286663977424,1340.0,1947.8133819909635,937.3243741101257,1966.0286663977424,-621.0286663977424,621.0286663977424
2022,3545308,Salto de Pirapora,440,818.0,378.0,0.0,-359.7150877524487,-147.37782931599227,-143.7502768868402,440.0,80.28491224755129,292.62217068400776,296.2497231131598,521.7502768868402,521.7502768868402
2022,3545407,Salto Grande,64,90.0,26.0,0.0,-125.53743345185484,54.899604132309435,6.3225230591893995,64.0,-61.53743345185484,118.89960413230943,70.3225230591894,19.677476940810607,19.677476940810607
2022,3545506,Sandovalina,175,61.0,-114.0,0.0,-831.1456750761038,-21.043941932837242,5.155685816751669,175.0,-656.1456750761038,153.95605806716276,180.15568581675166,-119.15568581675166,119.15568581675166
2022,3545605,Santa Adélia,260,214.0,-46.0,0.0,-460.3126861998802,-86.81810507910848,-126.6140338071056,260.0,-200.3126861998802,173.18189492089152,133.3859661928944,80.61403380710561,80.61403380710561
2022,3545704,Santa Albertina,33,174.0,141.0,0.0,161.17503784651933,134.83716150236899,23.44578050994536,33.0,194.17503784651933,167.83716150236899,56.445780509945365,117.55421949005463,117.55421949005463
2022,3545803,Santa Bárbara d'Oeste,3149,2446.0,-703.0,0.0,-856.0719386855866,-1507.0454722919487,-648.6061646212368,3149.0,2292.9280613144133,1641.9545277080513,2500.3938353787635,-54.39383537876347,54.39383537876347
2022,3546009,Santa Branca,74,121.0,47.0,0.0,-163.60341184198217,29.713517673732667,16.245257970066515,74.0,-89.60341184198217,103.71351767373267,90.24525797006652,30.75474202993348,30.75474202993348
2022,3546108,Santa Clara d'Oeste,14,85.0,71.0,0.0,403.3233990577072,117.43162610887379,46.84272166162621,14.0,417.3233990577072,131.4316261088738,60.84272166162621,24.157278338373793,24.157278338373793
2022,3546207,Santa Cruz da Conceição,5,-40.0,-45.0,0.0,-191.42003023175795,128.18831112608552,45.95271080531158,5.0,-186.42003023175795,133.18831112608552,50.95271080531158,-90.95271080531158,90.95271080531158
2022,3546256,Santa Cruz da Esperança,14,63.0,49.0,0.0,-90.45956877841564,70.52018864018748,15.719879334450468,14.0,-76.45956877841564,84.52018864018748,29.719879334450468,33.28012066554953,33.28012066554953
2022,3546306,Santa Cruz das Palmeiras,56,74.0,18.0,0.0,-355.6620487387902,47.483298068985334,73.66665388828588,56.0,-299.6620487387902,103.48329806898533,129.66665388828588,-55.66665388828588,55.66665388828588
2022,3546405,Santa Cruz do Rio Pardo,159,588.0,429.0,0.0,385.89397817941597,-112.67368575014697,-324.6372419887321,159.0,544.893978179416,46.32631424985303,-165.63724198873211,753.6372419887321,753.6372419887321
2022,3546504,Santa Ernestina,91,28.0,-63.0,0.0,245.02856302051737,-193.1424044976072,-41.01804159931294,91.0,336.02856302051737,-102.1424044976072,49.98195840068706,-21.981958400687063,21.981958400687063
2022,3546603,Santa Fé do Sul,251,205.0,-46.0,0.0,272.4689751206213,-30.853046652187857,153.29914216711984,251.0,523.4689751206213,220.14695334781214,404.29914216711984,-199.29914216711984,199.29914216711984
2022,3546702,Santa Gertrudes,-322,599.0,921.0,0.0,-16.390299476156144,25.721872495888135,385.6158298690368,-322.0,-338.39029947615614,-296.27812750411186,63.615829869036816,535.3841701309632,535.3841701309632
2022,3546801,Santa Isabel,618,341.0,-277.0,0.0,-453.5233629223711,-228.88981634860266,-288.21160107561906,618.0,164.47663707762888,389.11018365139734,329.78839892438094,11.211601075619058,11.211601075619058
2022,3546900,Santa Lúcia,41,8.0,-33.0,0.0,-590.0050632379674,7.851342241642612,-24.74798527914722,41.0,-549.0050632379674,48.85134224164261,16.25201472085278,-8.252014720852781,8.252014720852781
2022,3547007,Santa Maria da Serra,202,-15.0,-217.0,0.0,-629.4224501248436,-124.88203641796454,-134.18725647820875,202.0,-427.42245012484364,77.11796358203546,67.81274352179125,-82.81274352179125,82.81274352179125
2022,3547106,Santa Mercedes,33,68.0,35.0,0.0,-8.702849194154965,-8.555758991207881,-34.107949807328154,33.0,24.297150805845035,24.44424100879212,-1.1079498073281542,69.10794980732815,69.10794980732815
2022,3547205,Santana da Ponte Pensa,0,41.0,41.0,0.0,342.1700423129647,186.03659057824012,42.81215408028508,0.0,342.1700423129647,186.03659057824012,42.81215408028508,-1.812154080285083,1.812154080285083
2022,3547304,Santana de Parnaíba,4187,3787.0,-400.0,0.0,-1508.4491926216879,-1704.8383475089588,-2527.1075866427204,4187.0,2678.550807378312,2482.1616524910414,1659.8924133572796,2127.1075866427204,2127.1075866427204
2022,3547403,Santa Rita d'Oeste,-2,27.0,29.0,0.0,268.3898849724103,232.13083597327994,42.81215408028508,-2.0,266.3898849724103,230.13083597327994,40.81215408028508,-13.812154080285083,13.812154080285083
2022,3547502,Santa Rita do Passa Quatro,1540,687.0,-853.0,0.0,-1484.9398070457687,-894.068287325216,-835.7520597875325,1540.0,55.0601929542313,645.931712674784,704.2479402124675,-17.247940212467483,17.247940212467483
2022,3547601,Santa Rosa de Viterbo,285,144.0,-141.0,0.0,-517.7576616418104,-96.711432833336,-120.41605008739711,285.0,-232.7576616418104,188.288567166664,164.5839499126029,-20.58394991260289,20.58394991260289
2022,3547650,Santa Salete,-7,3.0,10.0,0.0,117.53986853449499,267.5573120589574,42.9465358497425,-7.0,110.53986853449499,260.5573120589574,35.9465358497425,-32.9465358497425,32.9465358497425
2022,3547700,Santo Anastácio,61,-8.0,-69.0,0.0,-362.02430109794614,71.92366322953461,27.204314808109853,61.0,-301.02430109794614,132.9236632295346,88.20431480810986,-96.20431480810986,96.20431480810986
2022,3547809,Santo André,10295,5975.0,-4320.0,0.0,-435.2434311302927,-4972.617832220781,-1268.510869624818,10295.0,9859.756568869707,5322.382167779219,9026.489130375183,-3051.489130375183,3051.489130375183
2022,3547908,Santo Antônio da Alegria,32,-4.0,-36.0,0.0,-110.57206494523254,70.74354044863497,24.766946061485616,32.0,-78.57206494523254,102.74354044863497,56.76694606148561,-60.76694606148561,60.76694606148561
2022,3548005,Santo Antônio de Posse,105,148.0,43.0,0.0,9.976664465165527,4.619402478185975,237.5509840318537,105.0,114.97666446516553,109.61940247818598,342.55098403185366,-194.55098403185366,194.55098403185366
2022,3548054,Santo Antônio do Aracanguá,65,-10.0,-75.0,0.0,-107.90616010214788,-0.13254367208918438,-23.58540529372614,65.0,-42.90616010214788,64.86745632791082,41.41459470627386,-51.41459470627386,51.41459470627386
2022,3548104,Santo Antônio do Jardim,18,74.0,56.0,0.0,88.34193536726224,154.78484146739055,44.73235589530243,18.0,106.34193536726224,172.78484146739055,62.73235589530243,11.267644104697567,11.267644104697567
2022,3548203,Santo Antônio do Pinhal,37,18.0,-19.0,0.0,103.63817237666075,88.36353161875013,20.196816059881346,37.0,140.63817237666075,125.36353161875013,57.19681605988134,-39.19681605988134,39.19681605988134
2022,3548302,Santo Expedito,28,3.0,-25.0,0.0,-67.50170945998707,-228.83510311121066,-32.00110012380046,28.0,-39.50170945998707,-200.83510311121066,-4.001100123800462,7.001100123800462,7.001100123800462
2022,3548401,Santópolis do Aguapeí,-9,4.0,13.0,0.0,-567.8014132489502,164.92906573131353,43.26618570968648,-9.0,-576.8014132489502,155.92906573131353,34.26618570968648,-30.266185709686482,30.266185709686482
2022,3548500,Santos,6111,5586.0,-525.0,0.0,-477.58238356321067,-3274.0964253098077,493.38526608946603,6111.0,5633.417616436789,2836.9035746901923,6604.385266089466,-1018.3852660894663,1018.3852660894663
2022,3548609,São Bento do Sapucaí,241,32.0,-209.0,0.0,-112.12090563789417,-291.0159601090828,-138.16889397229374,241.0,128.87909436210583,-50.01596010908281,102.83110602770626,-70.83110602770626,70.83110602770626
2022,3548708,São Bernardo do Campo,12982,4653.0,-8329.0,0.0,-324.39898891563394,-6669.938582227813,-3601.29518874459,12982.0,12657.601011084365,6312.061417772187,9380.70481125541,-4727.704811255409,4727.704811255409
2022,3548807,São Caetano do Sul,1642,-937.0,-2579.0,0.0,3272.6365722541605,-1626.455801581083,561.1974651737154,1642.0,4914.6365722541605,15.544198418916949,2203.1974651737155,-3140.1974651737155,3140.1974651737155
2022,3548906,São Carlos,3413,673.0,-2740.0,0.0,168.10234527504997,-1906.2915412626578,371.5346802752805,3413.0,3581.10234527505,1506.7084587373422,3784.5346802752806,-3111.5346802752806,3111.5346802752806
2022,3549003,São Francisco,-5,-3.0,2.0,0.0,-180.73852533935906,216.85944584965483,42.80665736975877,-5.0,-185.73852533935906,211.85944584965483,37.80665736975877,-40.80665736975877,40.80665736975877
2022,3549102,São João da Boa Vista,306,432.0,126.0,0.0,683.5216225477373,-164.21555612410498,-71.44404545864376,306.0,989.5216225477373,141.78444387589502,234.55595454135624,197.44404545864376,197.44404545864376
2022,3549201,São João das Duas Pontes,1,9.0,8.0,0.0,26.999859787410003,144.55408087164324,42.80665736975877,1.0,27.999859787410003,145.55408087164324,43.80665736975877,-34.80665736975877,34.80665736975877
2022,3549250,São João de Iracema,-26,-8.0,18.0,0.0,-5.777723475273888,484.0560968910963,51.03406259246744,-26.0,-31.777723475273888,458.0560968910963,25.034062592467443,-33.03406259246744,33.03406259246744
2022,3549300,São João do Pau d'Alho,21,8.0,-13.0,0.0,161.18032382885747,-75.01229552764636,-31.78093506109328,21.0,182.18032382885747,-54.01229552764636,-10.780935061093281,18.78093506109328,18.78093506109328
2022,3549409,São Joaquim da Barra,527,513.0,-14.0,0.0,-371.9307031436813,-201.320638096501,-127.6513442771328,527.0,155.06929685631872,325.679361903499,399.3486557228672,113.65134427713281,113.65134427713281
2022,3549508,São José da Bela Vista,55,-3.0,-58.0,0.0,-505.1629892259682,-9.550267118851991,-35.52654408106405,55.0,-450.1629892259682,45.44973288114801,19.473455918935947,-22.473455918935947,22.473455918935947
2022,3549607,São José do Barreiro,11,12.0,1.0,0.0,-154.82958200904136,-3.5469095906850043,-31.156360915202804,11.0,-143.82958200904136,7.453090409314996,-20.156360915202804,32.156360915202804,32.156360915202804
2022,3549706,São José do Rio Pardo,-78,380.0,458.0,0.0,563.2933113909478,29.699338085447835,106.37950208190766,-78.0,485.2933113909478,-48.300661914552165,28.37950208190766,351.6204979180923,351.6204979180923
2022,3549805,São José do Rio Preto,4456,3971.0,-485.0,0.0,2374.446120917295,-2893.7869702125145,611.7694465811963,4456.0,6830.446120917295,1562.2130297874855,5067.7694465811965,-1096.7694465811965,1096.7694465811965
2022,3549904,São José dos Campos,8756,6313.0,-2443.0,0.0,805.4150935388134,-4450.969991836272,-564.7516752525254,8756.0,9561.415093538813,4305.030008163728,8191.248324747475,-1878.2483247474747,1878.2483247474747
2022,3549953,São Lourenço da Serra,1181,-120.0,-1301.0,0.0,-674.2366741037303,-229.93018934131982,-694.9411454879325,1181.0,506.76332589626975,951.0698106586801,486.05885451206746,-606.0588545120675,606.0588545120675
2022,3550001,São Luiz do Paraitinga,18,8.0,-10.0,0.0,-53.912715300324464,113.92626853454425,43.645979783860746,18.0,-35.912715300324464,131.92626853454425,61.645979783860746,-53.645979783860746,53.645979783860746
2022,3550100,São Manuel,-24,246.0,270.0,0.0,23.414491643295776,88.27951702067816,221.49011959930687,-24.0,-0.5855083567042243,64.27951702067816,197.49011959930687,48.509880400693135,48.509880400693135
2022,3550209,São Miguel Arcanjo,164,181.0,17.0,0.0,-73.03136973745256,-22.10333425282272,35.88902048696246,164.0,90.96863026254744,141.89666574717728,199.88902048696247,-18.889020486962465,18.889020486962465
2022,3550308,São Paulo,204313,136109.0,-68204.0,0.0,19032.864984321466,-118595.42710836127,-28358.34138463204,204313.0,223345.86498432147,85717.57289163873,175954.65861536795,-39845.65861536795,39845.65861536795
2022,3550407,São Pedro,488,311.0,-177.0,0.0,-34.280633003400794,-127.42145053968548,-56.54932978490538,488.0,453.7193669965992,360.57854946031455,431.45067021509465,-120.45067021509465,120.45067021509465
2022,3550506,São Pedro do Turvo,87,76.0,-11.0,0.0,-200.08838723921568,37.55665719000166,20.63088662055464,87.0,-113.08838723921568,124.55665719000166,107.63088662055463,-31.630886620554634,31.630886620554634
2022,3550605,São Roque,886,1211.0,325.0,0.0,-367.0963984253508,-391.75222823551394,-172.88619476469745,886.0,518.9036015746492,494.24777176448606,713.1138052353026,497.8861947646974,497.8861947646974
2022,3550704,São Sebastião,2198,1059.0,-1139.0,0.0,-1374.2312288077367,-996.6336732062423,-621.8972823161182,2198.0,823.7687711922633,1201.3663267937577,1576.1027176838818,-517.1027176838818,517.1027176838818
2022,3550803,São Sebastião da Grama,60,14.0,-46.0,0.0,-340.9605905131035,21.839939366540705,72.98244737269448,60.0,-280.9605905131035,81.8399393665407,132.98244737269448,-118.98244737269448,118.98244737269448
2022,3550902,São Simão,48,86.0,38.0,0.0,-333.9644225172395,86.23345969153974,65.95197463431471,48.0,-285.9644225172395,134.23345969153974,113.95197463431471,-27.95197463431471,27.95197463431471
2022,3551009,São Vicente,194,631.0,437.0,0.0,845.2934029240389,-176.79151256647143,516.4463411263492,194.0,1039.293402924039,17.208487433528575,710.4463411263492,-79.44634112634924,79.44634112634924
2022,3551108,Sarapuí,204,262.0,58.0,0.0,-127.93786124547108,-54.17932693457817,-133.7552156846075,204.0,76.06213875452892,149.82067306542183,70.24478431539251,191.7552156846075,191.7552156846075
2022,3551207,Sarutaiá,-95,83.0,178.0,0.0,149.29931799951987,356.93196931297365,177.71687218723628,-95.0,54.29931799951987,261.93196931297365,82.71687218723628,0.28312781276372334,0.28312781276372334
2022,3551306,Sebastianópolis do Sul,26,216.0,190.0,0.0,-655.4888360829646,75.14541346926916,45.10073600258051,26.0,-629.4888360829646,101.14541346926916,71.1007360025805,144.8992639974195,144.8992639974195
2022,3551405,Serra Azul,55,72.0,17.0,0.0,-443.2188624024273,6.070268110479049,1.4823862899258755,55.0,-388.2188624024273,61.07026811047905,56.48238628992588,15.517613710074123,15.517613710074123
2022,3551504,Serrana,675,665.0,-10.0,0.0,-496.6940577034658,-253.9159346725947,-345.82856759317843,675.0,178.30594229653423,421.0840653274053,329.17143240682157,335.82856759317843,335.82856759317843
2022,3551603,Serra Negra,158,173.0,15.0,0.0,53.522705330598,4.234490731052119,33.04852772214059,158.0,211.522705330598,162.23449073105212,191.0485277221406,-18.04852772214059,18.04852772214059
2022,3551702,Sertãozinho,2629,2527.0,-102.0,0.0,-358.5159203867929,-1239.7634500431445,321.6836893247101,2629.0,2270.484079613207,1389.2365499568555,2950.68368932471,-423.68368932471003,423.68368932471003
2022,3551801,Sete Barras,-29,138.0,167.0,0.0,46.940086289084604,146.61376083855794,59.00592813873348,-29.0,17.940086289084604,117.61376083855794,30.00592813873348,107.99407186126652,107.99407186126652
2022,3551900,Severínia,53,99.0,46.0,0.0,-458.5605700003242,77.58949974011597,71.80445257014055,53.0,-405.5605700003242,130.58949974011597,124.80445257014055,-25.804452570140555,25.804452570140555
2022,3552007,Silveiras,-21,106.0,127.0,0.0,-18.962248082781684,243.93662047688503,49.35147872063612,-21.0,-39.962248082781684,222.93662047688503,28.351478720636123,77.64852127936388,77.64852127936388
2022,3552106,Socorro,337,106.0,-231.0,0.0,-130.8543079038525,-83.56269829311128,49.7156442319643,337.0,206.1456920961475,253.43730170688872,386.7156442319643,-280.7156442319643,280.7156442319643
2022,3552205,Sorocaba,9647,6189.0,-3458.0,0.0,1865.8354839120454,-5765.487515055685,-1517.5477260461744,9647.0,11512.835483912046,3881.5124849443146,8129.452273953826,-1940.452273953826,1940.452273953826
2022,3552304,Sud Mennucci,147,-18.0,-165.0,0.0,-212.48303117412073,-51.995368285998325,-46.684180365828205,147.0,-65.48303117412073,95.00463171400168,100.31581963417179,-118.31581963417179,118.31581963417179
2022,3552403,Sumaré,3905,1897.0,-2008.0,0.0,-1048.196486198668,-1790.8138099151827,-2360.3963022089015,3905.0,2856.803513801332,2114.186190084817,1544.6036977910985,352.3963022089015,352.3963022089015
2022,3552502,Suzano,2775,1963.0,-812.0,0.0,459.97424897096687,-1594.9101705589133,541.5180954267956,2775.0,3234.974248970967,1180.0898294410867,3316.5180954267958,-1353.5180954267958,1353.5180954267958
2022,3552551,Suzanápolis,52,360.0,308.0,0.0,-767.729411469024,52.780342488927715,29.095476617174313,52.0,-715.729411469024,104.78034248892772,81.09547661717431,278.9045233828257,278.9045233828257
2022,3552601,Tabapuã,24,46.0,22.0,0.0,-231.57274853183526,106.87892327430558,53.85517590599337,24.0,-207.57274853183526,130.87892327430558,77.85517590599338,-31.855175905993377,31.855175905993377
2022,3552700,Tabatinga,261,-86.0,-347.0,0.0,-422.9072362423765,-42.44790175626906,-25.59931812385468,261.0,-161.90723624237648,218.55209824373094,235.4006818761453,-321.4006818761453,321.4006818761453
2022,3552809,Taboão da Serra,1470,1054.0,-416.0,0.0,1568.020087858937,-1127.506887636032,349.9520195388901,1470.0,3038.0200878589367,342.49311236396807,1819.95201953889,-765.95201953889,765.95201953889
2022,3552908,Taciba,42,66.0,24.0,0.0,-77.5114852090802,6.412914993820493,-30.56693152214861,42.0,-35.511485209080206,48.41291499382049,11.43306847785139,54.56693152214861,54.56693152214861
2022,3553005,Taguaí,-50,-23.0,27.0,0.0,-87.19983709418722,107.90785362995109,178.92493675513788,-50.0,-137.19983709418722,57.90785362995109,128.92493675513788,-151.92493675513788,151.92493675513788
2022,3553104,Taiaçu,12,1.0,-11.0,0.0,-271.3421649504075,110.09752542149079,23.446376252243287,12.0,-259.3421649504075,122.09752542149079,35.44637625224328,-34.44637625224328,34.44637625224328
2022,3553203,Taiúva,5,55.0,50.0,0.0,388.8566217214941,153.20485501376663,43.44521242340077,5.0,393.8566217214941,158.20485501376663,48.44521242340077,6.554787576599232,6.554787576599232
2022,3553302,Tambaú,-105,305.0,410.0,0.0,86.49033802511337,133.58438418474532,311.18899694098576,-105.0,-18.509661974886626,28.584384184745318,206.18899694098576,98.81100305901424,98.81100305901424
2022,3553401,Tanabi,59,154.0,95.0,0.0,4.380106935406104,67.13646307103295,103.15595441198884,59.0,63.380106935406104,126.13646307103295,162.15595441198883,-8.15595441198883,8.15595441198883
2022,3553500,Tapiraí,20,-82.0,-102.0,0.0,79.88820283653865,98.55140563071711,29.099012730457137,20.0,99.88820283653865,118.55140563071711,49.09901273045713,-131.09901273045713,131.09901273045713
2022,3553609,Tapiratiba,153,88.0,-65.0,0.0,-289.4520953972226,-24.80178491965222,-31.69191129539296,153.0,-136.4520953972226,128.19821508034778,121.30808870460704,-33.308088704607044,33.308088704607044
2022,3553658,Taquaral,84,20.0,-64.0,0.0,-176.294146374835,-242.26342505754735,-38.55494257315639,84.0,-92.29414637483501,-158.26342505754735,45.44505742684361,-25.44505742684361,25.44505742684361
2022,3553708,Taquaritinga,406,208.0,-198.0,0.0,-202.11882091451236,-56.75607427420806,146.3156965246151,406.0,203.88117908548764,349.24392572579194,552.3156965246151,-344.3156965246151,344.3156965246151
2022,3553807,Taquarituba,241,73.0,-168.0,0.0,112.59065845527607,13.985640434875961,26.746516124226712,241.0,353.59065845527607,254.98564043487596,267.74651612422673,-194.74651612422673,194.74651612422673
2022,3553856,Taquarivaí,165,-7.0,-172.0,0.0,194.83681765117,-12.75538789994863,-56.54075775112027,165.0,359.83681765117,152.24461210005137,108.45924224887973,-115.45924224887973,115.45924224887973
2022,3553906,Tarabai,22,-50.0,-72.0,0.0,-382.3679929406307,78.81372619309076,26.127119101954335,22.0,-360.3679929406307,100.81372619309076,48.127119101954335,-98.12711910195434,98.12711910195434
2022,3553955,Tarumã,413,271.0,-142.0,0.0,-294.5240159765101,-112.34246759875597,37.140990242622294,413.0,118.4759840234899,300.657532401244,450.1409902426223,-179.1409902426223,179.1409902426223
2022,3554003,Tatuí,947,854.0,-93.0,0.0,222.3245994949075,-459.6593196471583,590.374143991481,947.0,1169.3245994949075,487.3406803528417,1537.374143991481,-683.3741439914811,683.3741439914811
2022,3554102,Taubaté,4120,3241.0,-879.0,0.0,-478.4743294765882,-1961.8150312686178,158.01532176157173,4120.0,3641.525670523412,2158.1849687313825,4278.015321761572,-1037.0153217615716,1037.0153217615716
2022,3554201,Tejupá,-89,-29.0,60.0,0.0,-86.4814251499605,211.9159182800974,272.73564337716385,-89.0,-175.4814251499605,122.9159182800974,183.73564337716385,-212.73564337716385,212.73564337716385
2022,3554300,Teodoro Sampaio,111,107.0,-4.0,0.0,-140.91704700309634,45.665729722692106,11.52530775857186,111.0,-29.917047003096343,156.6657297226921,122.52530775857186,-15.525307758571856,15.525307758571856
2022,3554409,Terra Roxa,53,4.0,-49.0,0.0,-441.6950377791002,80.18538933509257,31.992405671664088,53.0,-388.6950377791002,133.18538933509257,84.99240567166409,-80.99240567166409,80.99240567166409
2022,3554508,Tietê,300,123.0,-177.0,0.0,-140.71749800847147,-88.0259759785535,110.36255473468792,300.0,159.28250199152853,211.9740240214465,410.36255473468793,-287.36255473468793,287.36255473468793
2022,3554607,Timburi,-5,-20.0,-15.0,0.0,-174.08891016055543,138.16742858650156,42.902657369758764,-5.0,-179.08891016055543,133.16742858650156,37.902657369758764,-57.902657369758764,57.902657369758764
2022,3554656,Torre de Pedra,7,-17.0,-24.0,0.0,-419.93113825167075,14.353859082701945,-20.141341671686973,7.0,-412.93113825167075,21.353859082701945,-13.141341671686973,-3.8586583283130267,3.8586583283130267
2022,3554706,Torrinha,221,138.0,-83.0,0.0,-343.1460034986803,-73.85005995943095,-129.78008017824985,221.0,-122.14600349868027,147.14994004056905,91.21991982175015,46.78008017824985,46.78008017824985
2022,3554755,Trabiju,-18,25.0,43.0,0.0,-81.26375916374604,235.40094480675538,48.39778133017103,-18.0,-99.26375916374604,217.40094480675538,30.39778133017103,-5.3977813301710285,5.3977813301710285
2022,3554805,Tremembé,120,-40.0,-160.0,0.0,252.09740264496747,36.28052160478717,46.19351692370679,120.0,372.0974026449675,156.28052160478717,166.1935169237068,-206.1935169237068,206.1935169237068
2022,3554904,Três Fronteiras,-13,38.0,51.0,0.0,373.36216576966603,206.65993191104297,44.183956460541125,-13.0,360.36216576966603,193.65993191104297,31.183956460541125,6.8160435394588745,6.8160435394588745
2022,3554953,Tuiuti,66,41.0,-25.0,0.0,-132.00474528923965,-74.72631742478609,-35.82675950406241,66.0,-66.00474528923965,-8.726317424786089,30.17324049593759,10.826759504062409,10.826759504062409
2022,3555000,Tupã,472,161.0,-311.0,0.0,86.16675963411149,-80.98313555913649,-78.71062076799124,472.0,558.1667596341115,391.0168644408635,393.28937923200874,-232.28937923200874,232.28937923200874
2022,3555109,Tupi Paulista,310,115.0,-195.0,0.0,-158.6455875438802,-151.19917629506358,-142.7456587957667,310.0,151.3544124561198,158.80082370493642,167.2543412042333,-52.2543412042333,52.2543412042333
2022,3555208,Turiúba,-17,9.0,26.0,0.0,-281.9314488048803,253.74185429883363,49.31081470812818,-17.0,-298.9314488048803,236.74185429883363,32.31081470812818,-23.310814708128177,23.310814708128177
2022,3555307,Turmalina,-1,27.0,28.0,0.0,-75.23676418984144,145.5723386266157,43.71800030990464,-1.0,-76.23676418984144,144.5723386266157,42.71800030990464,-15.718000309904639,15.718000309904639
2022,3555356,Ubarana,95,-36.0,-131.0,0.0,-593.2451614799179,-13.644292469493735,-34.26470483609797,95.0,-498.2451614799179,81.35570753050627,60.73529516390203,-96.73529516390204,96.73529516390204
2022,3555406,Ubatuba,977,686.0,-291.0,0.0,-58.68718039794112,-390.82792856462106,-373.639218803021,977.0,918.3128196020589,586.1720714353789,603.360781196979,82.63921880302098,82.63921880302098
2022,3555505,Ubirajara,-175,-45.0,130.0,0.0,391.58821031579635,273.4256681432111,283.78486631959385,-175.0,216.58821031579635,98.42566814321111,108.78486631959385,-153.78486631959385,153.78486631959385
2022,3555604,Uchoa,99,-36.0,-135.0,0.0,-40.753730075968974,4.583563891816084,-0.49393041806134214,99.0,58.246269924031026,103.58356389181608,98.50606958193866,-134.50606958193868,134.50606958193868
2022,3555703,União Paulista,13,-12.0,-25.0,0.0,-483.16417717979226,53.67265121709124,6.722425186183564,13.0,-470.16417717979226,66.67265121709124,19.722425186183564,-31.722425186183564,31.722425186183564
2022,3555802,Urânia,31,-39.0,-70.0,0.0,-98.11742609539533,76.86357839648173,26.545382638616317,31.0,-67.11742609539533,107.86357839648173,57.54538263861632,-96.54538263861632,96.54538263861632
2022,3555901,Uru,16,-3.0,-19.0,0.0,405.26902029594146,-2.8244674958227733,-31.68476181012271,16.0,421.26902029594146,13.175532504177227,-15.684761810122708,12.684761810122708,12.684761810122708
2022,3556008,Urupês,84,88.0,4.0,0.0,-37.56403697896212,67.32592639987024,32.03681211886176,84.0,46.43596302103788,151.32592639987024,116.03681211886176,-28.03681211886176,28.03681211886176
2022,3556107,Valentim Gentil,-35,333.0,368.0,0.0,208.75692788352978,119.5519021377142,98.97440061543334,-35.0,173.75692788352978,84.5519021377142,63.97440061543334,269.02559938456665,269.02559938456665
2022,3556206,Valinhos,1688,163.0,-1525.0,0.0,235.39059786618975,-868.7812068209782,587.2102220419436,1688.0,1923.3905978661896,819.2187931790218,2275.210222041944,-2112.210222041944,2112.210222041944
2022,3556305,Valparaíso,135,556.0,421.0,0.0,-276.62635849025924,-8.395329405536586,52.62040492060974,135.0,-141.62635849025924,126.60467059446341,187.62040492060973,368.37959507939024,368.37959507939024
2022,3556354,Vargem,53,74.0,21.0,0.0,-49.69720806944372,85.35065821959728,11.43234488750296,53.0,3.302791930556282,138.35065821959728,64.43234488750296,9.567655112497036,9.567655112497036
2022,3556404,Vargem Grande do Sul,548,87.0,-461.0,0.0,-298.53138810198277,-90.44851537806358,-121.53935069198234,548.0,249.46861189801723,457.5514846219364,426.46064930801765,-339.46064930801765,339.46064930801765
2022,3556453,Vargem Grande Paulista,802,587.0,-215.0,0.0,-460.38260380695056,-341.99821173103595,-509.4822770571584,802.0,341.61739619304944,460.00178826896405,292.5177229428416,294.4822770571584,294.4822770571584
2022,3556503,Várzea Paulista,803,427.0,-376.0,0.0,-51.155131508409795,-367.0593340818772,-246.7592818164221,803.0,751.8448684915902,435.9406659181228,556.2407181835779,-129.24071818357788,129.24071818357788
2022,3556602,Vera Cruz,45,-11.0,-56.0,0.0,-152.7068052740689,77.0560069458329,9.690567213134749,45.0,-107.7068052740689,122.0560069458329,54.69056721313475,-65.69056721313476,65.69056721313476
2022,3556701,Vinhedo,1687,81.0,-1606.0,0.0,-194.89888789303612,-1068.1828597737633,542.4773442723948,1687.0,1492.101112106964,618.8171402262367,2229.477344272395,-2148.477344272395,2148.477344272395
2022,3556800,Viradouro,28,-293.0,-321.0,0.0,-154.73373687908656,101.35594212896746,70.59081801866716,28.0,-126.73373687908656,129.35594212896746,98.59081801866716,-391.59081801866716,391.59081801866716
2022,3556909,Vista Alegre do Alto,401,125.0,-276.0,0.0,-659.1471617582195,-84.54282462853331,-180.04005507157495,401.0,-258.14716175821945,316.4571753714667,220.95994492842505,-95.95994492842505,95.95994492842505
2022,3556958,Vitória Brasil,-5,10.0,15.0,0.0,-83.33825161057905,210.32271487299653,42.80665736975877,-5.0,-88.33825161057905,205.32271487299653,37.80665736975877,-27.806657369758767,27.806657369758767
2022,3557006,Votorantim,1154,662.0,-492.0,0.0,-66.15349247318471,-530.6873578013208,-255.15787253559415,1154.0,1087.8465075268152,623.3126421986792,898.8421274644058,-236.84212746440585,236.84212746440585
2022,3557105,Votuporanga,-506,709.0,1215.0,0.0,1598.5833684229474,155.5687440027184,1284.4881383894315,-506.0,1092.5833684229474,-350.4312559972816,778.4881383894315,-69.48813838943147,69.48813838943147
2022,3557154,Zacarias,13,37.0,24.0,0.0,-163.864690107798,109.74285830688859,24.02520451020292,13.0,-150.864690107798,122.74285830688859,37.02520451020292,-0.025204510202918584,0.025204510202918584
2022,3557204,Chavantes,75,1540.0,1465.0,0.0,13.747590507733378,88.1932725848473,-84.8182006333549,75.0,88.74759050773338,163.1932725848473,-9.818200633354905,1549.818200633355,1549.818200633355
2022,3557303,Estiva Gerbi,111,-18.0,-129.0,0.0,-105.71584310992034,21.645824888292736,3.089340881228354,111.0,5.284156890079657,132.64582488829274,114.08934088122835,-132.08934088122834,132.08934088122834
