ano,codigo_ibge,municipio,populacao_2022,saldo_empregos,saldo_por_1000_hab,saldo_por_1000_proximo_ano,variacao_saldo_por_1000_proximo_ano,delta_baseline,delta_linear,delta_ridge,delta_random_forest,taxa_prevista_baseline,taxa_prevista_linear,taxa_prevista_ridge,taxa_prevista_random_forest,saldo_real_2023,saldo_previsto_baseline,saldo_previsto_linear,saldo_previsto_ridge,saldo_previsto_random_forest,erro_rf,erro_absoluto_rf
2022,3500105,Adamantina,34687,650,18.739008850578028,13.6074033499582,-5.131605500619829,0.0,-6.726778658367163,-6.049130261678086,-6.889333061994794,18.739008850578028,12.012230192210865,12.68987858889994,11.849675788583234,472.0000000000001,650.0,416.6682286772183,440.1738186131722,411.02970407858663,60.97029592141348,60.97029592141348
2022,3500204,Adolfo,4351,77,17.697081130774535,-10.34245001149161,-28.039531142266146,0.0,-1.1498980783969488,-8.72288520138126,-8.228440374549695,17.697081130774535,16.547183052377587,8.974195929393275,9.46864075622484,-45.0,77.0,71.99679346089489,39.04672648879014,41.198055930334284,-86.19805593033428,86.19805593033428
2022,3500303,Aguaí,32072,382,11.910700922923422,8.512097779995011,-3.39860314292841,0.0,-4.844229791129556,1.5422987129988017,-0.5821968284995724,11.910700922923422,7.0664711317938655,13.452999635922223,11.328504094423849,273.0,382.0,226.63586213889283,431.4646043232976,363.32778331636166,-90.32778331636166,90.32778331636166
2022,3500402,Águas da Prata,7369,9,1.2213326095806758,7.599402904057538,6.378070294476862,0.0,1.802736802892195,6.2232655337802525,7.189426455111977,1.2213326095806758,3.024069412472871,7.4445981433609285,8.410759064692652,55.99999999999999,9.0,22.284367500512584,54.85924371842668,61.97888354772015,-5.978883547720159,5.978883547720159
2022,3500501,Águas de Lindóia,17930,279,15.560513106525375,11.823759063022866,-3.7367540435025113,0.0,-6.008748773428218,-3.6443596815905277,-0.625011975727433,15.560513106525375,9.551764333097157,11.916153424934848,14.935501130797942,212.0,279.0,171.26313449243202,213.6566309090818,267.7935352752071,-55.79353527520709,55.79353527520709
2022,3500550,Águas de Santa Bárbara,7177,-194,-27.03079281036645,1.8113417862616688,28.84213459662812,0.0,49.03456889089099,42.58506472877119,42.60313703724501,-27.03079281036645,22.00377608052454,15.554271918404737,15.572344226878563,12.999999999999996,-194.0,157.92110092992462,111.6330095583908,111.76271451630744,-98.76271451630744,98.76271451630744
2022,3500600,Águas de São Pedro,2780,74,26.61870503597122,16.906474820143885,-9.712230215827336,0.0,-25.573761852507026,-15.089497631870856,-18.647036671684326,26.61870503597122,1.044943183464195,11.529207404100365,7.971668364286895,47.0,74.0,2.9049420500304617,32.05119658339901,22.16123805271757,24.83876194728243,24.83876194728243
2022,3500709,Agudos,37680,828,21.97452229299363,5.918259023354565,-16.056263269639064,0.0,-10.26231685458657,-9.522737663385545,-13.028051990381076,21.97452229299363,11.712205438407059,12.451784629608085,8.946470302612553,223.00000000000003,828.0,441.315900919178,469.1832448436326,337.103001002441,-114.10300100244095,114.10300100244095
2022,3500758,Alambari,6141,-8,-1.3027194268034523,10.74743527112848,12.050154697931934,0.0,6.86327589117467,7.6467177874926,5.046882639260966,-1.3027194268034523,5.560556464371217,6.343998360689147,3.7441632124575137,66.0,-8.000000000000002,34.147377247703645,38.958493932992056,22.992906287701594,43.007093712298406,43.007093712298406
2022,3500808,Alfredo Marcondes,4445,-22,-4.949381327334083,4.949381327334083,9.898762654668166,0.0,10.486685800400801,10.284474698464344,14.615790499676601,-4.949381327334083,5.537304473066718,5.33509337113026,9.666409172342519,22.0,-22.0,24.613318382781564,23.714490034674007,42.967188771062496,-20.967188771062496,20.967188771062496
2022,3500907,Altair,3451,24,6.954505940307158,16.5169516082295,9.562445667922344,0.0,-5.834827798396089,2.239813858335303,1.7753479914654706,6.954505940307158,1.119678141911069,9.19431979864246,8.729853931772627,57.00000000000001,24.0,3.8640092677350997,31.729597625115133,30.126725918547336,26.87327408145267,26.87327408145267
2022,3501004,Altinópolis,16818,-39,-2.31894398858366,8.859555238435009,11.17849922701867,0.0,13.940508214378683,12.760594859463568,11.01024939053127,-2.31894398858366,11.621564225795023,10.441650870879908,8.69130540194761,148.99999999999997,-38.99999999999999,195.4514671494207,175.60768434645829,146.17037424995488,2.8296257500450963,2.8296257500450963
2022,3501103,Alto Alegre,3841,29,7.550117156990368,23.952095808383238,16.401978651392866,0.0,-0.6135832395140959,1.3884829869488902,0.26945801218226234,7.550117156990368,6.936533917476272,8.938600143939258,7.81957516917263,92.00000000000001,29.0,26.64322677702636,34.333163152870696,30.034988224792073,61.96501177520794,61.96501177520794
2022,3501152,Alumínio,17301,795,45.951101092422405,1.907404196289232,-44.04369689613317,0.0,-37.97525913515687,-33.47594020399361,-50.125506283063835,45.951101092422405,7.975841957265537,12.475160888428796,-4.17440519064143,33.00000000000001,795.0,137.99004170265107,215.8327585307066,-72.22138420328739,105.22138420328739,105.22138420328739
2022,3501202,Álvares Florence,3915,25,6.385696040868455,-3.5759897828863347,-9.96168582375479,0.0,1.0201785591236396,-1.8590526980505377,-4.061611004038828,6.385696040868455,7.405874599992094,4.526643342817917,2.3240850368296266,-14.0,25.0,28.99399905896905,17.721808687132146,9.09879291918799,-23.09879291918799,23.09879291918799
2022,3501301,Álvares Machado,27255,250,9.1726288754357,5.356815263254449,-3.815813612181252,0.0,-2.829650576495615,-5.4083264612117805,-4.730466208359494,9.1726288754357,6.342978298940086,3.76430241422392,4.442162667076206,146.0,250.0,172.87787353761203,102.59606229967294,121.071143491162,24.928856508837995,24.928856508837995
2022,3501400,Álvaro de Carvalho,4808,-8,-1.663893510815308,-2.2878535773710484,-0.6239600665557405,0.0,0.39783492573367196,4.96621291800061,4.398949317693423,-1.663893510815308,-1.266058585081636,3.302319407185302,2.7350558068781146,-11.0,-8.0,-6.087209677072505,15.877551709746934,13.150148319469974,-24.150148319469974,24.150148319469974
2022,3501509,Alvinlândia,2885,5,1.7331022530329288,-1.7331022530329288,-3.466204506065857,0.0,-1.8151441260276335,2.7950608964908996,2.4404360263632845,1.7331022530329288,-0.08204187299470478,4.528163149523828,4.1735382793962135,-4.999999999999999,4.999999999999999,-0.23669080358972328,13.063750686376245,12.040657936058077,-17.040657936058075,17.040657936058075
2022,3501608,Americana,237240,3418,14.407351205530263,1.5553869499241273,-12.851964255606138,0.0,1.2468938531482932,2.6054715736503615,-0.2026064191071374,14.407351205530263,15.654245058678557,17.012822779180624,14.204744786423126,368.99999999999994,3417.9999999999995,3713.8130977209007,4036.1220761328113,3369.9336531310223,-3000.9336531310223,3000.9336531310223
2022,3501707,Américo Brasiliense,33019,672,20.351918592325628,4.1188406674944735,-16.233077924831154,0.0,-13.594384880977785,-4.017856787212976,4.050995933146598,20.351918592325628,6.757533711347843,16.334061805112654,24.402914525472227,136.00000000000003,671.9999999999999,223.12700561499443,539.3343867430146,805.7598347165674,-669.7598347165674,669.7598347165674
2022,3501806,Américo de Campos,5870,-19,-3.2367972742759794,6.984667802385008,10.221465076660987,0.0,5.039253102999029,6.821760431177928,4.477697096451816,-3.2367972742759794,1.8024558287230499,3.584963156901949,1.240899822175837,41.0,-19.0,10.580415714604303,21.043733731014438,7.284081956172162,33.71591804382784,33.71591804382784
2022,3501905,Amparo,68008,466,6.8521350429361245,4.117162686742736,-2.7349723561933885,0.0,5.196331857855291,8.275089724600068,9.208969082614543,6.8521350429361245,12.048466900791414,15.127224767536193,16.061104125550667,280.0,465.99999999999994,819.3921369890224,1028.7723019906014,1092.2835693704496,-812.2835693704496,812.2835693704496
2022,3502002,Analândia,4589,-432,-94.13815646110264,15.253867945086077,109.39202440618872,0.0,104.24547098343784,106.24250436858225,98.901463893781,-94.13815646110264,10.107314522335201,12.104347907479607,4.76330743267836,70.0,-432.0,46.38246634299624,55.54685254742392,21.858817808560993,48.14118219143901,48.14118219143901
2022,3502101,Andradina,59783,538,8.999213823327702,16.258802669655253,7.259588846327551,0.0,7.281499278884492,5.379688691749079,2.0576127057707656,8.999213823327702,16.280713102212193,14.378902515076781,11.056826529098467,972.0,538.0,973.3098713895515,859.6139290588353,661.0102603890937,310.9897396109063,310.9897396109063
2022,3502200,Angatuba,24022,285,11.864124552493548,-11.322953958871034,-23.187078511364582,0.0,-6.067818845882736,-3.251681892549267,-3.1820487135240283,11.864124552493548,5.796305706610812,8.612442659944282,8.68207583896952,-272.0,285.0,139.23885568420494,206.88809757718155,208.56082580372583,-480.56082580372583,480.56082580372583
2022,3502309,Anhembi,5674,33,5.816002819880155,5.9922453295734925,0.1762425096933375,0.0,-5.321387776177416,1.8235582808596702,1.4007482612316635,5.816002819880155,0.4946150437027388,7.639561100739825,7.216751081111818,34.0,33.0,2.80644575796934,43.34686968559777,40.94784563422846,-6.947845634228457,6.947845634228457
2022,3502408,Anhumas,4023,8,1.9885657469550089,-1.2428535918468804,-3.231419338801889,0.0,0.6841110122184817,1.7954242170248687,2.756258459173606,1.9885657469550089,2.6726767591734903,3.7839899639798773,4.744824206128615,-5.0,8.000000000000002,10.752178602154952,15.222991625091046,19.08842778125542,-24.08842778125542,24.08842778125542
2022,3502507,Aparecida,32569,951,29.199545580152904,24.83957137154963,-4.359974208603273,0.0,-21.29511779516369,-17.256564608689708,-23.450879402820785,29.199545580152904,7.904427784989213,11.942980971463196,5.748666177332119,809.0,950.9999999999999,257.4393085293137,388.9709472595849,187.2283087295298,621.7716912704702,621.7716912704702
2022,3502606,Aparecida d'Oeste,4086,76,18.60009789525208,13.705335291238374,-4.894762604013707,0.0,-12.298497348312923,-11.801186669585935,-12.89863915710767,18.60009789525208,6.301600546939158,6.798911225666146,5.70145873814441,55.99999999999999,76.0,25.7483398347934,27.780351268071872,23.29616040405806,32.70383959594193,32.70383959594193
2022,3502705,Apiaí,24585,185,7.524913565182021,1.0575554199715274,-6.467358145210493,0.0,6.115941563730777,5.360063099932303,6.051213767570542,7.524913565182021,13.640855128912797,12.884976665114323,13.576127332752563,26.0,184.99999999999997,335.36042334432113,316.7771513118356,333.7690904757217,-307.7690904757217,307.7690904757217
2022,3502754,Araçariguama,21522,698,32.43193011801878,-16.401821392063933,-48.83375151008271,0.0,-8.700801432369772,-4.999672866102787,-2.344165103291365,32.43193011801878,23.731128685649004,27.43225725191599,30.08776501472741,-353.0,698.0000000000001,510.74135157253784,590.3970405757359,647.5488786469633,-1000.5488786469633,1000.5488786469633
2022,3502804,Araçatuba,200124,2041,10.19867682037137,10.563450660590432,0.3647738402190636,0.0,0.736355705294027,0.6040526108810742,-0.21812788181965553,10.19867682037137,10.935032525665397,10.802729431252445,9.980548938551713,2113.9999999999995,2041.0,2188.362449166262,2161.8854246999645,1997.347375778723,116.65262422127648,116.65262422127648
2022,3502903,Araçoiaba da Serra,32443,530,16.33634374133095,11.404617328853682,-4.931726412477268,0.0,-9.380192016606383,-6.164841318548618,-6.757134885135611,16.33634374133095,6.956151724724567,10.171502422782332,9.57920885619534,370.0,530.0,225.6784304052391,329.9940531023272,310.7782729215454,59.22172707845459,59.22172707845459
2022,3503000,Aramina,5420,3,0.5535055350553505,8.487084870848708,7.933579335793357,0.0,3.4475595795120677,5.539440433719001,4.0069806770017475,0.5535055350553505,4.001065114567418,6.092945968774352,4.560486212057098,46.0,2.9999999999999996,21.685772920955408,33.02376715075698,24.71783526934947,21.28216473065053,21.28216473065053
2022,3503109,Arandu,6885,75,10.893246187363834,-22.65795206971677,-33.55119825708061,0.0,2.0351934052808547,-0.21684878282322773,1.0690343979343484,10.893246187363834,12.92843959264469,10.676397404540607,11.962280585298183,-155.99999999999997,75.0,89.0123065953587,73.50699613026208,82.360301829778,-238.36030182977797,238.36030182977797
2022,3503158,Arapeí,2330,14,6.008583690987125,6.437768240343348,0.4291845493562229,0.0,-5.6191930617013925,-4.078068293397185,-0.873088218924978,6.008583690987125,0.38939062928573254,1.9305153975899403,5.135495472062147,15.000000000000002,14.000000000000002,0.9072801662357568,4.498100876384561,11.965704449904802,3.0342955500952,3.0342955500952
2022,3503208,Araraquara,242228,1743,7.1956999190845,1.188962465115511,-6.006737453968988,0.0,7.911826787730239,7.59852223309119,4.724440184292498,7.1956999190845,15.107526706814738,14.79422215217569,11.920140103376998,288.0,1743.0000000000005,3659.46597913832,3583.574843477213,2887.3916969608035,-2599.3916969608035,2599.3916969608035
2022,3503307,Araras,130866,1464,11.187015726009813,2.2236486176699835,-8.963367108339828,0.0,-0.8019940367693492,1.2008690549791388,-0.40339529786768236,11.187015726009813,10.385021689240464,12.387884780988951,10.78362042814213,291.00000000000006,1464.0000000000002,1359.0462483841425,1621.1529297489,1411.209270949248,-1120.209270949248,1120.209270949248
2022,3503356,Arco-Íris,2044,18,8.806262230919765,-18.101761252446185,-26.90802348336595,0.0,0.14621775528936065,-4.593327495105976,-9.276409812148506,8.806262230919765,8.952479986209125,4.212934735813789,-0.47014758122874056,-37.0,18.0,18.29886909181145,8.611238600003386,-0.9609816560315457,-36.03901834396846,36.03901834396846
2022,3503406,Arealva,8130,-116,-14.268142681426813,-9.84009840098401,4.428044280442803,0.0,21.845792632413737,24.10595930277396,25.491339059232956,-14.268142681426813,7.577649950986924,9.837816621347148,11.223196377806143,-80.0,-115.99999999999999,61.606294101523694,79.98144913155232,91.24458655156394,-171.24458655156394,171.24458655156394
2022,3503505,Areias,3577,80,22.365110427732738,62.063181436958345,39.69807100922561,0.0,-17.240597539298914,-13.717187744501771,-20.596486627858898,22.365110427732738,5.124512888433824,8.647922683230966,1.7686237998738399,222.0,80.0,18.330382601927788,30.93361943791717,6.326367332148725,215.67363266785128,215.67363266785128
2022,3503604,Areiópolis,10130,127,12.537018756169791,11.846001974333662,-0.6910167818361295,0.0,-8.314737817735372,-4.624749673967685,-3.5845877431794113,12.537018756169791,4.2222809384344195,7.912269082202107,8.952431012990381,120.0,126.99999999999999,42.77170590634067,80.15128580270733,90.68812616159256,29.311873838407436,29.311873838407436
2022,3503703,Ariranha,7602,-406,-53.40699815837937,9.997369113391212,63.40436727177058,0.0,47.939077155335866,59.529103787280285,93.60971330868298,-53.40699815837937,-5.467921003043507,6.122105628900911,40.20271515030361,76.0,-406.0,-41.567135465136744,46.54024699090473,305.6210405726081,-229.62104057260808,229.62104057260808
2022,3503802,Artur Nogueira,51456,172,3.3426616915422884,5.402674129353233,2.060012437810945,0.0,1.9964929245969352,6.462708067765066,11.855443331662647,3.3426616915422884,5.339154616139224,9.805369759307354,15.198105023204935,277.99999999999994,172.0,274.73153992805993,504.5451063349192,782.0336920740331,-504.0336920740331,504.0336920740331
2022,3503901,Arujá,86678,1293,14.917280047993724,13.094441496112047,-1.8228385518816757,0.0,-4.439530084788533,-1.4475867593473455,0.9161647302531105,14.917280047993724,10.477749963205191,13.46969328864638,15.833444778246834,1135.0,1293.0,908.1904113106996,1167.526074873291,1372.411326488879,-237.411326488879,237.411326488879
2022,3503950,Aspásia,1842,1,0.5428881650380022,2.1715526601520088,1.6286644951140066,0.0,3.4498639164548335,3.263379265912689,3.6737702128829204,0.5428881650380022,3.992752081492836,3.806267430950691,4.216658377920923,4.0,1.0,7.354649334109804,7.011144607811173,7.76708473213034,-3.76708473213034,3.76708473213034
2022,3504008,Assis,101409,784,7.731069234486092,7.38593221508939,-0.3451370193967014,0.0,1.2502025605148057,2.881768568908945,1.5039615979812087,7.731069234486092,8.981271795000897,10.612837803395037,9.2350308324673,749.0,784.0000000000001,910.7817914592459,1076.2372688044873,936.5152416896764,-187.51524168967637,187.51524168967637
2022,3504107,Atibaia,158647,2401,15.134228822480097,7.872824572793686,-7.261404249686411,0.0,1.0313999316168563,-1.2656137674312573,-1.9067315952484052,15.134228822480097,16.165628754096954,13.868615055048839,13.22749722723169,1248.9999999999998,2401.0,2564.6285049512194,2200.214172638333,2098.502752608626,-849.5027526086262,849.5027526086262
2022,3504206,Auriflama,13692,-125,-9.129418638621091,-0.0730353491089687,9.056383289512125,0.0,12.494390871167095,16.68179455458887,23.289180740503706,-9.129418638621091,3.3649722325460036,7.552375915967778,14.159762101882615,-0.9999999999999993,-124.99999999999999,46.07319980801988,103.40713104143082,193.87546269897678,-194.87546269897678,194.87546269897678
2022,3504305,Avaí,4483,166,37.02877537363373,13.160829801472229,-23.867945572161503,0.0,-15.91840636336369,-9.58546505268764,-23.45733429951917,37.02877537363373,21.110369010270038,27.44331032094609,13.571441074114556,59.0,166.0,94.63778427304058,123.02836016880131,60.840770335255556,-1.8407703352555558,1.8407703352555558
2022,3504404,Avanhandava,11263,10,0.8878629139660836,17.31332682233863,16.425463908372546,0.0,0.4809734362546041,9.275631177468888,8.5591785729926,0.8878629139660836,1.3688363502206877,10.163494091434972,9.447041486958684,195.0,10.0,15.417203812535607,114.4714339518321,106.40202826761565,88.59797173238435,88.59797173238435
2022,3504503,Avaré,92805,1086,11.701955713593016,8.512472388341147,-3.189483325251871,0.0,1.0913730598231617,0.7628245159736837,-1.0038578785207246,11.701955713593016,12.793328773416178,12.4647802295667,10.698097835072291,790.0000000000001,1085.9999999999998,1187.2848768168883,1156.7939292049375,992.836969583884,-202.83696958388384,202.83696958388384
2022,3504602,Bady Bassitt,27260,697,25.568598679383715,17.93837123991196,-7.630227439471756,0.0,-0.2322565812537667,-12.886446322659557,-15.561771926722246,25.568598679383715,25.336342098129947,12.682152356724158,10.00682675266147,489.0,697.0000000000001,690.6686855950225,345.7154732443006,272.7860972775517,216.21390272244832,216.21390272244832
2022,3504701,Balbinos,3887,-14,-3.601749421147414,1.800874710573707,5.402624131721121,0.0,-12.976099078820123,6.990461381470183,7.011428907816346,-3.601749421147414,-16.577848499967537,3.388711960322769,3.409679486668932,6.999999999999999,-13.999999999999998,-64.43809711937382,13.171923389774603,13.253424164682139,-6.25342416468214,6.25342416468214
2022,3504800,Bálsamo,9596,-634,-66.06919549812422,5.002084201750729,71.07127969987495,0.0,77.31559279226934,75.35957424231566,98.55921578031702,-66.06919549812422,11.246397294145126,9.290378744191443,32.4900202821928,47.99999999999999,-634.0,107.92042843461662,89.15047442926108,311.7742346279221,-263.7742346279221,263.7742346279221
2022,3504909,Bananal,9969,68,6.821145551208747,2.4074631357207346,-4.413682415488012,0.0,-6.05249883726658,-2.256590605425415,-0.7805228463487816,6.821145551208747,0.7686467139421671,4.564554945783332,6.040622704859965,24.000000000000004,68.0,7.662639091289464,45.50404825451403,60.21896774474899,-36.21896774474898,36.21896774474898
2022,3505005,Barão de Antonina,3531,30,8.496176720475786,-10.195412064570943,-18.69158878504673,0.0,0.1721096381327054,0.08198820769242765,1.4827805470917916,8.496176720475786,8.66828635860849,8.578164928168214,9.978957267567578,-36.0,30.0,30.60771913224658,30.289500361361963,35.23569811178112,-71.23569811178112,71.23569811178112
2022,3505104,Barbosa,5640,1,0.1773049645390071,-3.368794326241135,-3.546099290780142,0.0,-2.6507212422368926,9.967925267395692,8.487854425303363,0.1773049645390071,-2.4734162776978854,10.145230231934699,8.665159389842369,-19.0,1.0,-13.950067806216072,57.219098508111706,48.87149895871096,-67.87149895871096,67.87149895871096
2022,3505203,Bariri,31595,1827,57.82560531729704,-25.35211267605634,-83.17771799335338,0.0,-48.033160557599466,-41.52478803200685,-45.40982344132613,57.82560531729704,9.792444759697574,16.300817285290186,12.415781875970907,-801.0,1827.0,309.39229218264484,515.0243221287435,392.27662837130083,-1193.2766283713008,1193.2766283713008
2022,3505302,Barra Bonita,34346,609,17.731322424736504,9.200489139928958,-8.530833284807546,0.0,-7.171190722335902,-4.906736191956151,-3.3174668716979503,17.731322424736504,10.560131702400602,12.824586232780353,14.413855553038553,316.0,609.0,362.6982834506511,440.473238751074,495.0582828246622,-179.05828282466217,179.05828282466217
2022,3505351,Barra do Chapéu,5179,40,7.723498744931454,-16.605522301602626,-24.32902104653408,0.0,-2.2947400040671644,2.453994968089674,1.8805157586662977,7.723498744931454,5.428758740864289,10.177493713021128,9.604014503597751,-86.0,40.0,28.115541518936155,52.70923993973643,49.73919111413275,-135.73919111413275,135.73919111413275
2022,3505401,Barra do Turvo,6876,59,8.580570098894706,-3.0541012216404884,-11.634671320535194,0.0,-9.634088350655828,-5.813335420794313,-5.41622008825685,8.580570098894706,-1.0535182517611226,2.767234678100393,3.1643500106378557,-20.999999999999996,58.99999999999999,-7.2439914991094785,19.0275056466183,21.758070673145895,-42.758070673145895,42.758070673145895
2022,3505500,Barretos,122485,2081,16.98983549006001,5.3231007878515735,-11.666734702208435,0.0,-6.130977993917404,-5.674700817024407,-4.619875829125516,16.98983549006001,10.858857496142605,11.315134673035603,12.369959660934494,652.0,2081.0000000000005,1330.047160415027,1385.9342704267658,1515.1345090695615,-863.1345090695615,863.1345090695615
2022,3505609,Barrinha,32092,463,14.42727159416677,10.8438240059828,-3.5834475881839705,0.0,-3.0381743373155494,-1.3511974160057727,-3.2696921862627195,14.42727159416677,11.38909725685122,13.076074178160997,11.15757940790405,348.0,463.0,365.49890916686934,419.63737252554273,358.0690383584568,-10.069038358456794,10.069038358456794
2022,3505708,Barueri,316473,16492,52.11187052291981,12.904734369124697,-39.20713615379511,0.0,17.606392656615636,12.955917351065063,-17.633495736342155,52.11187052291981,69.71826317953544,65.06778787398487,34.47837478657765,4084.0,16492.0,22063.94790321712,20592.198031843614,10911.47470383259,-6827.4747038325895,6827.4747038325895
2022,3505807,Bastos,21503,59,2.743803190252523,0.74408222108543,-1.9997209691670927,0.0,10.121273884628453,9.137150734373607,6.373018634490747,2.743803190252523,12.865077074880976,11.88095392462613,9.116821824743269,16.000000000000004,59.0,276.6377523411656,255.4761522412357,196.03901969745453,-180.03901969745453,180.03901969745453
2022,3505906,Batatais,58402,502,8.595596041231465,8.920927365501182,0.3253313242697171,0.0,0.5577407520305431,3.846112163595439,1.3779096371012662,8.595596041231465,9.153336793262008,12.441708204826904,9.973505678332732,521.0000000000001,502.0,534.5731754000878,726.6206425783009,582.4726786259882,-61.472678625988124,61.472678625988124
2022,3506003,Bauru,379146,5721,15.089174091247171,11.146102029297422,-3.943072061949749,0.0,1.6005320785368193,1.7916695490274297,-3.445557610818609,15.089174091247171,16.689706169783992,16.880843640274602,11.643616480428562,4226.0,5721.0,6327.835335448922,6400.304342835554,4414.630614088568,-188.6306140885681,188.6306140885681
2022,3506102,Bebedouro,76373,745,9.754756262029774,3.417438099852042,-6.337318162177732,0.0,12.066198985529594,12.441719209953877,5.46764265149313,9.754756262029774,21.820955247559368,22.196475471983653,15.222398913522905,261.0,745.0,1666.5318151218517,1695.2114212218075,1162.5802722224848,-901.5802722224848,901.5802722224848
2022,3506201,Bento de Abreu,2606,54,20.72141212586339,62.93169608595549,42.2102839600921,0.0,-12.988610828506049,-6.49776931809397,-9.71041313186653,20.72141212586339,7.732801297357343,14.223642807769423,11.010998993996862,164.0,54.0,20.151680180913235,37.066813157047115,28.694663378355823,135.3053366216442,135.3053366216442
2022,3506300,Bernardino de Campos,11607,662,57.03454811751529,65.65003876970793,8.61549065219264,0.0,-44.340306660799335,-44.246873592970495,-41.836258046187176,57.03454811751529,12.694241456715957,12.787674524544798,15.198290071328117,762.0,662.0,147.34206058810213,148.42653820639148,176.40655285790544,585.5934471420945,585.5934471420945
2022,3506359,Bertioga,64188,427,6.652333769551941,9.191749236617436,2.539415467065496,0.0,2.1743569293389786,3.1131143501759446,3.337447842726795,6.652333769551941,8.82669069889092,9.765448119727886,9.989781612278737,590.0,427.0,566.5676225804103,626.8245839090935,641.2241021289475,-51.22410212894749,51.22410212894749
2022,3506409,Bilac,7319,160,21.860909960377104,3.689028555813636,-18.171881404563468,0.0,-16.195870985550467,-12.452279869866803,-21.13694839727939,21.860909960377104,5.665038974826636,9.4086300905103,0.7239615630977134,27.0,160.00000000000003,41.462420256756154,68.86176363244488,5.298674680312164,21.701325319687836,21.701325319687836
2022,3506508,Birigui,118979,1867,15.691844779330804,0.6976020978492002,-14.994242681481603,0.0,-5.469276993310833,-3.0824332383750868,-3.55459228236583,15.691844779330804,10.22256778601997,12.609411540955717,12.137252496964974,83.0,1866.9999999999998,1216.27089261287,1500.2551757313702,1444.0781648363957,-1361.0781648363957,1361.0781648363957
2022,3506607,Biritiba Mirim,29683,124,4.177475322575211,1.6507765387595594,-2.526698783815652,0.0,-1.0809695916921123,2.5034389124987744,1.8916369782496927,4.177475322575211,3.096505730883099,6.680914235073986,6.069112300824904,49.0,124.0,91.91357960980302,198.30957723970113,180.14946042538563,-131.14946042538563,131.14946042538563
2022,3506706,Boa Esperança do Sul,12978,56,4.314994606256742,11.172753891200491,6.857759284943751,0.0,-0.1722542682848932,5.706320856333818,7.8397504249902585,4.314994606256742,4.142740337971849,10.021315462590561,12.154745031247,144.99999999999997,56.0,53.76448410619865,130.05663207350028,157.74428101552357,-12.744281015523597,12.744281015523597
2022,3506805,Bocaina,11259,264,23.447908339994672,5.95079491961986,-17.497113420374813,0.0,-13.41195134996771,-8.934207572398945,-20.798635449163914,23.447908339994672,10.035956990026962,14.513700767595727,2.6492728908307583,67.00000000000001,264.0,112.99483975071357,163.40975694236027,29.82816347786351,37.1718365221365,37.1718365221365
2022,3506904,Bofete,10460,-74,-7.074569789674952,13.0019120458891,20.076481835564053,0.0,12.854627372274296,18.33837216568995,27.7880454447749,-7.074569789674952,5.780057582599343,11.263802376014997,20.71347565509995,135.99999999999997,-74.0,60.45940231398913,117.81937285311687,216.66295535234545,-80.66295535234548,80.66295535234548
2022,3507001,Boituva,61081,1154,18.892945433113407,1.2606211424174456,-17.632324290695962,0.0,-3.9712755054138773,-2.1312320515875554,-4.081602264324564,18.892945433113407,14.92166992769953,16.76171338152585,14.811343168788843,77.0,1154.0,911.4305208538149,1023.8222150569804,904.6916520927913,-827.6916520927913,827.6916520927913
2022,3507100,Bom Jesus dos Perdões,22006,130,5.907479778242298,16.540943379078435,10.633463600836135,0.0,-3.9888200766612396,4.886867871436492,3.020959609659412,5.907479778242298,1.918659701581058,10.794347649678791,8.92843938790171,364.00000000000006,130.0,42.22202539299276,237.54041437883149,196.47923717016502,167.52076282983504,167.52076282983504
2022,3507159,Bom Sucesso de Itararé,3555,24,6.751054852320675,1.6877637130801688,-5.063291139240507,0.0,-3.124575986922495,1.4092772304265921,0.9644307221169324,6.751054852320675,3.6264788653981803,8.160332082747267,7.715485574437608,6.0,24.0,12.89213236649053,29.009980554166535,27.428551217125698,-21.428551217125698,21.428551217125698
2022,3507209,Borá,907,129,142.2271223814774,54.02425578831312,-88.20286659316426,0.0,-71.67339319002296,-71.03260508356409,-68.84093154860427,142.2271223814774,70.55372919145442,71.1945172979133,73.38619083287311,49.0,128.99999999999997,63.99223237664916,64.57342718920737,66.56127508541591,-17.561275085415915,17.561275085415915
2022,3507308,Boracéia,4715,186,39.44856839872747,39.23647932131495,-0.2120890774125143,0.0,-23.883549518852654,-21.46512545797922,-23.336823424309944,39.44856839872747,15.565018879874813,17.983442940748247,16.111744974417523,185.0,186.0,73.38906401860974,84.79193346562798,75.96687755437861,109.03312244562139,109.03312244562139
2022,3507407,Borborema,14226,-27,-1.8979333614508644,11.739069309714608,13.637002671165472,0.0,5.3704691702318526,10.375515157097134,5.39739372359465,-1.8979333614508644,3.472535808780988,8.47758179564627,3.4994603621437856,167.00000000000003,-26.999999999999996,49.400294415718335,120.60207862486384,49.78332311185749,117.21667688814253,117.21667688814253
2022,3507456,Borebi,2713,93,34.27939550313306,-2.21157390342794,-36.490969406561,0.0,-23.587864295681154,-22.662278591055095,-31.02843835830299,34.27939550313306,10.691531207451906,11.617116912077964,3.250957144830071,-6.000000000000001,92.99999999999999,29.00612416581702,31.51723818246752,8.819846733923983,-14.819846733923985,14.819846733923985
2022,3507506,Botucatu,145155,1743,12.007853673659191,11.842513175570945,-0.1653404980882484,0.0,0.8325266338677852,1.9808077749536752,-1.4870167298964194,12.007853673659191,12.840380307526976,13.988661448612866,10.520836943762772,1719.0000000000005,1743.0,1863.8454035390782,2030.5241525734007,1527.1520865718853,191.84791342811513,191.84791342811513
2022,3507605,Bragança Paulista,176811,2249,12.719796845218903,6.713383217107533,-6.006413628111372,0.0,2.3520798991572835,1.7691503864629914,-1.788589753603733,12.719796845218903,15.071876744376187,14.488947231681895,10.931207091615171,1187.0,2248.9999999999995,2664.873599049898,2561.8052489809074,1932.75765707557,-745.75765707557,745.75765707557
2022,3507704,Braúna,5356,2,0.3734129947722181,0.5601194921583271,0.186706497386109,0.0,2.276435111646612,4.974309637466938,4.715895112745146,0.3734129947722181,2.64984810641883,5.347722632239156,5.089308107517365,3.0,2.0000000000000004,14.192586457979255,28.64240241827292,27.258334223863006,-24.258334223863006,24.258334223863006
2022,3507753,Brejo Alegre,2565,-1,-0.3898635477582846,16.764132553606238,17.153996101364523,0.0,-1.157932013988563,3.8798554767560987,4.023263947950245,-0.3898635477582846,-1.5477955617468475,3.489991928997814,3.63340040019196,43.0,-1.0,-3.970095615880664,8.951829297879392,9.319672026492377,33.68032797350762,33.68032797350762
2022,3507803,Brodowski,25201,61,2.420538867505257,5.753739930955121,3.333201063449864,0.0,7.212927483793117,7.939513584009511,5.664297197798858,2.420538867505257,9.633466351298374,10.360052451514768,8.084836065304115,145.0,60.999999999999986,242.77298551907032,261.0836818306237,203.74595368172902,-58.74595368172902,58.74595368172902
2022,3507902,Brotas,23898,298,12.46966273328312,3.807850029291154,-8.661812703991965,0.0,-0.9323966659708895,0.8270096847967892,-0.8115952586835993,12.46966273328312,11.53726606731223,13.296672418079908,11.65806747459952,91.0,298.0,275.7175844766276,317.7638774472736,278.6044965079793,-187.60449650797932,187.60449650797932
2022,3508009,Buri,20250,301,14.864197530864198,-15.506172839506172,-30.37037037037037,0.0,0.8106536295787856,0.5353197564680672,-5.554204744868322,14.864197530864198,15.674851160442984,15.399517287332266,9.309992785995876,-314.0,301.0,317.4157359989704,311.8402250684784,188.5273539164165,-502.5273539164165,502.5273539164165
2022,3508108,Buritama,17210,233,13.538640325392214,36.02556653108658,22.486926205694367,0.0,-8.984653188186908,-8.584197300432486,-6.796048988029649,13.538640325392214,4.553987137205306,4.954443024959728,6.7425913373625646,620.0000000000001,233.0,78.3741186313033,85.26596445955691,116.03999691600974,503.9600030839904,503.9600030839904
2022,3508207,Buritizal,4356,-13,-2.9843893480257115,13.544536271808996,16.52892561983471,0.0,22.476169246461136,23.192585011835273,11.384468802726015,-2.9843893480257115,19.491779898435425,20.208195663809562,8.400079454700304,58.999999999999986,-13.0,84.90619323758472,88.02690031155444,36.59074610467452,22.409253895325463,22.409253895325463
2022,3508306,Cabrália Paulista,4299,-19,-4.419632472668062,12.32844847638986,16.748080949057922,0.0,17.5495868381615,16.742345190393493,13.611969450505837,-4.419632472668062,13.129954365493436,12.32271271772543,9.192336977837776,53.000000000000014,-19.0,56.445673817256285,52.97534197350162,39.5178566677246,13.482143332275413,13.482143332275413
2022,3508405,Cabreúva,47011,1161,24.69634766331284,29.69517772436238,4.998830061049539,0.0,-11.58383207705271,-7.668841398042443,-7.574556573912473,24.69634766331284,13.112515586260129,17.027506265270397,17.121791089400364,1396.0,1160.9999999999998,616.4324702256749,800.4800970366266,804.9125209038004,591.0874790961996,591.0874790961996
2022,3508504,Caçapava,96202,-61,-0.6340824515082847,-10.924928795659136,-10.29084634415085,0.0,8.791426616860226,9.147388435272113,7.693118515830579,-0.6340824515082847,8.157344165351942,8.513305983763829,7.059036064322295,-1051.0000000000002,-61.0,784.7528233951875,818.9970622500479,679.0933874599334,-1730.0933874599336,1730.0933874599336
2022,3508603,Cachoeira Paulista,31564,176,5.575972627043467,3.104802940058294,-2.471169686985173,0.0,-4.349390033941624,-2.012431258101402,-0.1605236199803596,5.575972627043467,1.2265825931018428,3.563541368942065,5.415449007063107,98.0,176.0,38.71585296866657,112.47961976928734,170.93323245893993,-72.93323245893993,72.93323245893993
2022,3508702,Caconde,17101,77,4.502660663119116,3.3331384129583066,-1.1695222501608091,0.0,-0.5569984869375999,2.3214218563828473,2.6053592087368163,4.502660663119116,3.945662176181516,6.824082519501963,7.108019871855932,57.0,77.0,67.4747688748801,116.69863516600306,121.5542478286083,-64.5542478286083,64.5542478286083
2022,3508801,Cafelândia,16654,254,15.251591209319082,6.665065449741804,-8.586525759577277,0.0,-6.39657406276017,-3.464760942254581,-1.152869131562623,15.251591209319082,8.855017146558913,11.786830267064502,14.09872207775646,111.0,254.0,147.47145555879214,196.29787126769222,234.80011748295607,-123.80011748295607,123.80011748295607
2022,3508900,Caiabu,3712,23,6.196120689655173,2.963362068965517,-3.232758620689656,0.0,-6.272431490785268,-2.3153384258331684,-4.501894528127511,6.196120689655173,-0.07631080113009503,3.880782263822004,1.694226161527662,10.999999999999998,23.0,-0.28326569379491273,14.40546376330728,6.288967511590681,4.711032488409317,4.711032488409317
2022,3509007,Caieiras,95032,535,5.629682633218285,1.6099840053876588,-4.019698627830626,0.0,0.5809989816895,4.325363826831031,1.9121150828671891,5.629682633218285,6.210681614907784,9.955046460049315,7.541797716085474,153.0,535.0,590.2134952279165,946.0479751914065,716.7121205550349,-563.7121205550349,563.7121205550349
2022,3509106,Caiuá,5466,20,3.658982802780827,1.8294914013904136,-1.8294914013904136,0.0,-2.3008844179043297,0.8096131676956906,1.1205915972912195,3.658982802780827,1.3580983848764974,4.4685959704765175,4.779574400072047,10.0,20.0,7.423365771734934,24.425345574624643,26.125153670793807,-16.125153670793807,16.125153670793807
2022,3509205,Cajamar,92689,-543,-5.858300337688399,25.77436373248174,31.632664070170136,0.0,42.78832655501213,36.85162809530917,17.552036879016292,-5.858300337688399,36.93002621732373,30.99332775762077,11.693736541327894,2389.0,-543.0,3423.007200057519,2872.7405565261115,1083.8807462791412,1305.1192537208588,1305.1192537208588
2022,3509254,Cajati,28515,-323,-11.327371558828688,7.680168332456602,19.00753989128529,0.0,23.159261232604653,23.634885307075194,33.8572065073182,-11.327371558828688,11.831889673775965,12.307513748246507,22.529834948489516,219.0,-323.0,337.3863340477216,350.9487545312491,642.4382435561786,-423.4382435561786,423.4382435561786
2022,3509304,Cajobi,9133,103,11.277783860724844,9.52589510566079,-1.7518887550640532,0.0,-10.945900054429199,-4.839025729028243,-3.639935243985988,11.277783860724844,0.33188380629564485,6.438758131696601,7.6378486167388555,87.0,103.0,3.0310948028981244,58.80517801678506,69.75647141667596,17.243528583324036,17.243528583324036
2022,3509403,Cajuru,23830,124,5.203524968527067,8.182962652119178,2.979437683592111,0.0,1.7892585978722357,6.004297808689682,8.71689459439232,5.203524968527067,6.992783566399303,11.207822777216748,13.920419562919388,195.0,124.00000000000001,166.6380323872954,267.0824167810751,331.72359818436905,-136.72359818436905,136.72359818436905
2022,3509452,Campina do Monte Alegre,5954,44,7.389989922741014,5.0386294927779645,-2.3513604299630497,0.0,-3.9994748659638084,-3.185611186735512,-3.5597580304353618,7.389989922741014,3.3905150567772058,4.204378736005502,3.8302318923056524,30.0,44.0,20.187126648051482,25.032870994176758,22.805200686787856,7.194799313212144,7.194799313212144
2022,3509502,Campinas,1139047,14996,13.16539177048884,11.56141932685833,-1.603972443630509,0.0,1.1175919977339708,4.109356653316421,0.3077323696973351,13.16539177048884,14.282983768222811,17.274748423805264,13.473124140186176,13169.0,14996.000000000002,16268.989812242888,19676.750367890116,15346.521632506643,-2177.521632506643,2177.521632506643
2022,3509601,Campo Limpo Paulista,77632,121,1.5586356141797195,2.035243198680956,0.4766075845012363,0.0,-0.9427467705099628,3.9417014334997234,9.39262730740094,1.5586356141797195,0.6158888436697567,5.500337047679443,10.951262921580659,157.99999999999997,120.99999999999999,47.812682711770556,427.0021656854505,850.1684431281498,-692.1684431281498,692.1684431281498
2022,3509700,Campos do Jordão,46974,901,19.180823434240217,7.2593349512496275,-11.92148848299059,0.0,-10.000829132154841,-5.471339631389521,-5.40431526390822,19.180823434240217,9.179994302085376,13.709483802850697,13.776508170331997,341.0,901.0,431.2210523461585,643.9892921551086,647.1376947931752,-306.1376947931752,306.1376947931752
2022,3509809,Campos Novos Paulista,4888,-10,-2.0458265139116203,-3.6824877250409167,-1.6366612111292964,0.0,12.61738261632342,13.528469347880572,15.158743127445177,-2.0458265139116203,10.5715561024118,11.482642833968951,13.112916613533557,-18.0,-10.0,51.673766228588875,56.12715817244023,64.09593640695202,-82.09593640695202,82.09593640695202
2022,3509908,Cananéia,12289,43,3.4990642037594597,-0.2441207584018227,-3.743184962161282,0.0,0.7273060376515996,1.501211692592402,0.6493193588377656,3.4990642037594597,4.226370241411059,5.000275896351861,4.148383562597226,-2.999999999999999,43.0,51.93786389670051,61.448390490268025,50.9794856007573,-53.9794856007573,53.9794856007573
2022,3509957,Canas,4931,3,0.6083958629081322,-7.706347596836341,-8.314743459744474,0.0,3.804109434390594,6.303958527588214,5.600763761901077,0.6083958629081322,4.412505297298726,6.912354390496346,6.209159624809209,-38.0,3.0,21.75806362098002,34.08481949953748,30.61736610993421,-68.61736610993421,68.61736610993421
2022,3510005,Cândido Mota,29449,316,10.730415294237496,11.273727461034332,0.5433121667968361,0.0,-5.6652823794196845,-2.4475086571758764,0.9967601456545339,10.730415294237496,5.065132914817811,8.282906637061618,11.72717543989203,332.00000000000006,316.0,149.1630992084697,243.9233175548276,345.3535895293804,-13.353589529380315,13.353589529380315
2022,3510104,Cândido Rodrigues,2889,94,32.537210107303565,10.038075458636206,-22.49913464866736,0.0,-20.561293645997786,-20.502085863925906,-28.40453894247321,32.537210107303565,11.97591646130578,12.035124243377659,4.132671164830356,28.999999999999996,94.0,34.5984226567124,34.76947393911806,11.939286995194898,17.0607130048051,17.0607130048051
2022,3510153,Canitar,6283,-15,-2.3873945567404102,2.864873468088493,5.252268024828903,0.0,11.925679245335669,6.763226984433228,13.531622931551784,-2.3873945567404102,9.538284688595258,4.375832427692817,11.144228374811373,18.000000000000004,-14.999999999999998,59.92904269844401,27.49335514319397,70.01918687893986,-52.01918687893986,52.01918687893986
2022,3510203,Capão Bonito,46337,286,6.172173425124631,9.495651423268662,3.323477998144031,0.0,2.996491379199176,3.544699597231576,0.9521326906833708,6.172173425124631,9.168664804323807,9.716873022356207,7.124306115808002,439.99999999999994,286.00000000000006,424.8484210379522,450.25074523691956,330.1189724881954,109.88102751180452,109.88102751180452
2022,3510302,Capela do Alto,22866,526,23.003586110382223,8.790343741800053,-14.213242368582174,0.0,1.5631600001346577,-0.85763277300609,1.0413875368488943,23.003586110382223,24.56674611051688,22.145953337376135,24.044973647231117,201.0,525.9999999999999,561.743216563079,506.3893690124427,549.8123674175868,-348.81236741758676,348.81236741758676
2022,3510401,Capivari,50068,408,8.148917472237756,13.002316849085243,4.85339937684749,0.0,-2.0609743282261928,3.3790983153813725,2.52144126865502,8.148917472237756,6.087943144011563,11.528015787619129,10.670358740892775,651.0,407.99999999999994,304.8111373343709,577.1846944545146,534.2435214390194,116.75647856098055,116.75647856098055
2022,3510500,Caraguatatuba,134873,383,2.839708466483284,5.071437574607223,2.2317291081239388,0.0,9.280679946476274,6.354796001262933,6.831518165933709,2.839708466483284,12.120388412959558,9.194504467746217,9.671226632416992,684.0,382.99999999999994,1634.7131464210945,1240.0904010783354,1304.387349593977,-620.387349593977,620.387349593977
2022,3510609,Carapicuíba,386984,2532,6.5429061666632204,3.860624728670953,-2.6822814379922675,0.0,-4.414910662636268,-2.588759703253681,-0.3041674303726272,6.5429061666632204,2.127995504026952,3.9541464634095393,6.2387387362905935,1494.0,2531.9999999999995,823.500212130366,1530.1914149960771,2414.292071124679,-920.2920711246788,920.2920711246788
2022,3510708,Cardoso,11345,23,2.0273248126928163,0.617011899515205,-1.410312913177611,0.0,-0.94527117393352,2.467988732429249,1.7414809118879717,2.0273248126928163,1.0820536387592963,4.495313545122065,3.7688057245807878,7.0,23.0,12.275898531724216,50.999332169409826,42.75710094536903,-35.75710094536903,35.75710094536903
2022,3510807,Casa Branca,28083,44,1.5667841754798275,1.4955667129580172,-0.0712174625218102,0.0,6.204882500327259,9.403335285337622,5.832927964069047,1.5667841754798275,7.7716666758070865,10.97011946081745,7.399712139548874,42.0,43.99999999999999,218.2517152566904,308.0738648181364,207.80611601495102,-165.80611601495102,165.80611601495102
2022,3510906,Cássia dos Coqueiros,2799,36,12.861736334405144,-3.215434083601286,-16.077170418006432,0.0,-2.6298020879322426,-5.536449227946333,-5.437989388141189,12.861736334405144,10.231934246472902,7.325287106458811,7.423746946263955,-9.0,36.0,28.63918395587765,20.50347861097821,20.77906770259281,-29.77906770259281,29.77906770259281
2022,3511003,Castilho,19977,593,29.68413675727086,-15.41773038994844,-45.1018671472193,0.0,-17.1414549497583,-13.390521321206844,-13.633780369335314,29.68413675727086,12.542681807512558,16.293615436064016,16.050356387935544,-308.0,593.0,250.56515446867837,325.49755556625087,320.6379695617884,-628.6379695617884,628.6379695617884
2022,3511102,Catanduva,115791,1789,15.450250883056542,13.498458429411611,-1.9517924536449307,0.0,-2.746003298739806,-0.40536757334297446,-4.223459417575009,15.450250883056542,12.704247584316736,15.044883309713567,11.226791465481533,1563.0,1789.0,1471.0375320356193,1742.0620833150438,1299.9614105795722,263.0385894204278,263.0385894204278
2022,3511201,Catiguá,7003,-18,-2.570327002713123,7.568185063544194,10.138512066257316,0.0,5.485884048481665,10.17023245385434,8.455488887143147,-2.570327002713123,2.9155570457685425,7.5999054511412165,5.885161884430024,52.999999999999986,-18.0,20.417645991517105,53.22213787434194,41.21378867666346,11.786211323336524,11.786211323336524
2022,3511300,Cedral,12618,-65,-5.151371057219844,-43.19226501822793,-38.04089396100808,0.0,44.255252813357195,33.92148420690764,24.20531081058436,-5.151371057219844,39.103881756137355,28.7701131496878,19.053939753364517,-545.0,-64.99999999999999,493.4127799989412,363.02128772276063,240.42261180795347,-785.4226118079534,785.4226118079534
2022,3511409,Cerqueira César,21469,214,9.967860636266243,6.75392426289068,-3.213936373375565,0.0,3.9377602674325356,2.0590662127065817,0.17612324694222964,9.967860636266243,13.905620903698779,12.026926848972824,10.143983883208472,145.00000000000003,213.99999999999997,298.53977518150907,258.20609252059756,217.78118998860268,-72.78118998860265,72.78118998860265
2022,3511508,Cerquilho,44695,208,4.653764403177089,10.82895178431592,6.17518738113883,0.0,3.1102512486888303,8.094359889886288,8.99945327596494,4.653764403177089,7.764015651865919,12.748124293063377,13.65321767914203,484.00000000000006,208.0,347.01267956014726,569.7774152784676,610.230564169253,-126.23056416925289,126.23056416925289
2022,3511607,Cesário Lange,19048,1776,93.23813523729524,8.137337253254934,-85.10079798404033,0.0,-67.67993196590062,-66.37115005934963,-50.800789943237035,93.23813523729524,25.558203271394618,26.866985177945608,42.437345294058204,154.99999999999997,1775.9999999999998,486.83265591352466,511.76233366950794,808.3465531612206,-653.3465531612206,653.3465531612206
2022,3511706,Charqueada,15535,146,9.398133247505632,9.205020920502092,-0.1931123270035399,0.0,-5.943993530164225,-0.7251138160823091,0.9860666489574326,9.398133247505632,3.4541397173414063,8.673019431423322,10.384199896463064,143.0,146.0,53.66006050889875,134.73535686716133,161.3185453915537,-18.318545391553698,18.318545391553698
2022,3511904,Clementina,6982,41,5.872242910340876,28.50186193067889,22.62961902033801,0.0,-8.429790141125634,1.0483398335295961,1.1223191740533878,5.872242910340876,-2.557547230784758,6.920582743870472,6.994562084394264,199.0,41.0,-17.85679476533918,48.31950871770364,48.836032473240756,150.16396752675925,150.16396752675925
2022,3512001,Colina,18486,978,52.90490100616683,-12.928702802120522,-65.83360380828735,0.0,-34.22183498120075,-32.50548109649014,-46.96748306122884,52.90490100616683,18.68306602496608,20.399419909676688,5.937417944937991,-238.99999999999997,978.0,345.37515853752296,377.1036764502833,109.75910813012369,-348.75910813012365,348.75910813012365
2022,3512100,Colômbia,6629,92,13.878413033640063,132.90089002866193,119.02247699502186,0.0,19.78315690382259,17.163310923066344,14.21686042076978,13.878413033640063,33.66156993746265,31.041723956706406,28.095273454409842,881.0,91.99999999999999,223.14254711543992,205.77558810900675,186.24356772928283,694.7564322707171,694.7564322707171
2022,3512209,Conchal,28101,-42,-1.49460873278531,-0.4626169887192626,1.0319917440660475,0.0,11.166761972546157,11.855328621376207,7.3304106492111165,-1.49460873278531,9.672153239760847,10.360719888590898,5.835801916425806,-12.999999999999998,-41.99999999999999,271.79717819051956,291.14658958929283,163.9918696534816,-176.9918696534816,176.9918696534816
2022,3512308,Conchas,15232,117,7.681197478991597,6.4338235294117645,-1.2473739495798322,0.0,-4.33799751043418,2.359622130949199,1.1219108475684962,7.681197478991597,3.3431999685574167,10.040819609940796,8.803108326560093,98.0,117.0,50.92362192106658,152.94176429861818,134.08894603016333,-36.08894603016333,36.08894603016333
2022,3512407,Cordeirópolis,24514,235,9.586358815370808,3.0594762176715347,-6.526882597699274,0.0,9.918204918581557,10.720723228953549,9.268345942498279,9.586358815370808,19.504563733952367,20.307082044324357,18.854704757869087,75.0,234.99999999999997,478.13487537410833,497.8078092345673,462.2042324344028,-387.2042324344028,387.2042324344028
2022,3512506,Coroados,5400,158,29.25925925925926,5.37037037037037,-23.88888888888889,0.0,-24.311581749717607,-18.152910519685552,-21.86220567804813,29.25925925925926,4.947677509541652,11.106348739573708,7.397053581211129,29.0,158.0,26.71745855152492,59.97428319369802,39.944089338540095,-10.944089338540095,10.944089338540095
2022,3512605,Coronel Macedo,4280,91,21.261682242990656,15.88785046728972,-5.373831775700936,0.0,-14.87188251756927,-12.360198408271177,-20.50077661709247,21.261682242990656,6.389799725421385,8.901483834719478,0.7609056258981859,68.0,91.0,27.348342824803527,38.09835081259937,3.2566760788442357,64.74332392115576,64.74332392115576
2022,3512704,Corumbataí,4195,33,7.866507747318237,-7.151370679380214,-15.017878426698452,0.0,-0.5981321080778776,-1.0634221735456748,1.1457149112564573,7.866507747318237,7.268375639240359,6.803085573772562,9.012222658574695,-30.0,33.00000000000001,30.49083580661331,28.538943981975898,37.806274052720845,-67.80627405272085,67.80627405272085
2022,3512803,Cosmópolis,59773,471,7.879811955230623,1.1041774714335904,-6.775634483797033,0.0,-8.004837428046605,0.17121600194437314,0.877846111169741,7.879811955230623,-0.12502547281598186,8.051027957174997,8.757658066400364,66.0,471.0,-7.473147586629684,481.23409408422106,523.471495602949,-457.47149560294895,457.47149560294895
2022,3512902,Cosmorama,8719,-121,-13.8777382727377,17.547883931643536,31.425622204381234,0.0,27.653249025959283,22.19177747710466,30.076597638980612,-13.8777382727377,13.775510753221583,8.314039204366962,16.198859366242914,153.0,-121.0,120.10867825733898,72.49010782287553,141.23785481427197,11.76214518572803,11.76214518572803
2022,3513009,Cotia,274413,2191,7.984315611869699,14.383429356480924,6.399113744611225,0.0,6.541976859103384,5.264096468470413,4.55556922104207,7.984315611869699,14.526292470973083,13.248412080340113,12.53988483291177,3947.0,2191.0,3986.2034958371364,3635.5365042023714,3441.1074166538174,505.8925833461826,505.8925833461826
2022,3513108,Cravinhos,33281,811,24.36825816531955,1.86292479192332,-22.50533337339623,0.0,-13.75272236130489,-9.997497340639706,-11.104515778325151,24.36825816531955,10.615535804014659,14.370760824679843,13.263742386994398,62.000000000000014,810.9999999999999,353.2956470934119,478.27329100616987,441.4306103815606,-379.4306103815606,379.4306103815606
2022,3513207,Cristais Paulista,9272,77,8.304572907679034,8.088869715271786,-0.2157031924072487,0.0,3.5791292245023927,1.5198371675857565,0.4229803906258604,8.304572907679034,11.883702132181426,9.82441007526479,8.727553298304894,75.0,77.00000000000001,110.18568616958619,91.09193021785514,80.92187418188297,-5.92187418188297,5.92187418188297
2022,3513306,Cruzália,2108,5,2.371916508538899,7.590132827324478,5.218216318785579,0.0,4.709564219719374,2.947022787953683,3.476297939579012,2.371916508538899,7.081480728258272,5.318939296492582,5.848214448117911,16.0,4.999999999999999,14.927761375168439,11.212324037006363,12.328036056632556,3.6719639433674445,3.6719639433674445
2022,3513405,Cruzeiro,74961,568,7.577273515561425,-3.335067568468937,-10.91234108403036,0.0,-5.702247899941144,-1.111033389848469,2.001982169391426,7.577273515561425,1.875025615620281,6.466240125712956,9.579255684952852,-249.99999999999997,568.0,140.55379517251188,484.7158260635689,718.0705853997507,-968.0705853997507,968.0705853997507
2022,3513504,Cubatão,112476,1222,10.864539990753585,1.41363490878054,-9.450905081973042,0.0,-5.485373890645976,2.242050239896714,5.41241109248059,10.864539990753585,5.379166100107609,13.106590230650298,16.276951083234174,159.00000000000003,1222.0000000000002,605.0270862757034,1474.176842782623,1830.766350037847,-1671.766350037847,1671.766350037847
2022,3513603,Cunha,22110,228,10.312075983717774,8.050655811849841,-2.2614201718679325,0.0,-5.616799101348823,-6.981143198392291,-5.7323767366960805,10.312075983717774,4.695276882368951,3.3309327853254826,4.5796992470216935,178.0,227.99999999999997,103.81257186917752,73.64692388354642,101.25715035164964,76.74284964835036,76.74284964835036
2022,3513702,Descalvado,31756,477,15.020783473989166,19.020027711298653,3.999244237309487,0.0,-3.3495466838353627,-0.2317711116523089,-4.366675034350488,15.020783473989166,11.671236790153802,14.789012362336857,10.654108439638678,604.0,476.99999999999994,370.6317955081242,469.63987657836924,338.33186760916584,265.66813239083416,265.66813239083416
2022,3513801,Diadema,393237,2800,7.120387959423961,4.90543870490315,-2.2149492545208105,0.0,-2.7753065679722377,1.128824973775086,1.208497593795598,7.120387959423961,4.345081391451723,8.249212933199047,8.328885553219559,1929.0,2800.0,1708.6467711303012,3243.8957462123935,3275.2259682913996,-1346.2259682913996,1346.2259682913996
2022,3513850,Dirce Reis,1620,-5,-3.08641975308642,38.27160493827161,41.358024691358025,0.0,0.5665630681495384,6.479056294185217,12.227084242054666,-3.08641975308642,-2.5198566849368818,3.3926365410987964,9.140664488968245,62.00000000000001,-5.000000000000001,-4.082167829597749,5.49607119658005,14.807876472128557,47.19212352787145,47.19212352787145
2022,3513900,Divinolândia,11158,150,13.443269403118835,12.27818605484854,-1.1650833482702971,0.0,-2.7363275208653537,-3.302976583116341,3.827281288541584,13.443269403118835,10.706941882253481,10.140292820002493,17.270550691660418,137.0,149.99999999999997,119.46805752218435,113.14538728558782,192.70480461754693,-55.70480461754693,55.70480461754693
2022,3514007,Dobrada,8759,16,1.826692544811052,1.2558511245575978,-0.5708414202534537,0.0,0.4140351527687607,2.3943240759916167,1.427026365481532,1.826692544811052,2.2407276975798127,4.2210166208026685,3.253718910292584,11.0,16.000000000000007,19.626533903101578,36.971884581610574,28.499323935252747,-17.499323935252747,17.499323935252747
2022,3514106,Dois Córregos,24510,174,7.099143206854345,9.791921664626685,2.692778457772338,0.0,-0.692542181118293,4.632214313358379,1.7163228688970953,7.099143206854345,6.406601025736052,11.731357520212724,8.81546607575144,240.00000000000003,174.0,157.02579114079063,287.53557282041385,216.0670735166678,23.93292648333224,23.93292648333224
2022,3514205,Dolcinópolis,2207,-20,-9.062075215224286,-6.796556411418215,2.265518803806072,0.0,16.396607600608018,15.470391918726364,23.269673968708634,-9.062075215224286,7.334532385383731,6.408316703502077,14.207598753484348,-15.0,-20.0,16.187312974541896,14.143154964629083,31.356170448939956,-46.356170448939956,46.356170448939956
2022,3514304,Dourado,8096,164,20.256916996047437,0.3705533596837944,-19.88636363636364,0.0,-7.925151344976812,-3.687612422683001,6.674599256468752,20.256916996047437,12.331765651070626,16.569304573364434,26.93151625251619,2.999999999999999,164.00000000000006,99.83797471106779,134.14508982595845,218.03755558037105,-215.03755558037105,215.03755558037105
2022,3514403,Dracena,45474,1041,22.89220213748516,24.58547741566609,1.6932752781809377,0.0,-13.546140465879716,-11.774306000624708,-13.907745344977334,22.89220213748516,9.346061671605444,11.117896136860452,8.984456792507826,1117.9999999999998,1041.0000000000002,425.002808454586,505.5752089275922,408.55918818250086,709.4408118174989,709.4408118174989
2022,3514502,Duartina,12328,185,15.006489292667098,-6.164828033744322,-21.17131732641142,0.0,-7.321094642448942,-6.892783876855025,-6.469938197895817,15.006489292667098,7.685394650218156,8.113705415812074,8.53655109477128,-76.0,184.99999999999997,94.74554524788942,100.02576036613125,105.23860189634033,-181.23860189634033,181.23860189634033
2022,3514601,Dumont,9471,125,13.198183929891249,-8.552423186569529,-21.750607116460777,0.0,-8.349738179088618,-4.876622245789985,-3.6122645904721984,13.198183929891249,4.848445750802631,8.321561684101264,9.58591933941905,-81.00000000000001,125.00000000000001,45.91962970585172,78.81351071012307,90.78824206363782,-171.78824206363782,171.78824206363782
2022,3514700,Echaporã,6205,149,24.012892828364222,16.43835616438356,-7.574536663980663,0.0,-17.476986243036514,-18.266854760472413,-23.080783762007865,24.012892828364222,6.535906585327709,5.74603806789181,0.9321090663563574,101.99999999999999,149.0,40.55530036195844,35.65416621126868,5.783736756741198,96.2162632432588,96.2162632432588
2022,3514809,Eldorado,13069,200,15.303389700818732,7.11607621088071,-8.187313489938022,0.0,-12.433077624465845,-6.706088038050622,-8.855328894330878,15.303389700818732,2.870312076352887,8.59730166276811,6.448060806487854,93.0,200.0,37.51210852585588,112.35813543071643,84.26970667998977,8.730293320010233,8.730293320010233
2022,3514908,Elias Fausto,17699,472,26.66817334312673,2.316515057347873,-24.35165828577886,0.0,-7.529985092064163,-5.646552384144513,3.1164456142868664,26.66817334312673,19.138188251062566,21.021620958982215,29.784618957413596,41.00000000000001,471.99999999999994,338.72679385555637,372.0616693530262,527.1579709272632,-486.15797092726325,486.15797092726325
2022,3514924,Elisiário,3138,97,30.91140854047164,-7.966857871255577,-38.87826641172721,0.0,-26.467483480523384,-19.076465422143613,-32.16379718911004,30.91140854047164,4.443925059948256,11.834943118328027,-1.2523886486384015,-25.0,97.00000000000001,13.945036838117629,37.13805150531335,-3.929995579427304,-21.070004420572698,21.070004420572698
2022,3514957,Embaúba,2323,23,9.9009900990099,-6.887645286267757,-16.788635385277658,0.0,-7.253581339475571,-5.522756543348833,-7.335090626048044,9.9009900990099,2.6474087595343283,4.378233555661066,2.5658994729618554,-16.0,22.999999999999996,6.1499305483982445,10.170636549800657,5.96058447569039,-21.96058447569039,21.96058447569039
2022,3515004,Embu das Artes,250691,2435,9.71315284553494,-0.1276471831856748,-9.840800028720617,0.0,-7.882294658795888,-2.975926064412672,0.9997933413104793,9.71315284553494,1.8308581867390528,6.737226781122269,10.71294618684542,-32.00000000000001,2435.0,458.97966969179987,1688.9621189863228,2685.639192526465,-2717.639192526465,2717.639192526465
2022,3515103,Embu-Guaçu,66970,255,3.807675078393311,7.510825742869941,3.703150664476631,0.0,-2.2038127032212893,0.4054616221325116,0.9492386336790457,3.807675078393311,1.6038623751720218,4.213136700525823,4.756913712072357,502.99999999999994,255.00000000000006,107.4106632652703,282.15376483421437,318.5705112974857,184.42948870251422,184.42948870251422
2022,3515129,Emilianópolis,3014,-29,-9.62176509621765,-3.981420039814201,5.64034505640345,0.0,6.323750523678925,12.054646733211484,19.60465479031945,-9.62176509621765,-3.298014572538726,2.4328816369938338,9.9828896941018,-12.000000000000002,-29.0,-9.940215921631719,7.332705253899415,30.088429538022826,-42.08842953802283,42.08842953802283
2022,3515152,Engenheiro Coelho,19566,199,10.170704282939797,-1.2777266687110294,-11.448430951650824,0.0,-5.74995815276199,-1.386426489840654,0.258507977690506,10.170704282939797,4.420746130177807,8.784277793099143,10.429212260630303,-25.0,199.00000000000006,86.49631878305895,171.87317929977783,204.0579670914925,-229.0579670914925,229.0579670914925
2022,3515186,Espírito Santo do Pinhal,39816,749,18.811533052039383,0.2009242515571629,-18.610608800482225,0.0,-8.380247771295837,-3.707197922203952,-5.158236252024615,18.811533052039383,10.431285280743547,15.10433512983543,13.653296800014768,7.999999999999998,749.0000000000001,415.33205473808505,601.3942075295275,543.6196653893879,-535.6196653893879,535.6196653893879
2022,3515194,Espírito Santo do Turvo,4157,35,8.419533317296127,28.626413278806837,20.206879961510708,0.0,-7.537396322359623,-1.2546124927014657,-0.5928028038564879,8.419533317296127,0.8821369949365039,7.164920824594661,7.826730513439639,119.00000000000001,35.0,3.6670434879510467,29.784575867840008,32.53571874436858,86.46428125563143,86.46428125563143
2022,3515202,Estrela d'Oeste,9417,330,35.04300732717426,-6.159074015079112,-41.20208134225337,0.0,-8.181396819632438,-12.926262680204989,-13.551397083780538,35.04300732717426,26.86161050754182,22.11674464696927,21.491610243393723,-57.99999999999999,330.0,252.9557861495213,208.27338434050964,202.38649366203867,-260.3864936620387,260.3864936620387
2022,3515301,Estrela do Norte,2703,40,14.798372179060305,-10.358860525342212,-25.15723270440252,0.0,-12.39777978593386,-11.652562757697403,-9.993588365038551,14.798372179060305,2.400592393126445,3.1458094213629018,4.804783814021754,-28.0,40.00000000000001,6.4888012386207805,8.503122865943924,12.9873306493008,-40.9873306493008,40.9873306493008
2022,3515350,Euclides da Cunha Paulista,7924,-70,-8.8339222614841,2.7763755678950024,11.6102978293791,0.0,5.555358523985595,12.755759049223505,16.127656161674487,-8.8339222614841,-3.278563737498504,3.921836787739405,7.293733900190388,22.0,-70.0,-25.979339055938148,31.07663470604705,57.79554742510864,-35.79554742510864,35.79554742510864
2022,3515400,Fartura,16641,-18,-1.081665765278529,6.249624421609278,7.331290186887807,0.0,11.753582833926261,10.598307702451025,3.436889965227746,-1.081665765278529,10.671917068647732,9.516641937172496,2.355224199949217,104.0,-18.000000000000004,177.5913719393669,158.3664384764875,39.19328591135492,64.80671408864508,64.80671408864508
2022,3515509,Fernandópolis,71186,658,9.24339055432248,1.7840586632202962,-7.459331891102183,0.0,2.162389550069947,1.4147061393176157,0.4257089895678626,9.24339055432248,11.405780104392427,10.658096693640095,9.669099543890342,127.0,658.0,811.9318625112793,758.7072712334638,688.3045201313779,-561.3045201313779,561.3045201313779
2022,3515608,Fernando Prestes,5942,51,8.58296869740828,17.502524402558063,8.919555705149783,0.0,5.525494194652737,4.703118119237331,3.340294218822635,8.58296869740828,14.108462892061016,13.28608681664561,11.923262916230914,104.00000000000001,51.0,83.83248650462656,78.94592786450822,70.84802824824409,33.15197175175592,33.15197175175592
2022,3515657,Fernão,1656,13,7.85024154589372,19.32367149758454,11.473429951690822,0.0,-1.1621208048174818,0.5181876861832764,0.37140792544603457,7.85024154589372,6.688120741076238,8.368429232076997,8.221649471339754,32.0,13.0,11.07552794722225,13.858118808319507,13.615051524538632,18.384948475461368,18.384948475461368
2022,3515707,Ferraz de Vasconcelos,179198,164,0.9151887855891248,4.676391477583455,3.76120269199433,0.0,-0.8946951798303411,3.4422959489175486,6.257809825447342,0.9151887855891248,0.020493605758783673,4.357484734506674,7.172998611036467,838.0,163.99999999999997,3.6724131647625167,780.8525494541268,1285.3870051005129,-447.38700510051285,447.38700510051285
2022,3515806,Flora Rica,1487,21,14.122394082044384,0.0,-14.122394082044384,0.0,-11.182916016244862,-13.434964362406973,-12.255166204424539,14.122394082044384,2.9394780657995216,0.6874297196374108,1.867227877619845,0.0,21.0,4.371003883843889,1.0222079931008299,2.7765678540207097,-2.7765678540207097,2.7765678540207097
2022,3515905,Floreal,2733,12,4.390779363336993,-4.756677643615075,-9.147457006952068,0.0,-0.8692563267850892,0.9025889826899969,0.610148890859486,4.390779363336993,3.5215230365519035,5.293368346026989,5.000928254196479,-13.0,12.000000000000002,9.624322458896353,14.466775689691762,13.667536918718977,-26.667536918718977,26.667536918718977
2022,3516002,Flórida Paulista,12958,228,17.595307917888565,-3.7042753511344335,-21.299583269023,0.0,-12.793525159516165,-7.370585898329453,-9.544300609656146,17.595307917888565,4.801782758372401,10.224722019559113,8.05100730823242,-47.99999999999999,228.00000000000003,62.22150098298957,132.49194792944698,104.3249527000757,-152.3249527000757,152.3249527000757
2022,3516101,Florínea,3851,95,24.66891716437289,-20.77382498052454,-45.44274214489743,0.0,-9.809855247717337,-20.914585033333005,-20.679008839905645,24.66891716437289,14.859061916655552,3.7543321310398845,3.989908324467244,-80.0,95.0,57.22224744104054,14.457933036634595,15.365136957523356,-95.36513695752336,95.36513695752336
2022,3516200,Franca,352536,5249,14.8892595366147,0.5871740758390632,-14.302085460775636,0.0,0.039978170359206144,0.6505800651721716,-2.235152823404083,14.8892595366147,14.929237706973906,15.539839601786872,12.654106713210616,207.0,5249.0,5263.093744265753,5478.352893855536,4461.028164248418,-4254.028164248418,4254.028164248418
2022,3516309,Francisco Morato,165139,230,1.3927660940177669,0.9809917705690356,-0.4117743234487311,0.0,-1.553785189644045,1.6391988608223762,1.5613609319068167,1.3927660940177669,-0.16101909562627825,3.0319649548401433,2.9541270259245835,161.99999999999997,230.0,-26.590532432627967,500.6956606773464,487.84158293415976,-325.84158293415976,325.84158293415976
2022,3516408,Franco da Rocha,144849,284,1.9606624829995367,4.121533458981422,2.1608709759818847,0.0,-0.506622863154816,3.4202413438436468,8.972529252832864,1.9606624829995367,1.4540396198447207,5.380903826843183,10.9331917358324,597.0,283.9999999999999,210.61618489488797,779.4185384144082,1583.6618897435872,-986.6618897435872,986.6618897435872
2022,3516507,Gabriel Monteiro,2763,-14,-5.066956207021353,-6.876583423814694,-1.8096272167933405,0.0,15.713140701466598,15.839189316685449,18.867460172396918,-5.066956207021353,10.646184494445244,10.772233109664096,13.800503965375565,-19.0,-13.999999999999998,29.415407758152206,29.763680082001898,38.13079245633269,-57.13079245633269,57.13079245633269
2022,3516606,Gália,6380,24,3.761755485893417,-2.19435736677116,-5.956112852664576,0.0,5.760995002434524,5.918296724787365,5.435991342535308,3.761755485893417,9.52275048832794,9.680052210680781,9.197746828428725,-14.0,24.0,60.75514811553226,61.75873310414339,58.68162476537527,-72.68162476537526,72.68162476537526
2022,3516705,Garça,42110,190,4.511992400854904,16.07694134409879,11.564948943243884,0.0,3.0462616678941776,4.6341376647301455,4.979041985774013,4.511992400854904,7.558254068749082,9.14613006558505,9.491034386628918,677.0,190.0,318.27807883502385,385.14353706178645,399.66745802094374,277.33254197905626,277.33254197905626
2022,3516804,Gastão Vidigal,3252,25,7.687576875768758,-11.68511685116851,-19.372693726937268,0.0,-18.492168926195188,-2.754643472356281,-2.742077196168836,7.687576875768758,-10.804592050426429,4.932933403412477,4.945499679599922,-38.0,25.0,-35.13653334798675,16.041899427897373,16.082764958058945,-54.082764958058945,54.082764958058945
2022,3516853,Gavião Peixoto,4702,189,40.19566142067205,89.9617184176946,49.76605699702255,0.0,-24.689458335170592,-22.511579244045237,-22.00406661754674,40.19566142067205,15.506203085501461,17.684082176626816,18.191594803125312,423.0,189.0,72.91016690802786,83.1505543944993,85.53687876429522,337.46312123570476,337.46312123570476
2022,3516903,General Salgado,10312,63,6.109387121799845,-1.4546159813809154,-7.56400310318076,0.0,1.2469393857262678,3.0487871213743922,1.2962125409069858,6.109387121799845,7.356326507526113,9.158174243174237,7.40559966270683,-15.0,63.0,75.85843894560928,94.43909279561272,76.36654372183283,-91.36654372183283,91.36654372183283
2022,3517000,Getulina,10232,98,9.577795152462862,2.7365129007036746,-6.841282251759187,0.0,-1.5299231371042419,2.251534896496989,4.733882020384411,9.577795152462862,8.047872015358621,11.82933004895985,14.311677172847272,28.0,98.0,82.34582646114941,121.0377050609572,146.4370808325733,-118.43708083257329,118.43708083257329
2022,3517109,Glicério,4138,-1,-0.2416626389560174,7.7332044465925565,7.974867085548574,0.0,0.5215432012992938,6.752287994481852,9.05054983456622,-0.2416626389560174,0.2798805623432764,6.510625355525835,8.808887195610204,32.0,-1.0,1.1581457669764776,26.940967721165904,36.45117521543502,-4.451175215435022,4.451175215435022
2022,3517208,Guaiçara,11239,206,18.3290328321025,10.499154729068422,-7.829878103034076,0.0,-13.67648222002057,-9.31978068865222,-12.543537478511146,18.3290328321025,4.652550612081928,9.00925214345028,5.785495353591353,118.0,205.99999999999997,52.29001632918879,101.2549848402377,65.02318227901321,52.97681772098679,52.97681772098679
2022,3517307,Guaimbê,5512,-68,-12.336719883889696,-20.86357039187228,-8.526850507982584,0.0,18.249664558095045,20.43241664916403,27.5686667531834,-12.336719883889696,5.912944674205349,8.095696765274333,15.231946869293704,-115.0,-68.0,32.59215104421988,44.62348057019212,83.9584911435469,-198.9584911435469,198.9584911435469
2022,3517406,Guaíra,39279,48,1.2220270373482012,-0.4328012423941546,-1.6548282797423557,0.0,11.77428931504603,13.462314755894237,7.602209806942394,1.2220270373482012,12.996316352394231,14.684341793242439,8.824236844290596,-16.999999999999996,47.99999999999999,510.482310005693,576.7862612967697,346.6071990068903,-363.6071990068903,363.6071990068903
2022,3517505,Guapiaçu,21711,380,17.50264842706462,3.77688729215605,-13.72576113490857,0.0,-3.609099614899036,-2.7295117413057812,-4.564229826820487,17.50264842706462,13.893548812165584,14.773136685758839,12.938418600244134,82.0,380.0,301.642838260927,320.73957058451015,280.9060062299004,-198.9060062299004,198.9060062299004
2022,3517604,Guapiara,17071,117,6.853728545486498,1.171577529142991,-5.682151016343507,0.0,0.161540275482855,-0.2886645958475146,-2.278938876592948,6.853728545486498,7.015268820969353,6.565063949638984,4.574789668893549,20.0,117.00000000000001,119.75765404276783,112.0722066842871,78.09623443768177,-58.09623443768177,58.09623443768177
2022,3517703,Guará,18606,216,11.609158336020638,-2.9560356874126623,-14.5651940234333,0.0,-8.444954989037896,-2.49286488700916,-0.5778907019967547,11.609158336020638,3.1642033469827417,9.116293449011478,11.031267634023884,-54.99999999999999,216.0,58.87316747396089,169.61775591230756,205.24776559864839,-260.24776559864836,260.24776559864836
2022,3517802,Guaraçaí,7441,-43,-5.778793172960623,-1.6126864668727323,4.1661067060878905,0.0,8.228999757157949,11.597303465968785,23.280950888985394,-5.778793172960623,2.4502065841973257,5.8185102930081625,17.502157716024772,-12.000000000000002,-42.99999999999999,18.2319871930123,43.29553509027373,130.23355556494033,-142.23355556494033,142.23355556494033
2022,3517901,Guaraci,10350,28,2.705314009661836,24.54106280193237,21.83574879227053,0.0,0.3686581332665728,4.55243483492615,10.218961484532631,2.705314009661836,3.073972142928409,7.2577488445879865,12.924275494194468,254.00000000000003,28.000000000000004,31.815611679309033,75.11770054148566,133.76625136491276,120.23374863508727,120.23374863508727
2022,3518008,Guarani d'Oeste,1968,29,14.735772357723578,-13.21138211382114,-27.94715447154472,0.0,-2.3543559776616583,-1.8437171550894933,-2.0602117559105246,14.735772357723578,12.38141638006192,12.892055202634085,12.675560601813054,-26.000000000000004,29.0,24.36662743596186,25.37156463878388,24.94550326436809,-50.94550326436809,50.94550326436809
2022,3518107,Guarantã,6427,-61,-9.49120896219076,-2.178310253617551,7.312898708573208,0.0,13.721515881975018,15.80749393332432,23.41733552930932,-9.49120896219076,4.230306919784258,6.316284971133561,13.92612656711856,-14.000000000000002,-61.00000000000001,27.188182573453428,40.59476350947539,89.503215446871,-103.503215446871,103.503215446871
2022,3518206,Guararapes,31043,195,6.281609380536675,2.899204329478465,-3.382405051058209,0.0,-2.105730439262108,0.8479457871053353,1.0110555388882687,6.281609380536675,4.175878941274567,7.12955516764201,7.2926649194249435,89.99999999999999,195.0,129.63180997398638,221.32278106911093,226.38619709370852,-136.38619709370852,136.38619709370852
2022,3518305,Guararema,31236,677,21.67370982200025,3.809706748623383,-17.86400307337687,0.0,-9.835128760348956,-10.084625296589211,-12.097636415136174,21.67370982200025,11.838581061651295,11.58908452541104,9.576073406864078,119.0,676.9999999999999,369.78991804173984,361.99664423573927,299.1182289368063,-180.1182289368063,180.1182289368063
2022,3518404,Guaratinguetá,118044,1080,9.149130832570906,11.7159703161533,2.5668394835823936,0.0,-2.972396752829117,-0.7466347708056071,0.5788865639514227,9.149130832570906,6.176734079741789,8.402496061765298,9.728017396522329,1383.0,1080.0,729.1263977090398,991.8642451150229,1148.3340855550816,234.66591444491837,234.66591444491837
2022,3518503,Guareí,15013,59,3.9299273962565775,-3.1972290681409445,-7.1271564643975225,0.0,-5.1430691449709265,4.543605116200963,3.173702650463331,3.9299273962565775,-1.213141748714349,8.47353251245754,7.103630046719909,-48.0,59.0,-18.212897073448524,127.21314360952505,106.646797891406,-154.64679789140598,154.64679789140598
2022,3518602,Guariba,37498,831,22.16118192970292,34.05514960797909,11.893967678276171,0.0,-14.934037141053084,-11.117185156910118,-10.86118630888138,22.16118192970292,7.227144788649836,11.043996772792802,11.29999562082154,1277.0,831.0000000000001,271.00347528479153,414.1277909861845,423.7272357895661,853.2727642104339,853.2727642104339
2022,3518701,Guarujá,287634,1099,3.82082785762462,5.155857791498919,1.3350299338742988,0.0,-3.916667195534746,1.1025932677068864,1.1744389957128076,3.82082785762462,-0.09583933791012589,4.923421125331506,4.995266853337428,1483.0,1099.0,-27.56665212044115,1416.1433119636024,1436.808586092858,46.19141390714208,46.19141390714208
2022,3518800,Guarulhos,1291771,18964,14.680620636320215,10.710876773050332,-3.9697438632698834,0.0,-6.826346935375303,-3.0547544951469603,-2.718242675855792,14.680620636320215,7.854273700944913,11.625866141173255,11.962377960464423,13836.0,18964.0,10145.922992943311,15017.956731049517,15452.652940367088,-1616.6529403670884,1616.6529403670884
2022,3518859,Guatapará,7320,92,12.568306010928962,9.42622950819672,-3.142076502732241,0.0,-6.64958354846176,-4.629281829599085,-4.266106591836083,12.568306010928962,5.918722462467202,7.939024181329877,8.30219941909288,68.99999999999999,92.0,43.32504842525992,58.1136570073347,60.77209974775988,8.227900252240104,8.227900252240104
2022,3518909,Guzolândia,4246,-25,-5.887894488930758,1.6486104569006124,7.53650494583137,0.0,1.0391622322283312,10.605262772541735,16.073265979301915,-5.887894488930758,-4.848732256702427,4.717368283610977,10.185371490371157,7.0,-25.0,-20.587717161958505,20.02994573221221,43.24708734811593,-36.24708734811593,36.24708734811593
2022,3519006,Herculândia,9125,103,11.287671232876711,2.0821917808219177,-9.205479452054794,0.0,-4.97017909052052,-2.661888741253394,-3.258964337752382,11.287671232876711,6.317492142356191,8.625782491623317,8.02870689512433,19.0,102.99999999999999,57.64711579900025,78.71026523606277,73.2619504180095,-54.261950418009505,54.261950418009505
2022,3519055,Holambra,15094,1767,117.06638399363986,14.90658539817146,-102.1597985954684,0.0,-60.843239790820476,-57.403498833708284,-50.7032006265103,117.06638399363986,56.223144202819384,59.66288515993158,66.36318336712955,225.00000000000003,1767.0,848.6321385973558,900.5515886040073,1001.6858897434535,-776.6858897434535,776.6858897434535
2022,3519071,Hortolândia,236641,2448,10.344783870926848,6.334489796780777,-4.010294074146072,0.0,-2.1740141468892924,-1.2510090130803904,1.7447677294503896,10.344783870926848,8.170769724037555,9.093774857846459,12.089551600377238,1498.9999999999998,2448.0000000000005,1933.5391182659712,2151.9599761356435,2860.88358026487,-1361.8835802648703,1361.8835802648703
2022,3519105,Iacanga,10437,-83,-7.952476765354028,6.323656223052601,14.27613298840663,0.0,10.52615022902962,16.929813346299706,21.180907911007676,-7.952476765354028,2.5736734636755916,8.977336580945678,13.228431145653648,66.0,-82.99999999999999,26.86142994038215,93.69646189533005,138.0651358671871,-72.06513586718711,72.06513586718711
2022,3519204,Iacri,6131,9,1.4679497634969825,-3.0990050562714075,-4.56695481976839,0.0,5.951886344982573,6.722147666099036,5.886120620435972,1.4679497634969825,7.419836108479556,8.190097429596019,7.354070383932955,-19.0,9.0,45.49101518108816,50.21348734085319,45.087805523892946,-64.08780552389294,64.08780552389294
2022,3519253,Iaras,8010,0,0.0,29.9625468164794,29.9625468164794,0.0,0.1845059496387189,8.164487236506828,8.475733707149697,0.0,0.1845059496387189,8.164487236506828,8.475733707149697,240.0,0.0,1.4778926566061383,65.39754276441968,67.89062699426907,172.10937300573093,172.10937300573093
2022,3519303,Ibaté,32178,536,16.657343526633102,13.332090247995524,-3.325253278637577,0.0,-10.279823245116523,-6.058024071919709,-6.064166653432696,16.657343526633102,6.3775202815165795,10.599319454713394,10.593176873200406,428.99999999999994,536.0,205.21584761864048,341.0649014137676,340.86724542584267,88.13275457415727,88.13275457415727
2022,3519402,Ibirá,11690,69,5.902480752780154,3.507271171941831,-2.395209580838324,0.0,4.453349741609379,7.021776222649143,6.056601745340395,5.902480752780154,10.355830494389533,12.924256975429298,11.95908249812055,41.0,69.0,121.05965847941364,151.0845640427685,139.80167440302924,-98.80167440302924,98.80167440302924
2022,3519501,Ibirarema,6385,49,7.674236491777604,17.07126076742365,9.397024275646045,0.0,-2.0102102962436943,6.924977482253565,0.29278674953214306,7.674236491777604,5.66402619553391,14.59921397403117,7.9670232413097475,109.0,49.0,36.16480725848401,93.21598122418902,50.869443395762744,58.130556604237256,58.130556604237256
2022,3519600,Ibitinga,60033,224,3.7312811287125416,8.262122499292056,4.530841370579514,0.0,10.58284652153719,10.969443366747374,4.475607624737089,3.7312811287125416,14.314127650249732,14.700724495459916,8.20688875344963,496.0,224.0,859.3200252274421,882.5285936359451,492.6841525358417,3.3158474641583098,3.3158474641583098
2022,3519709,Ibiúna,75605,1068,14.126049864426957,10.89875008266649,-3.2272997817604647,0.0,-7.743750575383721,-5.001568796495764,-6.466321169882007,14.126049864426957,6.382299289043236,9.124481067931193,7.65972869454495,824.0,1068.0,482.5337377481139,689.8563911409378,579.1137879510709,244.8862120489291,244.8862120489291
2022,3519808,Icém,7819,24,3.0694462207443407,23.660314618237624,20.590868397493285,0.0,2.36577168654311,4.846775455595354,5.584785671154788,3.0694462207443407,5.43521790728745,7.9162216763396955,8.654231891899128,184.99999999999997,24.0,42.497968817080576,61.896937287300084,67.66743916275928,117.33256083724069,117.33256083724069
2022,3519907,Iepê,7619,40,5.250032812705079,5.906286914293214,0.6562541015881349,0.0,-4.934946986208673,-1.7809032677233774,0.6435591192088075,5.250032812705079,0.31508582649640626,3.469129544981702,5.893591931913887,45.0,40.0,2.4006389120761193,26.43129800321559,44.90327692925191,0.09672307074809083,0.09672307074809083
2022,3520004,Igaraçu do Tietê,23106,-45,-1.947546091924176,5.885917077815287,7.8334631697394626,0.0,2.6144406602295813,5.810783548938685,2.732153115229087,-1.947546091924176,0.6668945683054053,3.8632374570145096,0.7846070233049109,136.00000000000003,-45.000000000000014,15.409265895264694,89.26396468177725,18.129129880483273,117.87087011951675,117.87087011951675
2022,3520103,Igarapava,26212,166,6.332977262322601,5.837021211658782,-0.4959560506638185,0.0,-1.8615589741268974,5.098605234836553,1.8955100852990026,6.332977262322601,4.471418288195704,11.431582497159154,8.228487347621604,153.0,166.0,117.2048161701858,299.6446404155357,215.68511035585746,-62.68511035585746,62.68511035585746
2022,3520202,Igaratá,10605,69,6.506364922206506,6.694955209806695,0.1885902876001886,0.0,2.403414005336442,-1.0088868230165264,0.636152771278101,6.506364922206506,8.909778927542948,5.49747809918998,7.142517693484607,71.0,69.0,94.48820552659296,58.300755241909734,75.74640013940426,-4.746400139404258,4.746400139404258
2022,3520301,Iguape,29115,218,7.487549373175339,3.056843551433969,-4.43070582174137,0.0,-4.162413852018183,-1.2607291878877176,-2.4705338050447683,7.487549373175339,3.325135521157156,6.226820185287622,5.017015568130571,89.0,218.0,96.8113206984906,181.2938696946491,146.07040826612158,-57.070408266121575,57.070408266121575
2022,3520400,Ilhabela,34934,177,5.066697200435106,5.72508158241255,0.6583843819774433,0.0,16.816213312395476,18.072678327890692,14.684718270437758,5.066697200435106,21.882910512830584,23.1393755283258,19.751415470872864,200.0,177.0,764.4575958552236,808.3509447065335,689.9959480594727,-489.99594805947265,489.99594805947265
2022,3520426,Ilha Comprida,13419,-104,-7.750204933303525,10.20940457560176,17.959609508905285,0.0,25.829358037674012,18.249879754496085,27.235464333663487,-7.750204933303525,18.079153104370487,10.49967482119256,19.48525940035996,137.0,-104.0,242.60415550754757,140.89513642558296,261.47269589343034,-124.47269589343034,124.47269589343034
2022,3520442,Ilha Solteira,25549,159,6.223335551293593,-5.949352225136013,-12.172687776429605,0.0,-0.21655836692498354,1.5342757341801543,1.1228797972946758,6.223335551293593,6.006777184368609,7.757611285473747,7.346215348588268,-152.0,159.0,153.4671502834336,198.19921073256876,187.68845594108166,-339.68845594108166,339.68845594108166
2022,3520509,Indaiatuba,255748,5531,21.62675758950217,14.670691461907817,-6.956066127594351,0.0,-4.624188063762264,-3.041804229002798,7.457497060847547,21.62675758950217,17.002569525739904,18.58495336049937,29.084254650349717,3752.0000000000005,5531.000000000001,4348.373151068929,4753.064652040993,7438.239958317639,-3686.239958317639,3686.239958317639
2022,3520608,Indiana,5090,32,6.286836935166994,0.7858546168958742,-5.500982318271119,0.0,1.1030225967965757,-0.25909432130734134,1.7477643085537413,6.286836935166994,7.38985953196357,6.027742613859653,8.034601243720735,3.9999999999999996,31.999999999999996,37.61438501769457,30.681209904545636,40.896120330538544,-36.896120330538544,36.896120330538544
2022,3520707,Indiaporã,4035,9,2.2304832713754648,-7.1871127633209415,-9.417596034696404,0.0,3.8870111535466103,2.5233093297691926,1.207906450747667,2.2304832713754648,6.117494424922075,4.753792601144657,3.438389722123132,-29.0,9.0,24.684090004560574,19.18155314561869,13.873902528766838,-42.873902528766834,42.873902528766834
2022,3520806,Inúbia Paulista,3615,22,6.085753803596127,1.6597510373443982,-4.426002766251729,0.0,-4.499405525943512,0.11305982080407073,0.8659346828398131,6.085753803596127,1.5863482776526148,6.198813624400198,6.95168848643594,6.0,22.0,5.734649023714202,22.408711252206714,25.130353878465925,-19.130353878465925,19.130353878465925
2022,3520905,Ipaussu,13712,88,6.417736289381563,-0.3646441073512252,-6.782380396732788,0.0,-0.9061744351746218,3.2512362560933257,2.0906343314994813,6.417736289381563,5.511561854206941,9.668972545474888,8.508370620881044,-5.0,87.99999999999999,75.57453614488558,132.58095154355166,116.66677795352086,-121.66677795352086,121.66677795352086
2022,3521002,Iperó,36459,421,11.547217422309991,13.851175292794649,2.3039578704846537,0.0,-1.378240744407665,1.4004167649709987,3.109413639705088,11.547217422309991,10.168976677902327,12.94763418728099,14.65663106201508,505.0000000000001,421.0,370.7507206996409,472.0577948340776,534.3661118900079,-29.3661118900078,29.3661118900078
2022,3521101,Ipeúna,6831,12,1.756697408871322,-6.00204948031035,-7.758746889181673,0.0,6.204561567098958,11.153160756748598,9.505663021225185,1.756697408871322,7.96125897597028,12.90985816561992,11.262360430096507,-41.0,12.000000000000002,54.38336006485298,88.18724112934967,76.93318409798924,-117.93318409798924,117.93318409798924
2022,3521150,Ipiguá,6761,53,7.839077059606568,12.424197603904748,4.58512054429818,0.0,11.365149181375415,4.969191060104429,5.596549999297645,7.839077059606568,19.20422624098198,12.808268119710998,13.435627058904213,84.0,53.00000000000001,129.83977361527917,86.59670075736607,90.8382745452514,-6.838274545251394,6.838274545251394
2022,3521200,Iporanga,4046,-10,-2.471576866040534,2.7187345526445874,5.190311418685122,0.0,5.760086769514852,7.523707177107088,6.625231015620664,-2.471576866040534,3.288509903474318,5.052130311066554,4.15365414958013,11.0,-10.000000000000002,13.30531106945709,20.440919238575276,16.805684689201208,-5.8056846892012075,5.8056846892012075
2022,3521309,Ipuã,14454,104,7.195240071952401,-0.6226650062266501,-7.81790507817905,0.0,-3.3980486926093327,2.5889675615792287,1.1280544591239714,7.195240071952401,3.797191379343068,9.78420763353163,8.323294531076371,-9.0,104.0,54.8846041970247,141.42093713506617,120.30489915217787,-129.30489915217788,129.30489915217788
2022,3521408,Iracemápolis,21967,47,2.139572995857422,18.800928665725863,16.661355669868442,0.0,5.935511734251178,11.088616592393935,7.860657683847722,2.139572995857422,8.0750847301086,13.228189588251357,10.000230679705144,413.0,46.99999999999999,177.38538626629563,290.5836406851176,219.6750673410829,193.3249326589171,193.3249326589171
2022,3521507,Irapuã,6867,23,3.3493519732051844,7.135575942915392,3.786223969710208,0.0,-2.0746380194041274,4.046181459400308,2.3690575048542986,3.3493519732051844,1.274713953801057,7.395533432605492,5.718409478059483,49.0,23.0,8.753460720751859,50.78512808170191,39.26831788583447,9.73168211416553,9.73168211416553
2022,3521606,Irapuru,7085,75,10.58574453069866,1.6937191249117856,-8.892025405786875,0.0,-22.683335984908634,-9.226448828810723,-4.969256257703387,10.58574453069866,-12.097591454209974,1.3592957018879375,5.616488272995273,12.0,75.00000000000001,-85.71143545307766,9.630610047876036,39.792819414171504,-27.792819414171504,27.792819414171504
2022,3521705,Itaberá,17983,144,8.007562698103765,6.339320469332147,-1.668242228771618,0.0,0.774820615405847,-0.32981361515980634,1.450950760476782,8.007562698103765,8.782383313509612,7.677749082943959,9.458513458580548,114.0,144.0,157.93359912684335,138.06896175858122,170.092447525654,-56.092447525653995,56.092447525653995
2022,3521804,Itaí,25180,343,13.621922160444798,-14.336775218427322,-27.95869737887212,0.0,-4.745382961605275,-1.2485511599832106,-0.5445863167303578,13.621922160444798,8.876539198839524,12.373371000461589,13.07733584371444,-360.99999999999994,343.0,223.5112570267792,311.56148179162284,329.2873165447296,-690.2873165447295,690.2873165447295
2022,3521903,Itajobi,16989,-83,-4.885514156218729,10.712814173877216,15.598328330095944,0.0,20.96784438665588,17.320770782065093,15.940826381752423,-4.885514156218729,16.08233023043715,12.435256625846364,11.055312225533694,182.00000000000003,-82.99999999999999,273.2227082848967,211.26257481650387,187.8186993995919,-5.818699399591878,5.818699399591878
2022,3522000,Itaju,3618,19,5.251520176893312,19.34770591487009,14.096185737976782,0.0,0.16481557244085665,4.522340779380241,4.0767216216041,5.251520176893312,5.416335749334168,9.773860956273552,9.328241798497412,69.99999999999999,19.000000000000004,19.596302741091023,35.36182893979771,33.74957882696364,36.250421173036344,36.250421173036344
2022,3522109,Itanhaém,112476,502,4.463174366086988,4.569863793164764,0.106689427077776,0.0,2.0808597425635247,-0.4875135141199709,0.5286017823668255,4.463174366086988,6.5440341086505125,3.975660851967017,4.9917761484538135,514.0,502.00000000000006,736.0467804045751,447.1664299858422,561.455014073491,-47.45501407349104,47.45501407349104
2022,3522158,Itaoca,3422,9,2.6300409117475163,0.0,-2.6300409117475163,0.0,1.6230335839729666,0.7391723963196049,-0.3216466877511327,2.6300409117475163,4.253074495720483,3.3692133080671214,2.3083942239963835,0.0,9.0,14.554020924355493,11.529447940205689,7.899325034515624,-7.899325034515624,7.899325034515624
2022,3522208,Itapecerica da Serra,158522,470,2.9648881543255823,7.103115025043842,4.13822687071826,0.0,-0.7807936964313493,4.12249926226266,5.592988600250962,2.9648881543255823,2.1840944578942327,7.087387416588243,8.557876754576544,1126.0,469.99999999999994,346.22702165430957,1123.5068280524013,1356.611738888983,-230.61173888898293,230.61173888898293
2022,3522307,Itapetininga,157790,1848,11.71176880664174,5.291843589581089,-6.41992521706065,0.0,-0.9585678319528932,1.3614310654408952,-0.45317648707274905,11.71176880664174,10.753200974688847,13.073199872082634,11.25859231956899,835.0,1848.0,1696.7475817961533,2062.820207815919,1776.493282104791,-941.493282104791,941.493282104791
2022,3522406,Itapeva,89728,804,8.960413694721826,-0.4012125534950071,-9.361626248216831,0.0,-0.19224453721720747,2.037077280586881,-0.11626752243857619,8.960413694721826,8.768169157504618,10.997490975308708,8.84414617228325,-36.0,804.0,786.7502821645744,986.7828702324997,793.5675477466315,-829.5675477466315,829.5675477466315
2022,3522505,Itapevi,232297,879,3.7839489963279767,-1.317279172783118,-5.101228169111095,0.0,-0.27156718532735247,2.223895866775057,1.9849687453043219,3.7839489963279767,3.5123818110006244,6.007844863103033,5.768917741632299,-305.99999999999994,879.0,815.9157575500121,1395.6043381642453,1340.1022846279582,-1646.1022846279582,1646.1022846279582
2022,3522604,Itapira,72022,440,6.109244397545194,3.90158562661409,-2.2076587709311046,0.0,6.573426828708734,8.60868241026143,7.637201259352937,6.109244397545194,12.682671226253929,14.717926807806624,13.746445656898132,281.0,440.0,913.4313470572605,1060.0145245518486,990.0465091011173,-709.0465091011173,709.0465091011173
2022,3522653,Itapirapuã Paulista,4306,60,13.934045517882025,-13.237343241987924,-27.17138875986995,0.0,-6.594147043604788,-6.505743259819952,-7.5873777606282,13.934045517882025,7.339898474277237,7.428302258062073,6.346667757253825,-57.0,60.0,31.605602830237782,31.986269523215284,27.32875136273497,-84.32875136273498,84.32875136273498
2022,3522703,Itápolis,39493,-179,-4.53244878839288,15.724305573139544,20.256754361532423,0.0,12.720817490207383,16.53666036318046,12.2341266286116,-4.53244878839288,8.188368701814502,12.004211574787579,7.70167784021872,621.0,-179.00000000000003,323.38324514076015,474.0823277230859,304.1623629437579,316.8376370562421,316.8376370562421
2022,3522802,Itaporanga,14085,42,2.981895633652822,3.549875754348598,0.567980120695776,0.0,0.006053731044176391,3.0805787393235162,2.1821729461001746,2.981895633652822,2.9879493646969983,6.062474372976338,5.164068579752996,50.0,42.0,42.08526680175722,85.38995154337172,72.73590594582095,-22.735905945820946,22.735905945820946
2022,3522901,Itapuí,13659,200,14.642360348488175,4.831978915001098,-9.810381433487075,0.0,0.26922361631478453,2.405689976765225,-2.5181246910967743,14.642360348488175,14.91158396480296,17.0480503252534,12.1242356573914,66.0,200.0,203.6773253752436,232.8593193926362,165.60493484430916,-99.60493484430916,99.60493484430916
2022,3523008,Itapura,3979,79,19.85423473234481,0.2513194269917064,-19.602915305353104,0.0,-20.096809556321638,-9.18119714873816,-13.452704331094907,19.85423473234481,-0.2425748239768275,10.67303758360665,6.401530401249904,0.9999999999999998,79.0,-0.9652052246037967,42.46801654517086,25.471689466573366,-24.471689466573366,24.471689466573366
2022,3523107,Itaquaquecetuba,369275,1991,5.391645792431115,7.660957281159027,2.2693114887279124,0.0,-0.5218851319271374,0.9371592813920795,1.040669632665759,5.391645792431115,4.869760660503978,6.328805073823195,6.432315425096874,2829.0,1991.0,1798.2808679076065,2337.06949363606,2375.293278602648,453.7067213973519,453.7067213973519
2022,3523206,Itararé,44438,292,6.570952788154282,6.053377739772268,-0.5175750483820147,0.0,-4.275263326173645,0.8159270197687565,0.2019615182958861,6.570952788154282,2.295689461980637,7.386879807923039,6.7729143064501685,269.00000000000006,292.0,102.01584831149556,328.258164904484,300.9747659500326,-31.97476595003252,31.97476595003252
2022,3523305,Itariri,15528,-16,-1.0303967027305514,3.1555899021123133,4.185986604842864,0.0,0.3240013096077299,4.1233103135742315,2.92872958200434,-1.0303967027305514,-0.7063953931228215,3.09291361084368,1.8983328792737886,49.0,-16.000000000000004,-10.968907664411171,48.02676254918066,29.47731294936339,19.52268705063661,19.52268705063661
2022,3523404,Itatiba,121590,2043,16.80236861584012,5.625462620281273,-11.176905995558847,0.0,-3.518218225850669,-2.262786368392576,-4.621271501447384,16.80236861584012,13.28415038998945,14.539582247447544,12.181097114392735,684.0,2043.0000000000002,1615.2198459188176,1767.8678054671468,1481.0995981390126,-797.0995981390126,797.0995981390126
2022,3523503,Itatinga,19070,248,13.004719454640798,-10.330361824855794,-23.335081279496592,0.0,-6.764227866913655,-2.688149690932617,-0.9257869830444911,13.004719454640798,6.240491587727143,10.31656976370818,12.078932471596307,-197.0,248.0,119.00617457795661,196.736985393915,230.34524223334157,-427.34524223334154,427.34524223334154
2022,3523602,Itirapina,16148,-345,-21.36487490710924,30.09660639088432,51.46148129799356,0.0,35.03040567528911,41.87802000643984,44.172323230013646,-21.36487490710924,13.66553076817987,20.5131450993306,22.807448322904406,486.0,-345.0,220.67099084456856,331.2462670639905,368.29467551826036,117.70532448173964,117.70532448173964
2022,3523701,Itirapuã,5779,76,13.151064197958124,6.921612735767433,-6.229451462190691,0.0,-8.124609339880005,-2.9426247056115296,-3.649981201597545,13.151064197958124,5.02645485807812,10.208439492346596,9.50108299636058,40.0,76.0,29.047882624833456,58.99457182627098,54.9067586359678,-14.906758635967797,14.906758635967797
2022,3523800,Itobi,8046,156,19.38851603281133,-18.021377081779764,-37.4098931145911,0.0,-9.295033733598839,-10.086816709498478,-16.993894710658882,19.38851603281133,10.093482299212493,9.301699323312853,2.3946213221524495,-144.99999999999997,155.99999999999997,81.21215857946372,74.84147275537522,19.267123158038608,-164.26712315803857,164.26712315803857
2022,3523909,Itu,168240,1625,9.658820732287207,1.890156918687589,-7.76866381359962,0.0,3.374918182024249,5.7668402893707515,-0.7158875999660209,9.658820732287207,13.033738914311456,15.425661021657959,8.942933132321187,318.0,1624.9999999999998,2192.79623494376,2595.213210283735,1504.5590701817164,-1186.5590701817164,1186.5590701817164
2022,3524006,Itupeva,70616,1924,27.245949926362297,16.044522487821457,-11.20142743854084,0.0,-2.2126759284439084,-4.3361221158984,-1.7465936085631855,27.245949926362297,25.03327399791839,22.909827810463895,25.499356317799112,1133.0,1924.0,1767.749676637005,1617.8004006637184,1800.6625457377022,-667.6625457377022,667.6625457377022
2022,3524105,Ituverava,37571,258,6.866998482872428,0.7718719224934124,-6.095126560379016,0.0,-2.7394581657712966,2.299416365595625,2.012388514878926,6.866998482872428,4.127540317101131,9.166414848468053,8.879386997751354,28.999999999999996,258.0,155.0758172538066,344.3913722717932,333.60744889251606,-304.60744889251606,304.60744889251606
2022,3524204,Jaborandi,6221,13,2.089696190323099,5.626105127792959,3.53640893746986,0.0,-0.1916698671662589,4.208206596523429,8.30974229700924,2.089696190323099,1.8980263231568402,6.297902786846528,10.39943848733234,35.0,13.0,11.807621756358703,39.17925323697225,64.69490682969449,-29.69490682969449,29.69490682969449
2022,3524303,Jaboticabal,71821,262,3.647958118099163,9.760376491555396,6.112418373456231,0.0,5.2683759526205245,8.291821573114158,5.062665913116659,3.647958118099163,8.916334070719687,11.939779691213321,8.710624031215822,701.0000000000001,261.99999999999994,640.3800292931587,857.5269172026319,625.6057285459516,75.39427145404852,75.39427145404852
2022,3524402,Jacareí,240275,2081,8.660909374674851,3.625013005930704,-5.035896368744147,0.0,1.8814259102641449,2.1667090118293926,2.0929955945782877,8.660909374674851,10.542335284938996,10.827618386504245,10.753904969253139,870.9999999999999,2081.0,2533.059610588717,2601.6060078173073,2583.894516487298,-1712.894516487298,1712.894516487298
2022,3524501,Jaci,7613,114,14.974385918823064,29.160646262971238,14.186260344148168,0.0,3.6760517388207026,2.791834206835749,-4.1504158950703065,14.974385918823064,18.650437657643767,17.766220125658812,10.823970023752757,222.00000000000003,113.99999999999999,141.985781887642,135.25423381664055,82.40288379082975,139.59711620917028,139.59711620917028
2022,3524600,Jacupiranga,16097,39,2.422811704044232,14.723240355345716,12.300428651301484,0.0,1.9460982993983034,5.827450041333652,5.154237966517154,2.422811704044232,4.368910003442536,8.250261745377884,7.577049670561386,237.0,39.00000000000001,70.3263443254145,132.8044633153478,121.96776854702662,115.03223145297338,115.03223145297338
2022,3524709,Jaguariúna,59347,1089,18.3497059666032,26.673631354575637,8.323925387972434,0.0,6.23450400602978,6.874841614202111,1.6548967158322974,18.3497059666032,24.58420997263298,25.22454758080531,20.004602682435497,1583.0000000000002,1089.0,1458.9991092458495,1497.0012252780527,1187.2131553944994,395.78684460550085,395.78684460550085
2022,3524808,Jales,48776,301,6.171067738231917,5.699524356240774,-0.4715433819911432,0.0,2.369829631718752,2.7766521202574497,1.5258317777626247,6.171067738231917,8.54089736995067,8.947719858489368,7.6968995159945415,278.0,301.0,416.59081011671384,436.4339838176774,375.42397079214976,-97.42397079214976,97.42397079214976
2022,3524907,Jambeiro,6397,-101,-15.788650930123495,-15.476004377051744,0.3126465530717528,0.0,57.44947771468866,57.81647453277642,40.054995659590034,-15.788650930123495,41.66082678456517,42.02782360265292,24.26634472946654,-99.00000000000001,-101.0,266.5043089408633,268.8519875861707,155.23180723439745,-254.23180723439748,254.23180723439748
2022,3525003,Jandira,118045,592,5.015036638570037,4.8540810707780935,-0.1609555677919436,0.0,-1.7320335196190828,1.9950280526744402,1.7582256211447973,5.015036638570037,3.2830031189509543,7.0100646912444775,6.773262259714834,573.0,592.0,387.5421031765654,827.5030864779543,799.5497434480377,-226.5497434480377,226.5497434480377
2022,3525102,Jardinópolis,45282,215,4.748023497195354,4.1296762510489815,-0.6183472461463726,0.0,4.997307732375002,5.424827430219983,6.0394824852450695,4.748023497195354,9.745331229570356,10.172850927415336,10.787505982440424,186.99999999999997,215.00000000000003,441.28808873740485,460.6470356952213,488.4798458968673,-301.47984589686735,301.47984589686735
2022,3525201,Jarinu,37535,314,8.365525509524444,8.871719728253629,0.5061942187291848,0.0,7.183198826775535,1.7335307755825695,2.1338623946071125,8.365525509524444,15.54872433629998,10.099056285107013,10.499387904131556,332.99999999999994,314.0,583.6213679630198,379.0680776614917,394.09452498157793,-61.09452498157799,61.09452498157799
2022,3525300,Jaú,133497,1179,8.831659138407606,3.625549637819576,-5.206109500588029,0.0,-2.3553623084803865,3.0289144694232046,2.883410131514632,8.831659138407606,6.476296829927219,11.86057360783081,11.715069269922237,483.99999999999994,1179.0,864.566197904794,1583.3509949245897,1563.926602326809,-1079.926602326809,1079.926602326809
2022,3525409,Jeriquara,3863,38,9.83691431529899,-3.1063939943049443,-12.943308309603935,0.0,7.307838286492802,1.9738917950293489,-0.04939143444043916,9.83691431529899,17.144752601791794,11.81080611032834,9.787522880858551,-12.0,38.0,66.2301793007217,45.625144004198376,37.809200888756585,-49.809200888756585,49.809200888756585
2022,3525508,Joanópolis,12815,52,4.057744830277019,1.794771751853297,-2.2629730784237223,0.0,2.348165336339676,4.094328014182054,5.798001942999796,4.057744830277019,6.405910166616695,8.152072844459074,9.855746773276815,23.000000000000004,52.0,82.09173878519296,104.46881350174303,126.30139489954239,-103.30139489954239,103.30139489954239
2022,3525607,João Ramalho,4371,-38,-8.693662777396476,3.431708991077557,12.125371768474032,0.0,11.795946049343614,13.843603092488767,27.653576525581727,-8.693662777396476,3.1022832719471385,5.149940315092291,18.95991374818525,15.000000000000002,-37.99999999999999,13.560080181680942,22.510389117268407,82.87378299331773,-67.87378299331773,67.87378299331773
2022,3525706,José Bonifácio,36633,244,6.660661152512762,13.785384762372724,7.124723609859962,0.0,4.792723084029965,5.930075513601506,1.0994758484741194,6.660661152512762,11.453384236542727,12.590736666114267,7.760137000986881,505.0,244.0,419.5718247372697,461.23645628976396,284.2770987571524,220.72290124284763,220.72290124284763
2022,3525805,Júlio Mesquita,4254,10,2.3507287259050305,-5.171603196991067,-7.522331922896098,0.0,-3.867846816590978,1.1926629492015597,2.1315251719221964,2.3507287259050305,-1.5171180906859476,3.54339167510659,4.482253897827227,-22.0,10.0,-6.453820357778022,15.073588185903434,19.067508081357023,-41.06750808135702,41.06750808135702
2022,3525854,Jumirim,3056,-6,-1.963350785340314,17.015706806282722,18.97905759162304,0.0,20.028049265869182,24.407092935472544,12.268354257756615,-1.963350785340314,18.064698480528868,22.44374215013223,10.3050034724163,52.0,-6.0,55.20571855649622,68.5880760108041,31.492090611704214,20.507909388295786,20.507909388295786
2022,3525904,Jundiaí,443221,7348,16.57863684256838,5.261483548839067,-11.317153293729312,0.0,5.022414289642967,4.410826312343425,0.5206623277840396,16.57863684256838,21.601051132211346,20.989463154911803,17.099299170352417,2332.0,7347.999999999999,9574.039483869845,9302.970848983165,7578.768477582768,-5246.768477582768,5246.768477582768
2022,3526001,Junqueirópolis,20448,325,15.89397496087637,6.0641627543036,-9.829812206572772,0.0,-7.190356258554887,-6.113047315997829,-6.190082215500461,15.89397496087637,8.703618702321483,9.780927644878542,9.70389274537591,124.0,325.0,177.9715952250697,200.00040848247642,198.42519885744662,-74.42519885744662,74.42519885744662
2022,3526100,Juquiá,17154,19,1.1076133846333216,5.421476040573627,4.313862655940306,0.0,1.5400715660225084,4.499992667461752,4.529987036846353,1.1076133846333216,2.64768495065583,5.607606052095074,5.637600421479674,93.0,19.0,45.418387643550105,96.19287421763889,96.70739763006233,-3.7073976300623315,3.7073976300623315
2022,3526209,Juquitiba,27404,-45,-1.6420960443730843,-5.181725295577288,-3.539629251204204,0.0,0.13585793655623823,6.211073042995711,5.004871789194421,-1.6420960443730843,-1.506238107816846,4.5689769986226265,3.362775744821337,-142.0,-45.0,-41.27694910661285,125.20824567025446,92.15350651108392,-234.15350651108392,234.15350651108392
2022,3526308,Lagoinha,5083,28,5.508557938225457,4.721621089907535,-0.7869368483179224,0.0,-0.5307997090155532,-2.0688285809311204,-2.4576378884555297,5.508557938225457,4.977758229209904,3.4397293572943366,3.0509200497699274,24.0,27.999999999999996,25.301945079073942,17.48414432312711,15.50782661298054,8.49217338701946,8.49217338701946
2022,3526407,Laranjal Paulista,26261,-12,-0.4569513727580823,9.862533795361944,10.319485168120028,0.0,16.619997261314367,20.114338529077088,7.830289333851239,-0.4569513727580823,16.163045888556283,19.657387156319004,7.373337961093156,259.00000000000006,-11.999999999999998,424.45774807937653,516.2226441120933,193.6312281962674,65.36877180373267,65.36877180373267
2022,3526506,Lavínia,9689,-1,-0.1032098255753947,1.2385179069047372,1.341727732480132,0.0,-6.500788654795404,3.2550069096822822,7.4763575918703635,-0.1032098255753947,-6.603998480370798,3.1517970841068874,7.373147766294969,11.999999999999998,-0.9999999999999992,-63.986141276312665,30.537761947911633,71.43842870763196,-59.43842870763196,59.43842870763196
2022,3526605,Lavrinhas,7171,-2,-0.2789011295495747,5.020220331892344,5.299121461441919,0.0,1.948209080328225,3.756675621001487,4.693800125418455,-0.2789011295495747,1.6693079507786504,3.477774491451912,4.41489899586888,36.0,-2.0,11.970607315033702,24.939120878201663,31.659240699375736,4.3407593006242635,4.3407593006242635
2022,3526704,Leme,98161,1058,10.778211305915791,3.096952965026844,-7.681258340888949,0.0,-3.2592848965371344,0.10336724798909946,0.4183387207682634,10.778211305915791,7.518926409378657,10.881578553904891,11.196550026684054,304.00000000000006,1058.0,738.0653352710183,1068.146632429858,1099.0645471693335,-795.0645471693335,795.0645471693335
2022,3526803,Lençóis Paulista,66505,2640,39.69626343883918,62.55168784301932,22.85542440418013,0.0,-21.98078833923884,-18.933102949163636,-15.460355312201155,39.69626343883918,17.715475099600344,20.763160489675546,24.235908126638027,4160.0,2640.0,1178.1676714989208,1380.853988365872,1611.809069962062,2548.190930037938,2548.190930037938
2022,3526902,Limeira,291869,4818,16.507405719689313,4.913163097142896,-11.594242622546416,0.0,-4.255431093736663,-1.314352386948726,-3.952824893456159,16.507405719689313,12.25197462595265,15.193053332740586,12.554580826233154,1434.0,4818.0,3575.971582102174,4434.381283173661,3664.292951171845,-2230.292951171845,2230.292951171845
2022,3527009,Lindóia,7014,59,8.411747932706017,21.956087824351297,13.54433989164528,0.0,-3.2488840533862557,4.017769525126295,3.087004330752838,8.411747932706017,5.162863879319762,12.429517457832311,11.498752263458854,154.0,59.00000000000001,36.21232724954881,87.18063544923584,80.65224837590041,73.34775162409959,73.34775162409959
2022,3527108,Lins,74779,92,1.230291926877867,18.374142473154222,17.143850546276358,0.0,10.777440221886199,13.16476310593005,13.050616881446473,1.230291926877867,12.007732148764065,14.395055032807916,14.28090880832434,1373.9999999999995,92.00000000000001,897.926202352428,1076.4478202983432,1067.9120797776857,306.08792022231387,306.08792022231387
2022,3527207,Lorena,84855,1040,12.256201755936598,8.56755641977491,-3.688645336161688,0.0,-7.237081188394032,-5.0465927284579735,-3.788535710357079,12.256201755936598,5.019120567542566,7.209609027478624,8.467666045579518,727.0,1040.0,425.89747575882444,611.7713740266986,718.52380229765,8.476197702349964,8.476197702349964
2022,3527256,Lourdes,1950,3,1.5384615384615383,5.641025641025641,4.102564102564103,0.0,-4.362067770019365,1.6250832786050295,1.2246327253581464,1.5384615384615383,-2.823606231557827,3.163544817066568,2.763094263819685,11.0,2.9999999999999996,-5.506032151537763,6.168912393279808,5.388033814448386,5.611966185551614,5.611966185551614
2022,3527306,Louveira,51847,-465,-8.968696356587651,13.23123806584759,22.19993442243524,0.0,23.82883586077524,23.636318956096876,29.359500518413313,-8.968696356587651,14.860139504187588,14.667622599509224,20.390804161825663,686.0,-464.99999999999994,770.4536528736139,760.4722289167547,1057.2020233781752,-371.2020233781752,371.2020233781752
2022,3527405,Lucélia,20061,-2572,-128.20896266387518,-62.95797816659189,65.2509844972833,0.0,161.94911901512535,158.4155789808592,103.33240261970604,-128.20896266387518,33.740156351250164,30.206616316984025,-24.87656004416914,-1263.0,-2572.0,676.8612765624295,605.9749299350166,-499.0486710460771,-763.9513289539229,763.9513289539229
2022,3527504,Lucianópolis,2372,263,110.87689713322092,-16.863406408094434,-127.74030354131534,0.0,-77.69315822040575,-74.10978667114964,-69.53930096386115,110.87689713322092,33.18373891281517,36.76711046207129,41.33759616935977,-40.0,263.0,78.71182870119759,87.2115860160331,98.05277811372137,-138.0527781137214,138.0527781137214
2022,3527603,Luís Antônio,12265,631,51.44720750101916,56.09457806767224,4.6473705666530805,0.0,-28.38351153187835,-17.0344106465002,-52.60808944308159,51.44720750101916,23.063695969140806,34.41279685451896,-1.1608819420624314,688.0,631.0,282.876231061512,422.072953420675,-14.238217019395721,702.2382170193957,702.2382170193957
2022,3527702,Luiziânia,4701,5,1.0636034886194423,4.041693256753882,2.97808976813444,0.0,-4.049052272114729,4.487698392516208,7.117193235131601,1.0636034886194423,-2.9854487834952863,5.55130188113565,8.180796723751044,18.999999999999996,4.999999999999998,-14.03459473121134,26.09667014321869,38.45792539835365,-19.457925398353655,19.457925398353655
2022,3527801,Lupércio,3981,-15,-3.767897513187641,4.52147701582517,8.289374529012811,0.0,4.2973026862310615,9.692607569562583,10.159057962483937,-3.767897513187641,0.5294051730434206,5.924710056374941,6.3911604492962955,18.0,-14.999999999999998,2.1075619938858576,23.58627073442864,25.443209748648552,-7.4432097486485524,7.4432097486485524
2022,3527900,Lutécia,2661,-16,-6.012777151446825,2.254791431792559,8.267568583239385,0.0,11.551874176735518,11.759524819688012,20.328505238774568,-6.012777151446825,5.539097025288694,5.746747668241188,14.315728087327743,6.0,-16.0,14.739537184293214,15.2920955451898,38.094152440379126,-32.094152440379126,32.094152440379126
2022,3528007,Macatuba,16829,42,2.4956919603066137,-0.891318557252362,-3.387010517558976,0.0,4.304589779725852,5.386001151134736,3.755709491251309,2.4956919603066137,6.8002817400324655,7.88169311144135,6.251401451557923,-15.0,42.0,114.44194140300637,132.64101337244648,105.20483502826828,-120.20483502826828,120.20483502826828
2022,3528106,Macaubal,7481,51,6.817270418393263,-2.005079534821548,-8.822349953214811,0.0,1.563215235137349,4.6616099340888315,2.120703445384264,6.817270418393263,8.380485653530611,11.478880352482093,8.937973863777527,-15.000000000000002,51.0,62.694413174062504,85.87350391691855,66.86498247491969,-81.86498247491969,81.86498247491969
2022,3528205,Macedônia,3963,30,7.57002271006813,-7.822356800403735,-15.392379510471866,0.0,0.6254734112493916,-1.7642042331629806,-3.0272633724713907,7.57002271006813,8.195496121317522,5.8058184769051495,4.54275933759674,-31.000000000000004,30.0,32.47875112878134,23.00845862397511,18.00295525489588,-49.00295525489588,49.00295525489588
2022,3528304,Magda,3165,-30,-9.47867298578199,7.582938388625592,17.061611374407583,0.0,16.9164533745145,16.488197785231062,20.556404797217287,-9.47867298578199,7.437780388732509,7.009524799449071,11.077731811435296,23.999999999999996,-30.0,23.540574930338394,22.18514599025631,35.06102118319271,-11.061021183192711,11.061021183192711
2022,3528403,Mairinque,50027,299,5.976772542826874,-2.098866612029504,-8.075639154856377,0.0,5.867139963073784,4.903468382989272,4.460973618666733,5.976772542826874,11.843912505900658,10.880240925816146,10.437746161493607,-105.0,299.0,592.5154109326922,544.3058127958044,522.1691272210406,-627.1691272210406,627.1691272210406
2022,3528502,Mairiporã,93853,472,5.0291413167400085,4.73080242506899,-0.2983388916710181,0.0,-1.902107438830159,2.1840399012875773,1.6659726211588997,5.0291413167400085,3.1270338779098497,7.213181218027586,6.695113937898908,443.99999999999994,472.0,293.4815105434731,676.978696855543,628.3565284136263,-184.35652841362634,184.35652841362634
2022,3528601,Manduri,9871,84,8.509776111842772,-5.369263499138891,-13.879039610981664,0.0,3.286770886230488,3.703155114167769,1.1509580540740665,8.509776111842772,11.79654699807326,12.212931226010541,9.660734165916839,-52.99999999999999,84.0,116.44371541798117,120.55384413195006,95.36110695176512,-148.36110695176512,148.36110695176512
2022,3528700,Marabá Paulista,4573,2,0.4373496610540127,-10.059042204242292,-10.496391865296305,0.0,-3.9022679627426795,5.31928991426572,5.828029973239705,0.4373496610540127,-3.464918301688667,5.756639575319733,6.265379634293717,-46.0,2.0,-15.845071393622273,26.32511277793714,28.65158106762517,-74.65158106762517,74.65158106762517
2022,3528809,Maracaí,12673,65,5.129014440148347,9.705673479049947,4.576659038901602,0.0,-1.4971361774025207,5.147548891567904,2.117797423323377,5.129014440148347,3.6318782627458264,10.27656333171625,7.246811863471724,122.99999999999999,65.0,46.02679322377786,130.23488710284005,91.83884674577715,31.16115325422284,31.16115325422284
2022,3528858,Marapoama,3292,30,9.113001215066827,80.80194410692589,71.68894289185906,0.0,21.989062412719242,19.408266396018405,-0.3486012854895315,9.113001215066827,31.10206362778607,28.521267611085232,8.764399929577296,266.0,29.999999999999996,102.38799346267174,93.8920129756926,28.85240456816846,237.14759543183155,237.14759543183155
2022,3528908,Mariápolis,3513,0,0.0,3.985197836606889,3.985197836606889,0.0,-0.8679042299444726,4.216540643872173,4.603011407186028,0.0,-0.8679042299444726,4.216540643872173,4.603011407186028,14.000000000000002,0.0,-3.0489475597949323,14.812707281922943,16.17037907344452,-2.1703790734445167,2.1703790734445167
2022,3529005,Marília,237627,355,1.4939379784283773,7.5622719640444895,6.068333985616112,0.0,10.005115663236866,10.57818924033091,3.50630854993808,1.4939379784283773,11.499053641665244,12.072127218759288,5.000246528366457,1797.0,355.0,2732.4856197079866,2868.6633746121133,1188.193581796136,608.806418203864,608.806418203864
2022,3529104,Marinópolis,1860,3,1.6129032258064515,3.763440860215054,2.1505376344086025,0.0,-2.6475255739066332,1.7888079272254263,1.212504464136078,1.6129032258064515,-1.0346223481001817,3.4017111530318775,2.8254076899425296,7.0,3.0,-1.9243975674663378,6.327182744639293,5.255258303293105,1.7447416967068952,1.7447416967068952
2022,3529203,Martinópolis,24881,-28,-1.1253566978819178,5.70716611068687,6.832522808568788,0.0,2.6094063686872717,5.496006281771448,4.35453920943202,-1.1253566978819178,1.4840496708053539,4.370649583889531,3.2291825115501025,142.00000000000003,-27.999999999999996,36.92463985930801,108.74613229675542,80.3452900698781,61.654709930121925,61.654709930121925
2022,3529302,Matão,79033,1402,17.739425303354295,33.37846216137562,15.639036858021328,0.0,0.4591929095415317,3.153765386488571,-5.863878805117656,17.739425303354295,18.198618212895827,20.893190689842868,11.87554649823664,2637.9999999999995,1402.0,1438.2913932197957,1651.2515397903514,938.5600663951363,1699.4399336048632,1699.4399336048632
2022,3529401,Mauá,418261,2647,6.32858430501529,8.867668752286251,2.539084447270961,0.0,-5.241435708764905,0.9162363155053777,1.4620151220714162,6.32858430501529,1.087148596250385,7.2448206205206676,7.790599427086706,3708.9999999999995,2647.0,454.7118590162823,3030.225917559595,3258.5039069727127,450.49609302728686,450.49609302728686
2022,3529500,Mendonça,6159,187,30.3620717648969,30.52443578503004,0.1623640201331362,0.0,2.545805432007672,-0.5716542160672582,-7.924416200278305,30.3620717648969,32.90787719690457,29.79041754882964,22.437655564618595,188.0,187.0,202.67961565573526,183.47918168324176,138.19352062248592,49.80647937751408,49.80647937751408
2022,3529609,Meridiano,4572,69,15.091863517060368,17.060367454068242,1.968503937007874,0.0,2.885087161471181,-2.137855546240351,-0.4851194167533669,15.091863517060368,17.976950678531548,12.954007970820017,14.606744100307,78.0,69.0,82.19061850224622,59.22572444258912,66.78203402660361,11.217965973396389,11.217965973396389
2022,3529658,Mesópolis,1952,15,7.684426229508197,0.5122950819672132,-7.172131147540983,0.0,-2.773200456606822,-3.87750064602851,-5.151665322989938,7.684426229508197,4.911225772901375,3.8069255834796865,2.5327609065182584,1.0000000000000002,15.0,9.586712708703484,7.431118738952349,4.94394928952364,-3.9439492895236397,3.9439492895236397
2022,3529708,Miguelópolis,19441,206,10.596162748829792,15.99711948973818,5.400956740908388,0.0,-4.772466724874635,0.28801546409644474,0.7084117473678799,10.596162748829792,5.823696023955158,10.884178212926237,11.304574496197672,310.99999999999994,206.0,113.21847440171223,211.59930863749898,219.77223278057895,91.227767219421,91.227767219421
2022,3529807,Mineiros do Tietê,11230,118,10.507569011576136,1.157613535173642,-9.349955476402494,0.0,-10.290119304940388,-4.302518288460254,-3.722513356406747,10.507569011576136,0.21744970663574748,6.205050723115882,6.785055655169389,13.0,118.0,2.441960205519444,69.68271962059136,76.19617500755224,-63.19617500755224,63.19617500755224
2022,3529906,Miracatu,18553,68,3.6651754433245296,1.940386999407104,-1.7247884439174257,0.0,0.10736905226731097,1.9022436934088451,0.9305780994300253,3.6651754433245296,3.7725444955918404,5.567419136733375,4.595753542754555,36.0,68.0,69.99201802671543,103.2923272438143,85.26501547872527,-49.265015478725275,49.265015478725275
2022,3530003,Mira Estrela,3126,59,18.87396033269354,-5.758157389635317,-24.632117722328857,0.0,-14.09757477541797,-14.12423349334119,-14.971722129372937,18.87396033269354,4.776385557275569,4.749726839352348,3.902238203320602,-18.0,59.0,14.93098125204343,14.847646099815442,12.198396623580201,-30.1983966235802,30.1983966235802
2022,3530102,Mirandópolis,27983,247,8.826787692527606,2.6801986920630383,-6.146589000464568,0.0,-5.720785985039304,-3.3768293423580777,-2.854899299209454,8.826787692527606,3.1060017074883026,5.449958350169529,5.971888393318152,75.0,247.0,86.91524578064517,152.50618451279394,167.11135291022185,-92.11135291022185,92.11135291022185
2022,3530201,Mirante do Paranapanema,15917,-74,-4.649117295972859,11.99974869636238,16.64886599233524,0.0,3.5501685759349026,9.22370200496936,11.845992436048348,-4.649117295972859,-1.0989487200379564,4.5745847089965,7.196875140075489,191.0,-74.0,-17.49196677684415,72.81366481309729,114.55266160458156,76.44733839541844,76.44733839541844
2022,3530300,Mirassol,63337,327,5.162858992374126,5.747035697933278,0.5841767055591518,0.0,8.960488243846882,7.611877723493764,5.940086191777284,5.162858992374126,14.123347236221008,12.77473671586789,11.102945184151409,364.0,327.0,894.53044390053,809.1134993729246,703.2272391285978,-339.22723912859783,339.22723912859783
2022,3530409,Mirassolândia,4669,0,0.0,3.641036624544871,3.641036624544871,0.0,10.617309293129045,12.411670057716291,15.380932787531464,0.0,10.617309293129045,12.411670057716291,15.380932787531464,17.000000000000004,0.0,49.57221708961951,57.95008749947736,71.81357518498442,-54.813575184984416,54.813575184984416
2022,3530508,Mococa,67681,1035,15.292327241027763,8.082031884871677,-7.210295356156086,0.0,-6.171024088972903,-5.078948808057708,-4.098230987567746,15.292327241027763,9.12130315205486,10.213378432970055,11.194096253460017,547.0,1035.0,617.338918634225,691.2516657218463,757.6276285304275,-210.6276285304275,210.6276285304275
2022,3530607,Mogi das Cruzes,451505,7273,16.108348744753656,10.378622606615652,-5.729726138138004,0.0,-5.042097603293123,-4.063330269920104,-3.1007923960540595,16.108348744753656,11.066251141460533,12.045018474833551,13.007556348699596,4686.0,7272.999999999999,4996.467721625138,5438.386066479722,5872.976729219612,-1186.976729219612,1186.976729219612
2022,3530706,Mogi Guaçu,153658,1889,12.293534993296802,10.13940048679535,-2.1541345065014514,0.0,3.059312603827772,3.4266864393007275,2.0592904016618627,12.293534993296802,15.352847597124574,15.72022143259753,14.352825394958664,1558.0,1889.0,2359.087856078968,2415.537784890071,2205.4264445385584,-647.4264445385584,647.4264445385584
2022,3530805,Mogi Mirim,92558,1012,10.93368482465049,10.242226495818835,-0.6914583288316525,0.0,2.1227317635923546,3.216185556853521,-0.3603109153760765,10.93368482465049,13.056416588242843,14.14987038150401,10.573373909274412,947.9999999999998,1012.0,1208.4758065745812,1309.6837027712484,978.650342294621,-30.650342294621282,30.650342294621282
2022,3530904,Mombuca,3722,69,18.538420204191297,0.2686727565824826,-18.26974744760881,0.0,-3.3337907187513185,-5.1251711067721235,-9.6776830147015,18.538420204191297,15.204629485439979,13.413249097419174,8.860737189489797,1.0000000000000002,69.00000000000001,56.5916309448076,49.924113140594166,32.97966381928102,-31.979663819281022,31.979663819281022
2022,3531001,Monções,1937,-29,-14.97160557563242,-18.58544140423335,-3.61383582860093,0.0,11.439400607218587,19.14503884373187,23.241474179965323,-14.97160557563242,-3.532204968413833,4.173433268099451,8.269868604332903,-36.0,-28.999999999999996,-6.841881023817594,8.083940240308637,16.01873548659283,-52.01873548659283,52.01873548659283
2022,3531100,Mongaguá,61951,431,6.957111265354877,9.313812529256994,2.356701263902117,0.0,0.33157349597485686,-1.6370722447160178,0.4861795044636662,6.957111265354877,7.288684761329733,5.320039020638859,7.443290769818543,577.0,431.0,451.5413096491383,329.58173736759795,461.11930648102856,115.88069351897144,115.88069351897144
2022,3531209,Monte Alegre do Sul,8627,132,15.30079981453576,-1.0432363509910745,-16.344036165526834,0.0,-6.4073022148235905,-7.892073902276954,-8.134878555080176,15.30079981453576,8.89349759971217,7.408725912258805,7.165921259455583,-9.0,132.0,76.72420379271689,63.91507844505671,61.82040270532332,-70.82040270532332,70.82040270532332
2022,3531308,Monte Alto,47574,777,16.33245049817127,5.339050742001934,-10.993399756169335,0.0,-7.583325004584087,-4.448508718824988,-4.083765114487677,16.33245049817127,8.749125493587183,11.88394177934628,12.248685383683593,254.0,777.0,416.23089623191663,565.3666462106199,582.7189584433634,-328.71895844336336,328.71895844336336
2022,3531407,Monte Aprazível,22280,-8,-0.3590664272890485,15.529622980251348,15.888689407540395,0.0,6.644966970095132,12.114417815737534,10.665528864817132,-0.3590664272890485,6.285900542806084,11.755351388448485,10.306462437528083,346.00000000000006,-8.0,140.04986409371955,261.9092289346322,229.62798310812568,116.37201689187438,116.37201689187438
2022,3531506,Monte Azul Paulista,18151,-466,-25.67351661065506,34.04771086992452,59.72122748057959,0.0,38.01349296553507,39.06092597002412,36.47318891918623,-25.67351661065506,12.339976354880012,13.387409359369062,10.799672308531168,618.0,-466.0,223.9829108174271,242.99486728190786,196.02485207214923,421.9751479278508,421.9751479278508
2022,3531605,Monte Castelo,4222,13,3.079109426811937,5.210800568450971,2.1316911416390334,0.0,8.490078579510522,7.859565820700231,5.499347864170143,3.079109426811937,11.56918800632246,10.938675247512169,8.57845729098208,21.999999999999996,12.999999999999996,48.84511176269342,46.18308689499638,36.21824668252634,-14.218246682526345,14.218246682526345
2022,3531704,Monteiro Lobato,4138,45,10.874818753020785,1.4499758337361044,-9.42484291928468,0.0,-10.472441863778156,-5.209626213378236,-3.316986465911307,10.874818753020785,0.40237688924262827,5.665192539642549,7.557832287109478,6.0,45.00000000000001,1.6650355676859958,23.442566729040866,31.274310004059018,-25.274310004059018,25.274310004059018
2022,3531803,Monte Mor,64662,675,10.438897652407906,8.892394296495622,-1.546503355912284,0.0,5.929674027619248,4.682284487600398,2.6598533725933375,10.438897652407906,16.368571680027152,15.121182140008305,13.098751025001244,574.9999999999999,675.0,1058.4245819739158,977.765879537217,846.9914387786305,-271.9914387786306,271.9914387786306
2022,3531902,Morro Agudo,27933,583,20.871370780080905,44.78573729996778,23.914366519886872,0.0,-15.351648734749872,-7.3309158290651215,-10.17953085683525,20.871370780080905,5.519722045331033,13.540454951015784,10.691839923245656,1251.0,582.9999999999999,154.18239589223177,378.2255281467239,298.6551645760209,952.344835423979,952.344835423979
2022,3532009,Morungaba,13720,183,13.338192419825072,-5.393586005830904,-18.73177842565597,0.0,1.021866419943435,1.9576455934207047,0.11264690396078264,13.338192419825072,14.360058839768508,15.295838013245776,13.450839323785855,-74.0,183.0,197.02000728162392,209.85889754173203,184.54551552234193,-258.54551552234193,258.54551552234193
2022,3532058,Motuca,4034,16,3.966286564204264,-8.676251859196828,-12.642538423401092,0.0,-2.907590731123027,4.019036557021321,2.2016526136530703,3.966286564204264,1.058695833081237,7.985323121225585,6.167939177857335,-35.00000000000001,16.0,4.27077899064971,32.212793471024014,24.881466643476486,-59.88146664347649,59.88146664347649
2022,3532108,Murutinga do Sul,3737,6,1.6055659620016056,1.0703773080010703,-0.5351886540005353,0.0,-4.695833938031571,1.76853486189192,2.0020934887280446,1.6055659620016056,-3.090267976029965,3.3741008238935257,3.60765945072965,4.0,6.0,-11.54833142642398,12.609014778890105,13.481823367376702,-9.481823367376702,9.481823367376702
2022,3532157,Nantes,2660,8,3.007518796992481,-1.8796992481203008,-4.887218045112782,0.0,-5.340599870547085,2.1563582154527596,1.994549916398765,3.007518796992481,-2.333081073554604,5.163877012445241,5.002068713391246,-5.0,8.0,-6.205995655655247,13.73591285310434,13.305502777620715,-18.305502777620717,18.305502777620717
2022,3532207,Narandiba,5713,92,16.10362331524593,11.90267810257308,-4.200945212672851,0.0,-1.1029253910068468,-5.422305860949705,-0.22300963981672678,16.10362331524593,15.000697924239082,10.681317454296224,15.880613675429203,68.00000000000001,92.0,85.69898724117787,61.02236661639433,90.72594592772704,-22.725945927727025,22.725945927727025
2022,3532306,Natividade da Serra,6999,4,0.5715102157451065,-3.1433061865980854,-3.714816402343192,0.0,5.9755019258127025,4.1365460102993765,9.220755242019402,0.5715102157451065,6.547012141557809,4.708056226044483,9.79226545776451,-22.0,4.000000000000001,45.8225379787631,32.951685526085335,68.53606593889381,-90.53606593889381,90.53606593889381
2022,3532405,Nazaré Paulista,18217,55,3.019157929406598,6.6970412252291815,3.6778832958225833,0.0,2.634207041163892,4.211682092374937,4.864753152562588,3.019157929406598,5.65336497057049,7.230840021781535,7.883911081969186,122.0,55.0,102.98734966888262,131.72421267679425,143.62120818023268,-21.621208180232685,21.621208180232685
2022,3532504,Neves Paulista,9699,17,1.7527580162903391,1.0310341272296113,-0.7217238890607278,0.0,7.191618989503994,4.623665506818643,4.394313408143976,1.7527580162903391,8.944377005794333,6.376423523108982,6.147071424434315,10.0,17.0,86.75151257919923,61.84493175063402,59.62044574558842,-49.62044574558842,49.62044574558842
2022,3532603,Nhandeara,9852,3,0.3045066991473812,13.702801461632156,13.398294762484776,0.0,0.3405972788375815,7.057471244870339,6.297212293872418,0.3045066991473812,0.6451039779849628,7.3619779440177195,6.601718993019799,135.0,2.9999999999999996,6.355564391107853,72.53020670446257,65.04013551923106,69.95986448076894,69.95986448076894
2022,3532702,Nipoã,4750,49,10.31578947368421,1.473684210526316,-8.842105263157894,0.0,-7.492705219955671,-2.82343463761248,-2.7706407037343324,10.31578947368421,2.823084253728539,7.492354836071731,7.545148769949878,7.000000000000001,49.0,13.40965020521056,35.588685471340725,35.83945665726192,-28.83945665726192,28.83945665726192
2022,3532801,Nova Aliança,6693,96,14.343343792021516,21.813835350366052,7.4704915583445395,0.0,-5.253161047280189,-2.6087723729372714,-1.68273047038292,14.343343792021516,9.090182744741327,11.734571419084244,12.660613321638596,145.99999999999997,96.0,60.840593110553705,78.53948650793083,84.73748496172712,61.26251503827285,61.26251503827285
2022,3532827,Nova Campina,8497,184,21.6547016594092,-4.825232434977051,-26.47993409438625,0.0,-20.35119560478578,-12.814804257998464,-16.002044323361467,21.6547016594092,1.3035060546234192,8.839897401410735,5.6526573360477315,-41.0,183.99999999999997,11.075890946135193,75.112608219787,48.03062938439757,-89.03062938439757,89.03062938439757
2022,3532843,Nova Canaã Paulista,2032,0,0.0,2.952755905511811,2.952755905511811,0.0,6.197314142104868,3.347696878944449,5.023994869107098,0.0,6.197314142104868,3.347696878944449,5.023994869107098,6.0,0.0,12.59294233675709,6.802520058015119,10.208757574025624,-4.208757574025624,4.208757574025624
2022,3532868,Nova Castilho,1062,3,2.824858757062147,46.13935969868174,43.31450094161959,0.0,-1.7286026283757512,5.374463710122136,3.2465626979471196,2.824858757062147,1.0962561286863959,8.199322467184283,6.071421455009267,49.00000000000001,3.0,1.1642240086649525,8.707680460149708,6.447849585219841,42.552150414780165,42.552150414780165
2022,3532900,Nova Europa,9311,-41,-4.403393835248631,14.391579851788208,18.79497368703684,0.0,3.275270378698198,12.279576731614458,13.103688984420252,-4.403393835248631,-1.1281234565504326,7.876182896365828,8.700295149171621,134.0,-41.0,-10.503957503941077,73.33513894806222,81.00844813393697,52.991551866063034,52.991551866063034
2022,3533007,Nova Granada,19419,277,14.264380246150676,10.556671301302847,-3.7077089448478286,0.0,-11.591424085120908,-6.87023173827628,-5.7891719583657135,14.264380246150676,2.6729561610297683,7.394148507874396,8.475208287784962,205.0,277.0,51.90613569103707,143.5869698744129,164.58006974049619,40.419930259503815,40.419930259503815
2022,3533106,Nova Guataporanga,2156,17,7.884972170686456,-0.4638218923933209,-8.348794063079778,0.0,-7.599729089801168,-5.055648594895056,-4.829616137510665,7.884972170686456,0.28524308088528816,2.829323575791401,3.0553560331757916,-0.9999999999999999,17.0,0.6149840823886813,6.10002162940626,6.587347607527007,-7.587347607527007,7.587347607527007
2022,3533205,Nova Independência,4609,164,35.58255586895205,41.00672597092645,5.424170101974404,0.0,-16.819418002340626,-19.300920502984283,-30.829905048300994,35.58255586895205,18.763137866611423,16.281635365967766,4.752650820651056,189.00000000000003,164.0,86.47930242721205,75.04205740174544,21.904967632380714,167.09503236761932,167.09503236761932
2022,3533254,Novais,4412,103,23.345421577515868,25.611967361740707,2.2665457842248387,0.0,-14.403297255097796,-1.9745478091934505,-1.6103567982775684,23.345421577515868,8.942124322418072,21.37087376832242,21.7350647792383,113.0,103.00000000000001,39.452652510508535,94.28829506583851,95.89510580599938,17.10489419400062,17.10489419400062
2022,3533304,Nova Luzitânia,2837,10,3.5248501938667607,1.7624250969333803,-1.7624250969333803,0.0,-14.730554274940767,0.6031474954989211,2.6427364921234195,3.5248501938667607,-11.205704081074007,4.127997689365682,6.16758668599018,5.0,10.0,-31.790582478006957,11.711129444730439,17.49744342815414,-12.497443428154138,12.497443428154138
2022,3533403,Nova Odessa,62019,678,10.932133700962607,4.885599574323997,-6.04653412663861,0.0,9.508730093772117,9.493156408908112,2.24918428106485,10.932133700962607,20.440863794734724,20.42529010987072,13.181317982027458,303.0,678.0,1267.7219316856529,1266.756067324072,817.492159927361,-514.492159927361,514.492159927361
2022,3533502,Novo Horizonte,38324,464,12.107295689385245,3.339943638451101,-8.767352050934141,0.0,-2.389254987246689,1.0523203999483506,-1.7905051435611166,12.107295689385245,9.718040702138556,13.159616089333595,10.316790545824128,128.0,464.0000000000001,372.434191868758,504.3291270076207,395.3806808781639,-267.3806808781639,267.3806808781639
2022,3533601,Nuporanga,7391,401,54.25517521309701,49.79028548234339,-4.464889730753619,0.0,-28.493231544687934,-26.716805280257415,-48.33908988958445,54.25517521309701,25.761943668409078,27.538369932839597,5.9160853235125614,368.0,401.0,190.40652565321147,203.53609217361745,43.72578662608134,324.27421337391866,324.27421337391866
2022,3533700,Ocauçu,4331,40,9.235742322789196,-0.9235742322789194,-10.159316555068116,0.0,5.681940998990072,5.134812776976007,6.682099244003588,9.235742322789196,14.917683321779268,14.370555099765204,15.917841566792784,-4.0,40.00000000000001,64.608486466626,62.238874137083094,68.94017182577954,-72.94017182577954,72.94017182577954
2022,3533809,Óleo,2512,-16,-6.369426751592357,7.165605095541402,13.53503184713376,0.0,12.019775820972221,12.046007407810798,23.130275540593978,-6.369426751592357,5.650349069379864,5.676580656218441,16.76084878900162,18.0,-16.0,14.193676862282219,14.259570608420724,42.10325215797207,-24.103252157972072,24.103252157972072
2022,3533908,Olímpia,55074,691,12.546755274721283,14.017503722264587,1.470748447543306,0.0,3.4369176975929756,3.7249097291461624,2.8093403489395197,12.546755274721283,15.98367297231426,16.271665003867447,15.356095623660803,771.9999999999999,691.0,880.2848052772356,896.1456784229958,845.721610377495,-73.72161037749515,73.72161037749515
2022,3534005,Onda Verde,4771,54,11.318381890588975,23.26556277509956,11.947180884510583,0.0,2.62342682900473,0.26547547204714284,1.1847790567291612,11.318381890588975,13.941808719593705,11.583857362636119,12.503160947318136,111.0,54.0,66.51636940118156,55.26658347713692,59.65258087965483,51.34741912034517,51.34741912034517
2022,3534104,Oriente,6085,86,14.133114215283484,-6.409202958093673,-20.54231717337716,0.0,-11.852218526736026,-8.36525119498134,-8.79478903973018,14.133114215283484,2.2808956885474583,5.767863020302144,5.3383251755533045,-39.0,86.0,13.879250264811285,35.09744647853855,32.48370869324186,-71.48370869324185,71.48370869324185
2022,3534203,Orindiúva,6024,0,0.0,32.86852589641434,32.86852589641434,0.0,18.623158996319845,25.359223039555573,9.404128230768642,0.0,18.623158996319845,25.359223039555573,9.404128230768642,197.99999999999997,0.0,112.18590979383075,152.76395959028278,56.65046846215029,141.34953153784969,141.34953153784969
2022,3534302,Orlândia,38319,413,10.777943056969129,-1.3831258644536653,-12.161068921422792,0.0,-0.7806093912733851,5.232342966059231,2.3343008804992094,10.777943056969129,9.997333665695743,16.01028602302836,13.112243937468339,-53.0,413.00000000000006,383.08782873579514,613.4981501164237,502.4480754398493,-555.4480754398493,555.4480754398493
2022,3534401,Osasco,728615,9757,13.391159940434935,0.4515416234911441,-12.939618316943791,0.0,1.3511492675102785,-0.36005505882417466,5.934120320431187,13.391159940434935,14.742309207945214,13.03110488161076,19.325280260866123,328.99999999999994,9757.0,10741.467623547003,9494.658483314823,14080.68907727097,-13751.68907727097,13751.68907727097
2022,3534500,Oscar Bressane,2470,18,7.28744939271255,4.048582995951417,-3.238866396761133,0.0,-2.468769902581637,-1.0275997073518979,-0.899003498034696,7.28744939271255,4.818679490130913,6.259849685360653,6.388445894677854,10.0,18.0,11.902138340623356,15.461828722840812,15.7794613598543,-5.7794613598543005,5.7794613598543005
2022,3534609,Osvaldo Cruz,31272,279,8.921719109746737,9.369403939626505,0.4476848298797655,0.0,-1.738397630926376,0.5966193052676945,1.124689491670585,8.921719109746737,7.183321478820361,9.518338415014432,10.046408601417323,293.00000000000006,279.0,224.63682928567033,297.6574789143313,314.17128978352247,-21.17128978352241,21.17128978352241
2022,3534708,Ourinhos,103970,1271,12.224680196210445,-1.5196691353274985,-13.744349331537943,0.0,-4.459825400590238,-0.5247383917891044,-0.5644099044763032,12.224680196210445,7.764854795620207,11.69994180442134,11.660270291734141,-158.00000000000003,1271.0,807.3119531006329,1216.4429494056867,1212.3183022315986,-1370.3183022315986,1370.3183022315986
2022,3534757,Ouroeste,10294,101,9.811540703322324,34.5832523800272,24.771711676704875,0.0,1.6981364331712963,3.3523768721726253,0.70023463730475,9.811540703322324,11.50967713649362,13.16391757549495,10.511775340627073,355.99999999999994,101.0,118.48061644306533,135.509367522145,108.2082153564151,247.79178464358483,247.79178464358483
2022,3534807,Ouro Verde,7779,87,11.183956806787505,-1.414063504306466,-12.59802031109397,0.0,-9.426439052840701,-5.554811741620089,-5.214724131184142,11.183956806787505,1.7575177539468037,5.629145065167416,5.9692326756033625,-10.999999999999998,87.0,13.671730607952187,43.789119461937325,46.43466098351856,-57.43466098351856,57.43466098351856
2022,3534906,Pacaembu,14877,-20,-1.3443570612354645,5.780735363312496,7.12509242454796,0.0,5.294642624322071,4.574070659392387,2.5963114591749386,-1.3443570612354645,3.9502855630866067,3.2297135981569225,1.251954397939474,86.0,-20.000000000000004,58.76839832203945,48.048449199780535,18.625325578145556,67.37467442185445,67.37467442185445
2022,3535002,Palestina,11476,52,4.5311955385151625,21.436040432206344,16.90484489369118,0.0,-1.550243520880147,4.119242002232747,2.939897061190778,4.5311955385151625,2.9809520176350155,8.650437540747909,7.4710925997059405,246.0,52.00000000000001,34.209405354379435,99.272421217623,85.73825867422538,160.2617413257746,160.2617413257746
2022,3535101,Palmares Paulista,9650,32,3.316062176165804,14.818652849740932,11.502590673575128,0.0,-13.271274714601052,2.31161524919757,2.334666510723495,3.316062176165804,-9.955212538435248,5.627677425363373,5.650728686889298,143.0,32.00000000000001,-96.06780099590013,54.30708715475655,54.52953182848172,88.47046817151828,88.47046817151828
2022,3535200,Palmeira d'Oeste,8903,2,0.2246433786364146,13.703246096821296,13.47860271818488,0.0,4.210985271282476,5.286595467712807,4.818451671500956,0.2246433786364146,4.43562864991889,5.511238846349222,5.043095050137371,122.0,1.9999999999999991,39.49040187022788,49.066559449047126,44.89867523137301,77.101324768627,77.101324768627
2022,3535309,Palmital,19594,230,11.738287230784934,-3.776666326426457,-15.514953557211392,0.0,-9.949085319210619,-3.315640105773003,-1.963969695647739,11.738287230784934,1.789201911574315,8.422647125011931,9.774317535137195,-74.0,230.0,35.05762225538712,165.03334776748378,191.5179777834782,-265.51797778347816,265.51797778347816
2022,3535408,Panorama,14964,-64,-4.276931301790965,2.338946805666934,6.615878107457899,0.0,11.099625671015476,13.31036473928527,7.103974301356211,-4.276931301790965,6.822694369224511,9.033433437494304,2.827042999565246,35.0,-64.0,102.09479854107558,135.17629795866478,42.303871445494345,-7.3038714454943445,7.3038714454943445
2022,3535507,Paraguaçu Paulista,41120,487,11.843385214007782,6.006809338521401,-5.836575875486381,0.0,-9.459369783121163,-3.2244229296229827,-2.2108916772403364,11.843385214007782,2.3840154308866186,8.6189622843848,9.632493536767445,247.0,487.0,98.03071451805775,354.411729133903,396.08813423187735,-149.08813423187735,149.08813423187735
2022,3535606,Paraibuna,17667,102,5.773475972151469,1.0188487009679064,-4.754627271183563,0.0,-2.232371535721983,-0.9367734483402519,0.5728298083551007,5.773475972151469,3.541104436429486,4.836702523811217,6.34630578050657,18.0,102.0,62.56069207839973,85.45002348817277,112.12018422420957,-94.12018422420957,94.12018422420957
2022,3535705,Paraíso,6099,231,37.87506148548942,13.936710936219052,-23.938350549270368,0.0,-28.168042820779977,-24.090695939220993,-19.64265847627413,37.87506148548942,9.707018664709441,13.784365546268425,18.23240300921529,85.0,230.99999999999997,59.20310683606288,84.07084546669113,111.19942595320404,-26.19942595320404,26.19942595320404
2022,3535804,Paranapanema,19395,191,9.847898943026554,12.16808455787574,2.320185614849187,0.0,1.691131961639732,4.0913661728664845,-0.2141205071989125,9.847898943026554,11.539030904666285,13.939265115893038,9.63377843582764,236.0,191.0,223.7995043960026,270.3520469227455,186.84713276287707,49.15286723712293,49.15286723712293
2022,3535903,Paranapuã,4031,10,2.4807740014884647,15.132721409079632,12.651947407591168,0.0,3.197847653192544,3.842166072850185,2.857585492225601,2.4807740014884647,5.678621654681009,6.32294007433865,5.338359493714066,61.0,10.000000000000002,22.890523890019146,25.487771439659095,21.5189271191614,39.481072880838596,39.481072880838596
2022,3536000,Parapuã,10580,280,26.465028355387524,8.979206049149338,-17.485822306238184,0.0,-14.50132094974093,-12.675835949100897,-13.63829653155419,26.465028355387524,11.963707405646595,13.789192406286627,12.826731823833335,95.0,280.0,126.57602435174097,145.8896556585125,135.70682269615668,-40.70682269615668,40.70682269615668
2022,3536109,Pardinho,7153,127,17.754788200754927,36.2085838109884,18.453795610233467,0.0,-0.5624374633871351,-3.41243296794109,-3.745992375937672,17.754788200754927,17.192350737367793,14.342355232813837,14.008795824817255,259.00000000000006,126.99999999999999,122.97688482439182,102.59086698031739,100.20491653491783,158.79508346508223,158.79508346508223
2022,3536208,Pariquera-Açu,19233,216,11.23069723912026,7.175167680549056,-4.055529558571204,0.0,-4.769737576646131,-3.678482925380906,-2.184138986437406,11.23069723912026,6.46095966247413,7.552214313739355,9.046558252682855,138.0,215.99999999999997,124.26363718836494,145.25173789614902,173.99245487384934,-35.99245487384934,35.99245487384934
2022,3536257,Parisi,2892,5,1.7289073305670817,14.177040110650069,12.448132780082988,0.0,11.293135451117537,3.2136949860016237,2.6093024114469308,1.7289073305670817,13.022042781684618,4.942602316568705,4.338209742014012,41.0,5.0,37.65974772463192,14.294005899516696,12.546102573904523,28.453897426095477,28.453897426095477
2022,3536307,Patrocínio Paulista,14512,256,17.640573318632857,19.914553472987876,2.273980154355016,0.0,-2.4620955894035905,-1.1214862260027914,5.547052954733034,17.640573318632857,15.178477729229266,16.519087092630066,23.18762627336589,289.00000000000006,256.00000000000006,220.27006880657513,239.72499188824753,336.49883247908576,-47.498832479085706,47.498832479085706
2022,3536406,Paulicéia,7955,-39,-4.902576995600251,22.124450031426772,27.027027027027025,0.0,15.443492826637764,13.461673582549082,14.883568980500046,-4.902576995600251,10.540915831037513,8.559096586948831,9.980991984899795,175.99999999999997,-38.99999999999999,83.8529854359034,68.08761334917794,79.39879123987787,96.6012087601221,96.6012087601221
2022,3536505,Paulínia,110537,3328,30.107565792449588,35.83415507929472,5.72658928684513,0.0,-0.9300272684540236,1.0385659019713949,3.5353647976826212,30.107565792449588,29.177538523995565,31.146131694420983,33.64293059013221,3961.0,3328.0,3225.1975758268977,3442.799959106212,3718.788618641444,242.21138135855608,242.21138135855608
2022,3536570,Paulistânia,2090,41,19.61722488038277,11.961722488038278,-7.655502392344497,0.0,-4.471628238531384,-8.278745140654141,-21.085198175938192,19.61722488038277,15.145596641851387,11.33847973972863,-1.4679732955554208,25.0,40.99999999999999,31.6542969814694,23.697422656032835,-3.0680641877108297,28.06806418771083,28.06806418771083
2022,3536604,Paulo de Faria,7400,81,10.945945945945946,-10.945945945945946,-21.89189189189189,0.0,-11.596633342587081,-4.083925958789138,-5.126327559703836,10.945945945945946,-0.6506873966411355,6.862019987156808,5.81961838624211,-81.0,81.0,-4.815086735144403,50.778947904960376,43.06517605819161,-124.06517605819161,124.06517605819161
2022,3536703,Pederneiras,44827,345,7.6962544894817855,-11.867847502621188,-19.564101992102973,0.0,3.313040612782096,6.389624811329369,5.227039247970799,7.6962544894817855,11.00929510226388,14.085879300811154,12.923293737452585,-532.0,345.0,493.51367154918296,631.4277114174616,579.312488368787,-1111.312488368787,1111.312488368787
2022,3536802,Pedra Bela,6557,25,3.812719231355803,3.965228000610035,0.1525087692542319,0.0,5.528300205434301,3.427458025921127,1.8585003431385234,3.812719231355803,9.341019436790104,7.24017725727693,5.671219574494327,26.0,25.0,61.24906444703271,47.473842275964834,37.1861867499593,-11.186186749959298,11.186186749959298
2022,3536901,Pedranópolis,2787,3,1.0764262648008611,-13.275923932543954,-14.352350197344816,0.0,12.986406385944651,9.074866966126967,5.893773482477886,1.0764262648008611,14.062832650745513,10.151293230927829,6.9701997472787465,-37.0,3.0,39.19311459762775,28.29165423459586,19.425946695665864,-56.425946695665864,56.425946695665864
2022,3537008,Pedregulho,15525,9,0.5797101449275363,5.925925925925926,5.3462157809983895,0.0,9.411565889664864,10.55375904129992,9.700818738741447,0.5797101449275363,9.991276034592401,11.133469186227456,10.280528883668984,92.0,9.0,155.11456043704703,172.84710911618126,159.60521091896098,-67.60521091896098,67.60521091896098
2022,3537107,Pedreira,43112,88,2.041195026906662,-2.273149007236964,-4.314344034143626,0.0,8.67191211214646,13.467846118454016,7.500403512527721,2.041195026906662,10.713107139053122,15.509041145360678,9.541598539434382,-97.99999999999999,88.0,461.8634749788582,668.6257818587895,411.3573962320951,-509.3573962320951,509.3573962320951
2022,3537156,Pedrinhas Paulista,2804,9,3.209700427960057,12.482168330955776,9.27246790299572,0.0,0.06345922026494533,4.1238294954812105,10.573331039029792,3.209700427960057,3.2731596482250023,7.333529923441267,13.783031466989849,35.0,9.0,9.177939653622907,20.56321790532931,38.64762023343953,-3.6476202334395325,3.6476202334395325
2022,3537206,Pedro de Toledo,11281,27,2.3934048399964545,2.659338711107172,0.2659338711107168,0.0,0.158924361555844,0.8640740003491896,2.1468434004902845,2.3934048399964545,2.5523292015522987,3.257478840345644,4.540248240486739,30.000000000000004,27.000000000000004,28.79282572271148,36.74761879793921,51.218540400930905,-21.2185404009309,21.2185404009309
2022,3537305,Penápolis,61679,700,11.349081535044345,6.485189448596767,-4.863892086447576,0.0,-1.1187507808610386,0.3011839804898486,-0.8088660421878975,11.349081535044345,10.230330754183306,11.650265515534194,10.540215492856447,400.0,700.0000000000001,630.9965705872721,718.5767267326336,650.1099513838928,-250.10995138389285,250.10995138389285
2022,3537404,Pereira Barreto,24095,-38,-1.577090682714256,-2.6561527287819047,-1.0790620460676488,0.0,6.445573967263069,9.133771860468089,6.326591624373785,-1.577090682714256,4.868483284548813,7.556681177753833,4.749500941659529,-63.99999999999999,-37.99999999999999,117.30610474120365,182.07823297797862,114.43922518928636,-178.43922518928636,178.43922518928636
2022,3537503,Pereiras,8737,128,14.6503376445004,10.301018656289344,-4.349318988211056,0.0,1.7812822070687424,2.8074731726748325,-5.693135013058407,14.6503376445004,16.431619851569142,17.457810817175233,8.957202631441994,90.0,128.0,143.56306264315958,152.52889310966,78.25907939090871,11.74092060909129,11.74092060909129
2022,3537602,Peruíbe,68352,516,7.549157303370786,5.632607677902621,-1.916549625468165,0.0,-1.929962501779944,-1.2575022468269152,0.3283419114979555,7.549157303370786,5.619194801590842,6.291655056543871,7.877499214868742,384.99999999999994,516.0,384.08320307833725,430.0472064248867,538.4428263347082,-153.4428263347083,153.4428263347083
2022,3537701,Piacatu,5519,39,7.066497553904693,-6.704113063960863,-13.770610617865556,0.0,-2.8182357291317843,0.43925590731179676,1.2333356612125417,7.066497553904693,4.248261824772909,7.505753461216489,8.299833215117234,-37.0,39.0,23.446157010921684,41.4242533524538,45.80677951423201,-82.806779514232,82.806779514232
2022,3537800,Piedade,52970,-18,-0.3398149896167642,4.738531244100434,5.078346233717198,0.0,5.09118466950048,6.934715263850341,5.003219401260089,-0.3398149896167642,4.751369679883716,6.594900274233577,4.663404411643325,251.0,-18.0,251.68005194344042,349.33186752615256,247.0205316847469,3.9794683152530865,3.9794683152530865
2022,3537909,Pilar do Sul,27619,281,10.17415547268185,8.762084072558745,-1.4120714001231054,0.0,-2.5434017664609305,0.4579070046304865,2.2761559497602057,10.17415547268185,7.630753706220919,10.632062477312337,12.450311422442056,241.99999999999997,281.0,210.75378661211556,293.64693356088947,343.86515117642716,-101.86515117642719,101.86515117642719
2022,3538006,Pindamonhangaba,165428,1384,8.3661774306647,12.132166259641656,3.765988828976957,0.0,-1.5799131061464,0.28653734955631105,1.2732418038822086,8.3661774306647,6.786264324518301,8.652714780221011,9.63941923454691,2006.9999999999998,1384.0000000000002,1122.6381346764135,1431.4013006624014,1594.629845132626,412.3701548673737,412.3701548673737
2022,3538105,Pindorama,14542,181,12.446706092697015,13.271902076743226,0.8251959840462106,0.0,-13.564794906936346,-6.114957350774778,-4.273048935728432,12.446706092697015,-1.1180888142393304,6.331748741922238,8.173657156968584,193.0,181.0,-16.259247536668344,92.07629020503317,118.86132237663715,74.13867762336285,74.13867762336285
2022,3538204,Pinhalzinho,15224,77,5.057803468208093,1.7078297425118234,-3.349973725696269,0.0,2.0430822355501137,2.9757828878481867,1.3529540025514675,5.057803468208093,7.100885703758206,8.03358635605628,6.41075747075956,26.0,77.0,108.10388395401493,122.30331868460078,97.59737173484353,-71.59737173484353,71.59737173484353
2022,3538303,Piquerobi,3264,-6,-1.838235294117647,-2.1446078431372557,-0.3063725490196083,0.0,3.060920885052032,8.318609336020248,9.514851882459064,-1.838235294117647,1.222685590934385,6.480374041902602,7.6766165883414175,-7.000000000000003,-6.0,3.990845768809833,21.15194087277009,25.05647654434639,-32.05647654434639,32.05647654434639
2022,3538501,Piquete,12490,-134,-10.728582866293037,8.246597277822257,18.97518014411529,0.0,10.121899325658669,14.299372150635927,14.298267963208588,-10.728582866293037,-0.6066835406343678,3.57078928434289,3.569685096915551,102.99999999999999,-134.00000000000003,-7.577477422523254,44.599158161442695,44.58536686047523,58.41463313952475,58.41463313952475
2022,3538600,Piracaia,26029,285,10.949325752045796,1.6904222213684736,-9.25890353067732,0.0,-6.343745740911747,-3.9872053391780096,-2.2163971507946614,10.949325752045796,4.605580011134049,6.962120412867787,8.732928601251135,44.0,285.00000000000006,119.87864210980817,181.21703222653562,227.3093985619658,-183.3093985619658,183.3093985619658
2022,3538709,Piracicaba,423323,6563,15.50352803887339,11.234919907493806,-4.268608131379583,0.0,-1.2763983899705746,-1.556986363654237,-1.9434025286555907,15.50352803887339,14.227129648902814,13.946541675219152,13.560125510217798,4756.0,6563.0,6022.671204362486,5903.891861578797,5740.313011361929,-984.3130113619291,984.3130113619291
2022,3538808,Piraju,29436,-268,-9.104497893735562,4.110612855007474,13.215110748743037,0.0,17.42825409471634,17.88903510180093,23.866000458793454,-9.104497893735562,8.323756200980778,8.784537208065366,14.761502565057892,121.00000000000001,-268.0,245.01808753207018,258.5816372566121,434.5195895050441,-313.5195895050441,313.5195895050441
2022,3538907,Pirajuí,22431,102,4.547278320181891,-4.68102180018724,-9.22830012036913,0.0,-0.516724500463177,4.783770051919298,7.61507775031922,4.547278320181891,4.0305538197187145,9.33104837210119,12.162356070501112,-104.99999999999999,102.0,90.4093527301105,209.30474603460178,272.81380901741045,-377.81380901741045,377.81380901741045
2022,3539004,Pirangi,10885,189,17.363344051446948,24.98851630684428,7.6251722553973345,0.0,-10.487324765869202,-8.066714618680768,-7.119112776670241,17.363344051446948,6.876019285577746,9.29662943276618,10.244231274776705,272.0,189.00000000000003,74.84546992351376,101.19381137565986,111.50845742594443,160.4915425740556,160.4915425740556
2022,3539103,Pirapora do Bom Jesus,18370,157,8.546543277082199,23.51660315732172,14.97005988023952,0.0,-5.936114828433298,-4.247228693902988,-2.7802420100432426,8.546543277082199,2.610428448648901,4.299314583179211,5.766301267038957,431.99999999999994,157.0,47.95357060168031,78.9784088930021,105.92695427550564,326.0730457244943,326.0730457244943
2022,3539202,Pirapozinho,25348,460,18.14738835411078,12.782073536373678,-5.365314817737103,0.0,-13.367535860931161,-8.521358745063765,-6.418838438010972,18.14738835411078,4.77985249317962,9.626029609047016,11.728549916099809,324.0,460.00000000000006,121.159700997117,244.00059853012377,297.29528327329797,26.70471672670203,26.70471672670203
2022,3539301,Pirassununga,73545,663,9.014888843565164,4.568631450132572,-4.446257393432592,0.0,1.7185170830262864,3.9354234310925253,0.760839246761342,9.014888843565164,10.73340592659145,12.950312274657689,9.775728090326506,336.0,663.0,789.3883388711682,952.4307162396998,718.9559224030629,-382.9559224030629,382.9559224030629
2022,3539400,Piratininga,15108,-170,-11.252316653428649,8.273762245168122,19.52607889859677,0.0,20.77316661553845,18.11897338256062,18.74263239704474,-11.252316653428649,9.520849962109802,6.86665672913197,7.490315743616092,124.99999999999999,-170.00000000000003,143.8410012275549,103.74144986372579,113.16369025455192,11.836309745448062,11.836309745448062
2022,3539509,Pitangueiras,33674,398,11.819207697333251,13.244639781433747,1.4254320841004944,0.0,-6.860673355182636,0.9243673932662426,-0.640694096292163,11.819207697333251,4.958534342150615,12.743575090599494,11.178513601041088,446.0,397.9999999999999,166.9736854375798,429.12714760084737,376.4252670014576,69.5747329985424,69.5747329985424
2022,3539608,Planalto,4389,286,65.16290726817043,141.9457735247209,76.78286625655046,0.0,-36.961652349331224,-26.78528553759302,-59.3691369337275,65.16290726817043,28.201254918839204,38.37762173057741,5.793770334442925,623.0,286.0,123.77530783878527,168.43938177550424,25.42885799787,597.57114200213,597.57114200213
2022,3539707,Platina,3025,51,16.859504132231404,9.586776859504132,-7.272727272727272,0.0,-22.552405107007264,-15.127340985761878,-10.1220850670272,16.859504132231404,-5.69290097477586,1.7321631464695262,6.737419065204204,29.0,51.0,-17.221025448696974,5.239793518070317,20.380692672242716,8.619307327757284,8.619307327757284
2022,3539806,Poá,103765,1537,14.812316291620489,7.507348335180456,-7.304967956440032,0.0,-6.861682913621727,-1.3802102816333919,-3.5878882163341133,14.812316291620489,7.950633377998762,13.432106009987097,11.224428075286376,779.0,1537.0,824.9974724680416,1393.7824801263112,1164.7027792320907,-385.70277923209073,385.70277923209073
2022,3539905,Poloni,5592,-149,-26.645207439198856,2.682403433476394,29.32761087267525,0.0,38.55187690373844,41.61373582544269,45.05395775351743,-26.645207439198856,11.906669464539583,14.968528386243833,18.408750314318574,14.999999999999996,-149.0,66.58209564570534,83.7040107358755,102.94173175766946,-87.94173175766946,87.94173175766946
2022,3540002,Pompéia,20196,409,20.25153495741731,3.4165181224004755,-16.835016835016834,0.0,-11.422617526021217,-6.8095399276197615,-8.492127013215782,20.25153495741731,8.828917431396093,13.441995029797548,11.759407944201527,69.0,409.0,178.3088164444755,271.4745316217913,237.49300284109404,-168.49300284109404,168.49300284109404
2022,3540101,Pongaí,3395,-32,-9.425625920471282,-3.8291605301914577,5.596465390279824,0.0,12.421354093393605,13.656440616231043,22.109708674075314,-9.425625920471282,2.9957281729223233,4.230814695759761,12.684082753604033,-12.999999999999998,-32.0,10.170497147071288,14.36361589210439,43.06246094848569,-56.06246094848569,56.06246094848569
2022,3540200,Pontal,37607,551,14.651527641130642,17.975376924508733,3.323849283378092,0.0,-14.384102610433235,-0.40950096986451034,-3.5161733776128163,14.651527641130642,0.26742503069740664,14.242026671266132,11.135354263517826,675.9999999999999,551.0,10.057053129437373,535.5998970263055,418.7672677881149,257.232732211885,257.232732211885
2022,3540259,Pontalinda,4127,36,8.723043372910103,0.0,-8.723043372910103,0.0,-12.071940844421787,-7.932676268072698,-7.605238275440805,8.723043372910103,-3.348897471511684,0.7903671048374052,1.1178050974692981,0.0,36.0,-13.820899864928721,3.2618450416639715,4.613181637255793,-4.613181637255793,4.613181637255793
2022,3540309,Pontes Gestal,2387,197,82.5303728529535,62.42144951822371,-20.108923334729795,0.0,-85.99464675936215,-78.80749765332328,-74.8071275055696,82.5303728529535,-3.46427390640865,3.7228751996302236,7.723245347383909,149.0,197.00000000000003,-8.269221814597447,8.886503101517345,18.43538664420539,130.56461335579462,130.56461335579462
2022,3540408,Populina,4127,19,4.603828446813666,6.542282529682578,1.938454082868912,0.0,0.07916552843993707,-0.030037092594297432,-0.33406692662922316,4.603828446813666,4.682993975253603,4.573791354219368,4.269761520184443,27.0,19.0,19.326716135871617,18.876036918863335,17.621305793801195,9.378694206198805,9.378694206198805
2022,3540507,Porangaba,10451,78,7.463400631518515,10.333939335948712,2.8705387044301984,0.0,-0.13860782182089637,-0.9869850195077322,0.2178626958942525,7.463400631518515,7.324792809697619,6.476415612010783,7.6812633274127675,107.99999999999999,78.0,76.55140965414981,67.68501956112469,80.27688303479084,27.723116965209144,27.723116965209144
2022,3540606,Porto Feliz,56497,518,9.16862842274811,1.82310565162752,-7.34552277112059,0.0,5.10670326281879,4.177780159621162,0.39746976709542275,9.16862842274811,14.2753316855669,13.346408582369271,9.566098189843533,103.0,518.0,806.5134142394731,754.0320456781167,540.4558494315901,-437.4558494315901,437.4558494315901
2022,3540705,Porto Ferreira,52649,-227,-4.311572869380235,3.361887215331725,7.67346008471196,0.0,14.823365131383152,17.86872528472132,12.250085136650954,-4.311572869380235,10.511792262002917,13.557152415341086,7.938512267270719,177.0,-227.0,553.4353508021916,713.7705175152929,417.954732359536,-240.95473235953602,240.95473235953602
2022,3540754,Potim,20392,147,7.208709297763829,4.266378972145939,-2.94233032561789,0.0,-13.247373791552048,-4.314773997806507,-4.146970291984641,7.208709297763829,-6.038664493788219,2.893935299957322,3.061739005779188,87.0,147.0,-123.14044635732937,59.013128636729704,62.434981805849205,24.565018194150795,24.565018194150795
2022,3540804,Potirendaba,18496,282,15.246539792387544,18.11202422145329,2.8654844290657437,0.0,-4.610516219380336,-5.99657722287362,-5.976539961770005,15.246539792387544,10.636023573007208,9.249962569513924,9.26999983061754,335.00000000000006,282.0,196.72389200634132,171.08730768572954,171.457916867102,163.54208313289806,163.54208313289806
2022,3540853,Pracinha,2578,-22,-8.533747090768037,-10.47323506594259,-1.9394879751745544,0.0,-10.423972331767942,11.787583088433408,19.11303908678765,-8.533747090768037,-18.95771942253598,3.2538359976653712,10.579291996019615,-27.0,-22.0,-48.87300067129775,8.388389201981326,27.273414765738565,-54.273414765738565,54.273414765738565
2022,3540903,Pradópolis,17078,263,15.399929734160908,29.27743295467853,13.877503220517626,0.0,-9.76544323184799,1.4786127526555009,-3.535759019602565,15.399929734160908,5.634486502312919,16.87854248681641,11.864170714558343,499.99999999999994,263.0,96.22576048650004,288.25174858985065,202.6163074632274,297.3836925367725,297.3836925367725
2022,3541000,Praia Grande,349935,2069,5.912526612085101,9.098832640347494,3.1863060282623925,0.0,1.2387227801378862,-0.1541304575757061,0.3389911535201591,5.912526612085101,7.151249392222987,5.758396154509395,6.251517765605261,3184.0000000000005,2069.0,2502.472456067551,2015.0643583282451,2187.624869307077,996.3751306929234,996.3751306929234
2022,3541059,Pratânia,5126,-14,-2.7311744049941478,16.387046429964887,19.118220834959036,0.0,14.945287386364145,16.368380552358246,11.860406292056428,-2.7311744049941478,12.214112981369997,13.637206147364099,9.12923188706228,84.00000000000001,-14.000000000000002,62.6095431425026,69.90431871138837,46.79644265308125,37.203557346918764,37.203557346918764
2022,3541109,Presidente Alves,3804,-5,-1.3144058885383807,3.943217665615142,5.257623554153523,0.0,3.868077075915365,6.561185835761583,4.332457460043901,-1.3144058885383807,2.5536711873769846,5.246779947223202,3.018051571505521,15.0,-5.0,9.71416519678205,19.95875091923706,11.480668178007,3.519331821992999,3.519331821992999
2022,3541208,Presidente Bernardes,14490,30,2.070393374741201,0.6901311249137336,-1.3802622498274673,0.0,5.6487728738595155,2.4381326747032848,4.229640580524059,2.070393374741201,7.719166248600716,4.508526049444486,6.30003395526526,10.0,30.0,111.85071894222439,65.32854245645059,91.28749201179362,-81.28749201179362,81.28749201179362
2022,3541307,Presidente Epitácio,39505,295,7.46740918871029,3.265409441842805,-4.201999746867485,0.0,-6.337216213878076,-1.5577343190181003,1.1230505582595542,7.46740918871029,1.1301929748322141,5.909674869692189,8.590459746969845,129.00000000000003,295.0,44.648273470746624,233.46170572718992,339.3661123040437,-210.3661123040437,210.3661123040437
2022,3541406,Presidente Prudente,225668,1953,8.65430632610738,11.397273871350835,2.742967545243456,0.0,1.787933627995583,2.789693995369415,0.6269738845251642,8.65430632610738,10.442239954102963,11.444000321476794,9.281280210632543,2572.0000000000005,1953.0,2356.4794059625074,2582.544664547025,2094.4879425730246,477.51205742697584,477.51205742697584
2022,3541505,Presidente Venceslau,35201,458,13.010994005852108,15.198431862731171,2.1874378568790664,0.0,-10.89399983808439,-6.470549180750883,-1.142859028208231,13.010994005852108,2.116994167767718,6.5404448251012255,11.868134977643876,535.0,458.00000000000006,74.52031169959145,230.23019828838824,417.7702193480421,117.22978065195792,117.22978065195792
2022,3541604,Promissão,35131,347,9.877316330306568,5.123679940793032,-4.753636389513535,0.0,-6.827584123655363,1.1528838164182547,1.7825761810606144,9.877316330306568,3.049732206651205,11.030200146724823,11.659892511367183,180.0,347.00000000000006,107.14014215186349,387.5019613545898,409.62368381684047,-229.62368381684047,229.62368381684047
2022,3541653,Quadra,3405,25,7.342143906020558,-0.2936857562408223,-7.63582966226138,0.0,-5.034230915739356,-0.040294597638731444,1.3126260524601339,7.342143906020558,2.307912990281202,7.3018493083818266,8.654769958480692,-1.0,25.0,7.858443731907492,24.86279689504012,29.469491708626755,-30.469491708626755,30.469491708626755
2022,3541703,Quatá,13163,244,18.536807718605186,10.407961710856188,-8.128846007748994,0.0,-11.582105874417326,-7.94710269294253,-8.184769528596687,18.536807718605186,6.954701844187859,10.589705025662656,10.352038190008498,137.0,244.00000000000006,91.54474037504478,139.39228725279753,136.26387869508187,0.7361213049181288,0.7361213049181288
2022,3541802,Queiroz,3265,150,45.94180704441042,2.756508422664625,-43.185298621745794,0.0,-28.5671364871858,-24.505130284500854,-48.90619730612526,45.94180704441042,17.37467055722462,21.436676759909563,-2.96439026171484,9.0,150.0,56.72829936933837,69.99074962110473,-9.678734204498953,18.67873420449895,18.67873420449895
2022,3541901,Queluz,9159,23,2.511191178076209,11.13658696364232,8.62539578556611,0.0,-16.61980023245527,2.3611391995308075,8.088770956158676,2.511191178076209,-14.108609054379059,4.872330377607017,10.599962134234886,102.0,23.0,-129.2207503290578,44.625673928502664,97.08505318745732,4.914946812542681,4.914946812542681
2022,3542008,Quintana,7038,8,1.1366865586814436,16.48195510088093,15.345268542199488,0.0,9.752476437042281,8.286072255473151,9.650572948554371,1.1366865586814436,10.889162995723725,9.422758814154594,10.787259507235815,116.0,8.0,76.63792916390358,66.31737653402003,75.92073241192567,40.07926758807433,40.07926758807433
2022,3542107,Rafard,8965,126,14.054656999442276,6.246514221974345,-7.808142777467931,0.0,-4.116960575096091,-2.8664758459864865,-0.5391497624738576,14.054656999442276,9.937696424346186,11.18818115345579,13.515507236968418,56.0,126.0,89.09144844426356,100.30204404073116,121.16652237942186,-65.16652237942186,65.16652237942186
2022,3542206,Rancharia,28588,141,4.93213935917168,10.388974394850983,5.456835035679305,0.0,3.889908968144118,5.59310910137312,6.752559573378033,4.93213935917168,8.822048327315798,10.5252484605448,11.684698932549713,296.9999999999999,141.0,252.204717581304,300.8958029900548,334.0421730837312,-37.04217308373131,37.04217308373131
2022,3542305,Redenção da Serra,4494,29,6.453048509123275,3.115264797507788,-3.337783711615487,0.0,6.400354325707755,0.6491858045633665,1.419314559012903,6.453048509123275,12.85340283483103,7.102234313686641,7.872363068136178,14.0,28.999999999999996,57.76319233973065,31.917441005707765,35.37839962820398,-21.37839962820398,21.37839962820398
2022,3542404,Regente Feijó,20145,119,5.907172995780591,10.474063042938695,4.566890047158105,0.0,1.756227171362552,2.8340024475356076,0.9198734487163996,5.907172995780591,7.663400167143143,8.741175443316198,6.827046444496991,211.00000000000003,119.00000000000001,154.37919636709864,176.09097930560483,137.5308506243919,73.46914937560814,73.46914937560814
2022,3542503,Reginópolis,7662,449,58.60088749673714,0.261028452101279,-58.339859044635865,0.0,-51.69747106135709,-39.73655095408109,-65.9235407687685,58.60088749673714,6.903416435380045,18.864336542656048,-7.322653272031367,1.9999999999999998,448.99999999999994,52.893976727881906,144.53854658983062,-56.106169370304336,58.106169370304336,58.106169370304336
2022,3542602,Registro,59947,973,16.231004053580666,11.293309089695898,-4.937694963884768,0.0,-6.356302945802162,-8.25051915755396,-4.051284624486837,16.231004053580666,9.874701107778503,7.980484896026706,12.17971942909383,677.0,973.0000000000001,591.9587073079979,478.40612806211294,730.1376406158878,-53.13764061588779,53.13764061588779
2022,3542701,Restinga,6404,93,14.522173641474078,-11.711430356027485,-26.23360399750156,0.0,-8.828448217785105,-0.377548466071315,-1.8272011956879228,14.522173641474078,5.6937254236889725,14.144625175402762,12.694972445786155,-75.00000000000001,93.0,36.46261761330418,90.58217962327929,81.29860354281455,-156.29860354281456,156.29860354281456
2022,3542800,Ribeira,3132,-26,-8.301404853128991,-8.620689655172413,-0.3192848020434216,0.0,14.816256793603179,16.75719192519569,24.614417122253048,-8.301404853128991,6.514851940474188,8.4557870720667,16.31301226912406,-26.999999999999996,-26.0,20.404516277565154,26.483525109712904,51.09235442689655,-78.09235442689655,78.09235442689655
2022,3542909,Ribeirão Bonito,10989,657,59.78705978705979,-27.573027573027574,-87.36008736008736,0.0,-57.98428804033261,-48.74610358191103,-52.85415639357745,59.78705978705979,1.8027717467271813,11.04095620514876,6.932903393482341,-303.0,657.0,19.810658724784997,121.32906773837972,76.18567539097745,-379.18567539097745,379.18567539097745
2022,3543006,Ribeirão Branco,18627,197,10.576045525312718,-1.6105653084232563,-12.186610833735974,0.0,2.0676977470155364,-1.5378694264697,-0.4388004443731595,10.576045525312718,12.643743272328255,9.038176098843019,10.13724508093956,-29.999999999999996,197.0,235.5150059336584,168.3541061931489,188.82646412266115,-218.82646412266115,218.82646412266115
2022,3543105,Ribeirão Corrente,4608,44,9.548611111111112,4.774305555555556,-4.774305555555556,0.0,-0.8145218482040675,-0.2380457069540841,2.4843561739518587,9.548611111111112,8.734089262907045,9.310565404157028,12.032967285062972,22.000000000000004,44.00000000000001,40.246683323475665,42.90308538235559,55.44791324957017,-33.44791324957016,33.44791324957016
2022,3543204,Ribeirão do Sul,4677,21,4.490057729313663,13.683985460765449,9.193927731451785,0.0,2.94145973724338,1.8854988620011353,1.3472746098419013,4.490057729313663,7.431517466557043,6.3755565913147985,5.837332339155564,64.00000000000001,21.0,34.75720719108729,29.818478177579312,27.301203350230573,36.69879664976944,36.69879664976944
2022,3543238,Ribeirão dos Índios,2025,1,0.4938271604938272,-4.938271604938271,-5.432098765432099,0.0,0.13322834765262237,3.4841775352309847,4.150547405546593,0.4938271604938272,0.6270555081464495,3.978004695724812,4.644374566040421,-10.0,1.0000000000000002,1.2697874039965602,8.055459508842745,9.404858496231853,-19.404858496231853,19.404858496231853
2022,3543253,Ribeirão Grande,7450,60,8.053691275167786,-4.563758389261745,-12.61744966442953,0.0,-7.038062573029982,-6.428113960698401,-4.379145923011259,8.053691275167786,1.0156287021378043,1.6255773144693855,3.6745453521565272,-34.0,60.00000000000001,7.566433830926642,12.110550992796922,27.37536287356613,-61.37536287356613,61.37536287356613
2022,3543303,Ribeirão Pires,115559,180,1.5576458778632558,3.539317578033732,1.981671700170476,0.0,1.3971933190034005,5.066185391971538,8.656038964666322,1.5576458778632558,2.954839196866656,6.623831269834794,10.213684842529577,409.00000000000006,179.99999999999997,341.4582627507139,765.4433177108389,1180.2832067178756,-771.2832067178756,771.2832067178756
2022,3543402,Ribeirão Preto,698642,11941,17.091729383575565,8.47501295370161,-8.616716429873955,0.0,-1.0733916932347685,0.14865421468577922,-1.7578377983222504,17.091729383575565,16.018337690340797,17.240383598261346,15.333891585253316,5921.0,11941.0,11191.083480655074,12044.856077856504,10712.900684904547,-4791.900684904547,4791.900684904547
2022,3543501,Riversul,5599,38,6.7869262368280046,3.3934631184140023,-3.3934631184140023,0.0,0.29933136405184535,-1.1040899230274541,-0.8625510700454393,6.7869262368280046,7.08625760087985,5.68283631380055,5.924375166782565,19.0,38.0,39.675956307326274,31.81820052096928,33.17057655881558,-14.170576558815583,14.170576558815583
2022,3543600,Rifaina,4049,17,4.198567547542604,-28.15510002469745,-32.353667572240056,0.0,16.76768627253821,13.020963436884255,6.767767613041183,4.198567547542604,20.966253820080816,17.21953098442686,10.966335160583787,-113.99999999999997,17.000000000000004,84.89236171750723,69.72188095594436,44.402691065203754,-158.40269106520373,158.40269106520373
2022,3543709,Rincão,9098,121,13.299626291492636,15.607825895801277,2.308199604308639,0.0,-13.656267959768346,-6.837971675618845,-7.14160396236201,13.299626291492636,-0.3566416682757101,6.461654615873791,6.158022329130627,142.00000000000003,121.0,-3.24472589797241,58.788133695219756,56.02568715043044,85.97431284956959,85.97431284956959
2022,3543808,Rinópolis,9259,33,3.564099794794254,12.960362890160924,9.39626309536667,0.0,1.180675445197369,3.8802368224030968,1.9000222026567828,3.564099794794254,4.744775239991623,7.444336617197351,5.464121997451037,120.0,33.0,43.93187394708244,68.92711273863027,50.59230557439915,69.40769442560085,69.40769442560085
2022,3543907,Rio Claro,201418,552,2.740569363214808,5.476173926858572,2.735604563643765,0.0,11.58723969357562,13.074679001525261,7.22262227541225,2.740569363214808,14.327809056790429,15.81524836474007,9.963191638627057,1103.0,552.0000000000001,2885.8786446006143,3185.475695129215,2006.7661334689847,-903.7661334689847,903.7661334689847
2022,3544004,Rio das Pedras,31328,501,15.99208375893769,1.2448927477017364,-14.747191011235952,0.0,-11.622110355525379,-4.864672633706405,-3.4509221300881694,15.99208375893769,4.369973403412311,11.127411125231285,12.54116162884952,39.0,500.99999999999994,136.9025267821009,348.5995357312457,392.88951150859776,-353.88951150859776,353.88951150859776
2022,3544103,Rio Grande da Serra,44170,5,0.1131990038487661,2.9431741000679192,2.829975096219153,0.0,-4.973928759609984,1.724456266955208,6.882545784741029,0.1131990038487661,-4.860729755761217,1.837655270803974,6.995744788589795,130.0,4.999999999999999,-214.69843331197296,81.16923331141153,309.00204731201126,-179.00204731201126,179.00204731201126
2022,3544202,Riolândia,10309,48,4.656125715394316,5.626151906101465,0.9700261907071496,0.0,-8.760440850423166,0.3563744092386174,-0.0756239574011341,4.656125715394316,-4.10431513502885,5.012500124632933,4.580501757993182,58.00000000000001,48.0,-42.31138472701242,51.673863784840904,47.22039262315171,10.779607376848297,10.779607376848297
2022,3544251,Rosana,17440,66,3.784403669724771,-0.8600917431192661,-4.644495412844037,0.0,5.223098499754444,2.5969118304434025,2.0658621204069023,3.784403669724771,9.007502169479215,6.381315500168173,5.850265790131673,-15.0,66.0,157.0908378357175,111.29014232293294,102.02863537989639,-117.02863537989639,117.02863537989639
2022,3544301,Roseira,10832,379,34.988921713441655,-8.862629246676514,-43.85155096011817,0.0,-27.089125228709644,-25.994431867412164,-19.855126049283903,34.988921713441655,7.899796484732011,8.994489846029492,15.133795664157752,-96.0,379.0,85.57059552261715,97.42831401219145,163.9292746341568,-259.9292746341568,259.9292746341568
2022,3544400,Rubiácea,2700,-15,-5.555555555555555,4.0740740740740735,9.62962962962963,0.0,5.641803686471537,11.410946884358577,18.581142849158507,-5.555555555555555,0.08624813091598149,5.855391328803021,13.025587293602952,10.999999999999998,-15.0,0.23286995347315,15.809556587768157,35.16908569272797,-24.16908569272797,24.16908569272797
2022,3544509,Rubinéia,3833,40,10.435690060005218,11.21836681450561,0.7826767545003914,0.0,4.407073602532066,-3.1994106567776592,-2.874794593586225,10.435690060005218,14.842763662537283,7.236279403227559,7.560895466418993,43.0,40.0,56.892313118505406,27.736658952571233,28.980912322784,14.019087677216,14.019087677216
2022,3544608,Sabino,5112,60,11.737089201877934,2.9342723004694835,-8.80281690140845,0.0,-11.94649053720976,-9.138268656779314,-4.795717375738164,11.737089201877934,-0.20940133533182603,2.5988205450986204,6.94137182613977,15.0,60.0,-1.0704596262162946,13.285170626544147,35.4842927752265,-20.4842927752265,20.4842927752265
2022,3544707,Sagres,2474,-4,-1.6168148746968471,-0.4042037186742118,1.2126111560226354,0.0,5.646780117582149,5.696210476241475,5.600616050544502,-1.6168148746968471,4.029965242885302,4.079395601544628,3.9838011758476553,-1.0,-4.0,9.970134010898237,10.092424718221409,9.855924109047098,-10.855924109047098,10.855924109047098
2022,3544806,Sales,6437,47,7.301537983532702,2.330278079850862,-4.97125990368184,0.0,-1.584292989277166,-1.4430945071618042,-0.9192794073313959,7.301537983532702,5.717244994255536,5.858443476370898,6.382258576201306,15.0,47.0,36.80190602802288,37.710800657399474,41.082598455007805,-26.082598455007805,26.082598455007805
2022,3544905,Sales Oliveira,11411,-13,-1.139251599333976,1.226886337744282,2.366137937078258,0.0,11.712426676388061,13.705555987719075,6.398775151177065,-1.139251599333976,10.573175077054085,12.566304388385099,5.259523551843089,14.000000000000002,-13.0,120.65050080426415,143.39409937586237,60.01642325008149,-46.01642325008149,46.01642325008149
2022,3545001,Salesópolis,15202,60,3.946849098802789,3.55216418892251,-0.3946849098802794,0.0,-3.819317795472852,1.1216611614824712,1.1360933991768463,3.946849098802789,0.127531303329937,5.06851026028526,5.082942497979635,54.0,60.0,1.9387308732217023,77.05149297685652,77.27089185428642,-23.27089185428642,23.27089185428642
2022,3545100,Salmourão,4808,-35,-7.2795341098169715,2.9118136439267888,10.19134775374376,0.0,14.8792412716948,18.239890517554297,24.86699095455728,-7.2795341098169715,7.599707161877829,10.960356407737326,17.58745684474031,14.0,-35.0,36.5393920343086,52.697393608401065,84.5604925095114,-70.5604925095114,70.5604925095114
2022,3545159,Saltinho,8161,175,21.443450557529715,13.968876363190784,-7.474574194338931,0.0,-11.993710815403684,-9.832102876383514,-9.879583685753655,21.443450557529715,9.449739742126031,11.611347681146201,11.56386687177606,113.99999999999999,175.0,77.11932603549053,94.76020842583415,94.37271754056442,19.627282459435563,19.627282459435563
2022,3545209,Salto,134319,1340,9.976250567678438,10.013475383229476,0.0372248155510384,0.0,4.084939685000823,0.9510138861926893,0.6026156606272599,9.976250567678438,14.06119025267926,10.927264453871127,10.578866228305698,1345.0,1340.0,1888.6850135496256,1467.739234179516,1420.942732919793,-75.94273291979289,75.94273291979289
2022,3545308,Salto de Pirapora,43748,440,10.057602633263237,18.697997622748467,8.640394989485232,0.0,-6.720143117415836,-4.055736584268957,-3.595189193381431,10.057602633263237,3.3374595158474003,6.0018660489942794,6.462413439881805,817.9999999999999,440.00000000000006,146.0071788992921,262.5696359114017,282.71766316794924,535.2823368320506,535.2823368320506
2022,3545407,Salto Grande,9050,64,7.071823204419889,9.944751381215468,2.872928176795579,0.0,-2.5557669136884407,-1.0162145740900386,0.37262710337099003,7.071823204419889,4.5160562907314485,6.055608630329851,7.444450307790879,89.99999999999999,64.0,40.87030943111961,54.803258104485145,67.37227528550746,22.62772471449253,22.62772471449253
2022,3545506,Sandovalina,3645,175,48.01097393689986,16.73525377229081,-31.275720164609048,0.0,-20.154221684197736,-11.765845920745392,-51.27802565994748,48.01097393689986,27.856752252702123,36.24512801615447,-3.267051723047622,61.00000000000001,175.0,101.53786196109924,132.11349161888305,-11.908403530508583,72.9084035305086,72.9084035305086
2022,3545605,Santa Adélia,14018,260,18.547581680696247,15.266086460265372,-3.281495220430875,0.0,-14.506264033994396,-9.99484660922114,-13.019400613521428,18.547581680696247,4.041317646701851,8.552735071475107,5.528181067174819,214.0,260.0,56.651190771466545,119.89224023193805,77.4940421996566,136.5059578003434,136.5059578003434
2022,3545704,Santa Albertina,6393,33,5.161895823557016,27.21726888784608,22.055373064289064,0.0,5.415556517903945,3.308328084548112,2.521350612297998,5.161895823557016,10.577452341460962,8.470223908105128,7.683246435855014,173.99999999999997,33.0,67.62165281895993,54.15014144451609,49.11899446442111,124.88100553557886,124.88100553557886
2022,3545803,Santa Bárbara d'Oeste,183347,3149,17.17508331197129,13.340823684052642,-3.8342596279186463,0.0,-4.6307281556908295,-1.6743393365245296,-2.2242992692490318,17.17508331197129,12.54435515628046,15.50074397544676,14.950784042722256,2446.0,3149.0,2299.9698848385538,2842.014905666237,2741.181401880998,-295.1814018809978,295.1814018809978
2022,3546009,Santa Branca,13975,74,5.295169946332737,8.658318425760287,3.36314847942755,0.0,-1.1103496424063197,1.2829907863881365,1.2300915960603729,5.295169946332737,4.184820303926418,6.578160732720874,6.52526154239311,121.00000000000001,74.0,58.48286374737169,91.9297962397742,91.19053005494372,29.809469945056293,29.809469945056293
2022,3546108,Santa Clara d'Oeste,2598,14,5.388760585065435,32.717474980754425,27.32871439568899,0.0,21.43986789736866,14.721107985324482,15.277993563733734,5.388760585065435,26.828628482434095,20.109868570389917,20.666754148799168,85.0,14.0,69.70077679736379,52.245438545873,53.69222727858023,31.307772721419767,31.307772721419767
2022,3546207,Santa Cruz da Conceição,4277,5,1.1690437222352117,-9.352349777881692,-10.521393500116904,0.0,7.039303826830156,9.68132161277426,5.826207551222942,1.1690437222352117,8.208347549065367,10.850365335009473,6.995251273458154,-39.99999999999999,5.0,35.107102467352576,46.40701253783551,29.918689696580525,-69.91868969658051,69.91868969658051
2022,3546256,Santa Cruz da Esperança,2116,14,6.616257088846881,29.773156899810964,23.156899810964084,0.0,2.1173117173102733,2.843697263962448,1.425139006810485,6.616257088846881,8.733568806157155,9.45995435280933,8.041396095657365,63.0,14.0,18.480231593828538,20.017263410544544,17.015594138410986,45.98440586158901,45.98440586158901
2022,3546306,Santa Cruz das Palmeiras,28864,56,1.9401330376940131,2.563747228381375,0.6236141906873616,0.0,-0.5732128920625861,7.006577826634697,7.458540375945329,1.9401330376940131,1.366920145631427,8.94671086432871,9.398673413639342,74.0,55.99999999999999,39.45478308350551,258.23786238798385,271.283309411286,-197.28330941128598,197.28330941128598
2022,3546405,Santa Cruz do Rio Pardo,46442,159,3.423625166874812,12.660953447310623,9.237328280435811,0.0,12.74644683156834,14.052464447818718,10.93348261872711,3.423625166874812,16.170071998443152,17.476089614693528,14.357107785601922,588.0,159.00000000000003,750.9704837516969,811.6245538855968,666.7727997789244,-78.77279977892442,78.77279977892442
2022,3546504,Santa Ernestina,6118,91,14.874141876430206,4.576659038901602,-10.297482837528603,0.0,-9.049634796506117,-12.425457818887653,-10.031275110351629,14.874141876430206,5.824507079924089,2.448684057542554,4.842866766078577,28.000000000000004,91.0,35.634334314975575,14.981049064045344,29.628658874868737,-1.6286588748687336,1.6286588748687336
2022,3546603,Santa Fé do Sul,34794,251,7.213887451859517,5.891820428809565,-1.3220670230499518,0.0,7.805162849015814,5.501489217213665,1.7727420696487415,7.213887451859517,15.019050300875332,12.715376669073182,8.986629521508258,205.0,251.00000000000003,522.5728361686563,442.4188158237323,312.68078757135834,-107.68078757135834,107.68078757135834
2022,3546702,Santa Gertrudes,23611,-322,-13.63771123628817,25.36953115073483,39.007242387023,0.0,24.314527254787357,29.419163703652238,38.193777646304746,-13.63771123628817,10.676816018499187,15.781452467364067,24.556066410016577,599.0,-322.0,252.09030301278432,372.61587420693303,579.7932840069014,19.206715993098555,19.206715993098555
2022,3546801,Santa Isabel,53174,618,11.622221386391846,6.412908564335954,-5.209312822055892,0.0,-6.331577440051561,-2.2917173183132604,0.9638618891899979,11.622221386391846,5.2906439463402855,9.330504068078586,12.586083275581844,341.0,618.0,281.32470120269835,496.14022331601075,669.252392095789,-328.252392095789,328.252392095789
2022,3546900,Santa Lúcia,7149,41,5.735067841656176,1.1190376276402294,-4.616030214015947,0.0,-8.835521134951481,-0.5519164313582314,-0.5394775648235896,5.735067841656176,-3.1004532932953053,5.183151410297945,5.195590276832586,8.0,41.0,-22.165140593768136,37.05434943222001,37.14327488907616,-29.14327488907616,29.14327488907616
2022,3547007,Santa Maria da Serra,5243,202,38.527560556933054,-2.860957467098989,-41.388518024032045,0.0,-30.69484423344482,-23.045217574653027,-31.37607130417664,38.527560556933054,7.832716323488235,15.482342982280027,7.151489252756413,-14.999999999999998,202.0,41.06693168404882,81.17392425609418,37.49525815220187,-52.49525815220187,52.49525815220187
2022,3547106,Santa Mercedes,2956,33,11.163734776725304,23.004059539918806,11.840324763193502,0.0,-4.217881782151913,-4.377120909533336,-4.767408299750906,11.163734776725304,6.945852994573391,6.786613867191968,6.396326476974398,67.99999999999999,33.0,20.531941451958943,20.06123059141946,18.907541065936318,49.09245893406367,49.09245893406367
2022,3547205,Santana da Ponte Pensa,1670,0,0.0,24.550898203592816,24.550898203592816,0.0,8.49417315390144,4.088560013423438,4.683169166099627,0.0,8.49417315390144,4.088560013423438,4.683169166099627,41.0,0.0,14.185269167015404,6.8278952224171405,7.820892507386376,33.179107492613625,33.179107492613625
2022,3547304,Santana de Parnaíba,154105,4187,27.16978683365238,24.57415398591869,-2.5956328477336896,0.0,-8.156490395752776,-9.437175170411898,-12.434509477083436,27.16978683365238,19.013296437899605,17.732611663240483,14.735277356568945,3787.0,4187.0,2930.0440475625187,2732.6841203636745,2270.7799170340572,1516.2200829659428,1516.2200829659428
2022,3547403,Santa Rita d'Oeste,2733,-2,-0.7317965605561654,9.879253567508233,10.6110501280644,0.0,7.179989829477669,4.120969592509725,5.289588342539515,-0.7317965605561654,6.448193268921504,3.3891730319535602,4.55779178198335,27.0,-2.0,17.62291220396247,9.26260989632908,12.456444940160496,14.543555059839504,14.543555059839504
2022,3547502,Santa Rita do Passa Quatro,24833,1540,62.01425522490235,27.664800869810332,-34.349454355092014,0.0,-42.253422729556284,-37.07262900762303,-49.7569143389981,62.01425522490235,19.760832495346065,24.94162621727932,12.257340885904249,687.0,1540.0,490.7207533569288,619.3754038536973,304.3865462196602,382.6134537803398,382.6134537803398
2022,3547601,Santa Rosa de Viterbo,23411,285,12.173764469693731,6.150954679424202,-6.022809790269531,0.0,-10.269944244891606,-4.48609627338041,-3.3796213373184587,12.173764469693731,1.903820224802125,7.6876681963133215,8.794143132375272,144.0,284.99999999999994,44.57033528284255,179.97600014389118,205.8796848720375,-61.8796848720375,61.8796848720375
2022,3547650,Santa Salete,1645,-7,-4.25531914893617,1.82370820668693,6.0790273556231,0.0,8.930129924986726,8.413460463141405,7.97429721608702,-4.25531914893617,4.674810776050556,4.158141314205235,3.71897806715085,2.9999999999999996,-7.0,7.690063726603165,6.840142461867611,6.117718920463148,-3.117718920463149,3.117718920463149
2022,3547700,Santo Anastácio,17963,61,3.3958692868674496,-0.4453599064744196,-3.841229193341869,0.0,-3.7128603796166777,1.8275616556399725,0.9668370304014205,3.3958692868674496,-0.3169910927492281,5.223430942507422,4.36270631726887,-7.999999999999999,61.0,-5.694110999054384,93.82849002026083,78.36729357710072,-86.36729357710072,86.36729357710072
2022,3547809,Santo André,748919,10295,13.746479926400584,7.978165863063963,-5.768314063336622,0.0,0.6689224395900941,-0.20336526663552346,-1.5601341334959384,13.746479926400584,14.415402365990678,13.54311465976506,12.186345792904646,5975.0,10294.999999999998,10795.968724535373,10142.695887876589,9126.585904876356,-3151.585904876356,3151.585904876356
2022,3547908,Santo Antônio da Alegria,6775,32,4.723247232472325,-0.5904059040590406,-5.313653136531365,0.0,3.0795115956624377,4.1854242961641654,1.8625652053059594,4.723247232472325,7.802758828134762,8.90867152863649,6.585812437778284,-4.0,32.0,52.86369106061302,60.356249606512215,44.61887926594787,-48.61887926594787,48.61887926594787
2022,3548005,Santo Antônio de Posse,23244,105,4.517294785751162,6.367234555154019,1.849939769402857,0.0,7.897023949996892,9.0166806856888,6.5919318786418994,4.517294785751162,12.414318735748054,13.533975471439962,11.109226664393061,148.0,105.0,288.5584246937278,314.5837258581505,258.22286458715234,-110.22286458715234,110.22286458715234
2022,3548054,Santo Antônio do Aracanguá,8379,65,7.757488960496479,-1.1934598400763816,-8.95094880057286,0.0,-2.3231580510366516,-1.7892681902817034,-2.4029003394339914,7.757488960496479,5.4343309094598276,5.968220770214776,5.354588621062488,-10.000000000000002,65.0,45.53425869036389,50.00772183362961,44.86609805588259,-54.86609805588259,54.86609805588259
2022,3548104,Santo Antônio do Jardim,6126,18,2.9382957884427032,12.07966046359778,9.141364675155078,0.0,7.059892935188871,5.851379221670925,6.769472172174258,2.9382957884427032,9.998188723631575,8.789675010113628,9.707767960616962,74.0,18.0,61.248904120967026,53.84554911195608,59.46978652673951,14.530213473260488,14.530213473260488
2022,3548203,Santo Antônio do Pinhal,7133,37,5.187158278424225,2.5234824057198937,-2.6636758727043315,0.0,3.1674513722607394,1.7455634463217187,1.2302054721092168,5.187158278424225,8.354609650684964,6.932721724745944,6.4173637505334415,18.0,37.0,59.593430638335846,49.45110406261281,45.77505563255504,-27.775055632555038,27.775055632555038
2022,3548302,Santo Expedito,3000,28,9.333333333333334,1.0,-8.333333333333334,0.0,-9.598319507606295,-8.031288359817504,-7.916428790965312,9.333333333333334,-0.2649861742729609,1.3020449735158302,1.4169045423680222,3.0,28.0,-0.7949585228188827,3.9061349205474905,4.250713627104067,-1.2507136271040666,1.2507136271040666
2022,3548401,Santópolis do Aguapeí,3899,-9,-2.308284175429597,1.02590407796871,3.334188253398308,0.0,-0.4869497451631566,8.27499989313081,9.473398171647897,-2.308284175429597,-2.7952339205927537,5.966715717701213,7.165113996218301,4.000000000000001,-8.999999999999998,-10.898617056391148,23.264224583317027,27.936779471255154,-23.936779471255154,23.936779471255154
2022,3548500,Santos,418608,6111,14.598383212934296,13.344226579520695,-1.254156633413599,0.0,-2.659719072224152,-1.0019369871501322,-1.1323928418112221,14.598383212934296,11.938664140710145,13.596446225784163,13.465990371123073,5585.999999999999,6111.0,4997.620318614392,5691.581161683058,5636.971297275088,-50.971297275088546,50.971297275088546
2022,3548609,São Bento do Sapucaí,11674,241,20.644166523899266,2.7411341442521846,-17.903032379647076,0.0,-15.939886724877104,-17.798708603838563,-17.00272604836513,20.644166523899266,4.704279799022162,2.845457920060703,3.641440475534136,32.00000000000001,241.00000000000003,54.91776237378472,33.217875758788644,42.510176111385505,-10.510176111385498,10.510176111385498
2022,3548708,São Bernardo do Campo,810729,12982,16.01274901970942,5.73927909326051,-10.27346992644891,0.0,-3.3488899253054747,-0.9461314908435692,-3.570131867045387,16.01274901970942,12.663859094403946,15.066617528865851,12.442617152664035,4653.0,12982.0,10266.957819747018,12214.943762559884,10087.59056156216,-5434.59056156216,5434.59056156216
2022,3548807,São Caetano do Sul,165655,1642,9.912166852796474,-5.656333947058647,-15.56850079985512,0.0,24.216461349015415,22.848899461085477,11.743676780964345,9.912166852796474,34.12862820181189,32.761066313881955,21.655843633760817,-937.0000000000001,1642.0,5653.577904771149,5427.034440226115,3587.398777150648,-4524.398777150648,4524.398777150648
2022,3548906,São Carlos,254857,3413,13.391823650125364,2.640696547475643,-10.75112710264972,0.0,1.2076225535479657,1.7748644539488592,0.5520353353842471,13.391823650125364,14.59944620367333,15.166688104074224,13.94385898550961,673.0,3413.0,3720.771061129574,3865.3366301400442,3553.690069470023,-2880.690069470023,2880.690069470023
2022,3549003,São Francisco,2602,-5,-1.921598770176787,-1.1529592621060722,0.7686395080707147,0.0,2.019133572702791,5.490626981575295,4.173510666849923,-1.921598770176787,0.0975348025260041,3.569028211398508,2.2519118966731364,-3.0,-5.0,0.2537855561726627,9.286611406058917,5.859474755143501,-8.859474755143502,8.859474755143502
2022,3549102,São João da Boa Vista,92547,306,3.306428085189147,4.667898473208208,1.3614703880190606,0.0,7.465658480435111,7.489463690536763,5.260599689376496,3.306428085189147,10.772086565624258,10.79589177572591,8.567027774565643,432.0,306.0,996.9242953888282,999.1273961681057,792.8527194527265,-360.85271945272655,360.85271945272655
2022,3549201,São João das Duas Pontes,2580,1,0.3875968992248062,3.488372093023256,3.10077519379845,0.0,4.232962042086095,4.1730304025981075,4.58078075820849,0.3875968992248062,4.620558941310901,4.5606273018229135,4.968377657433296,9.0,1.0000000000000002,11.921042068582125,11.766418438703116,12.818414356177902,-3.818414356177902,3.818414356177902
2022,3549250,São João de Iracema,1846,-26,-14.084507042253522,-4.333694474539545,9.750812567713975,0.0,5.469040088747155,13.568245171346598,20.905713622545836,-14.084507042253522,-8.615466953506367,-0.5162618709069235,6.821206580292314,-8.0,-26.0,-15.904151996172754,-0.9530194136941809,12.59194734721961,-20.59194734721961,20.59194734721961
2022,3549300,São João do Pau d'Alho,2242,21,9.36663693131133,3.568242640499554,-5.7983942908117765,0.0,-2.852221642483955,-5.382265552196275,-6.095278110481816,9.36663693131133,6.514415288827375,3.9843713791150552,3.271358820829514,8.0,21.000000000000004,14.605319077550973,8.932960631975954,7.33438647629977,0.6656135237002303,0.6656135237002303
2022,3549409,São Joaquim da Barra,48558,527,10.853000535442153,10.564685530705548,-0.2883150047366047,0.0,-4.890436266390753,-1.5273976093401647,0.9964498131957864,10.853000535442153,5.962564269051399,9.325602926101988,11.849450348637939,513.0,527.0,289.53019577659785,452.8326268856603,575.3856100291611,-62.38561002916106,62.38561002916106
2022,3549508,São José da Bela Vista,7626,55,7.212168895882508,-0.3933910306845004,-7.605559926567008,0.0,-9.31477974899471,-2.5263710243182125,-3.7199840640172974,7.212168895882508,-2.1026108531122016,4.685797871564295,3.4921848318652104,-3.0,55.00000000000001,-16.03451036583365,35.73389456854932,26.631401527804094,-29.631401527804094,29.631401527804094
2022,3549607,São José do Barreiro,3853,11,2.854918245522969,3.1144562678432397,0.2595380223202701,0.0,-2.5889672296744215,-0.19624136105770762,-0.1304799688884559,2.854918245522969,0.26595101584854763,2.6586768844652617,2.724438276634513,12.000000000000002,11.0,1.0247092640644542,10.243882035844655,10.49726067987278,1.5027393201272226,1.5027393201272226
2022,3549706,São José do Rio Pardo,52205,-78,-1.4941097596015709,7.278996264725601,8.773106024327172,0.0,13.236343075685669,15.227540832827003,3.4579552130666245,-1.4941097596015709,11.742233316084098,13.733431073225432,1.9638454534650536,380.0,-78.00000000000001,613.0032902661704,716.9537691777336,102.52255189814312,277.4774481018569,277.4774481018569
2022,3549805,São José do Rio Preto,480393,4456,9.27573882217268,8.26614875737157,-1.0095900648011096,0.0,5.894433762844314,4.924106409949216,-0.20517359239362268,9.27573882217268,15.170172585016996,14.199845232121897,9.070565229779058,3971.0000000000005,4456.000000000001,7287.64471863407,6821.506250594734,4357.436042429251,-386.4360424292504,386.4360424292504
2022,3549904,São José dos Campos,697054,8756,12.56143713399536,9.056687143320316,-3.504749990675043,0.0,-1.4025957941338478,1.21035682692211,0.27717746409697297,12.56143713399536,11.158841339861512,13.77179396091747,12.838614598092333,6312.999999999999,8756.000000000002,7778.314991315827,9599.684067633367,8949.207660058653,-2636.2076600586543,2636.2076600586543
2022,3549953,São Lourenço da Serra,16067,1181,73.50469907263334,-7.46872471525487,-80.97342378788821,0.0,-43.67908393787083,-41.23633957436781,-52.42071665641613,73.50469907263334,29.825615134762515,32.26835949826553,21.08398241621721,-120.0,1181.0,479.2081583702293,518.4557320586323,338.7563454813619,-458.7563454813619,458.7563454813619
2022,3550001,São Luiz do Paraitinga,10337,18,1.7413175969817165,0.7739189319918738,-0.9673986649898424,0.0,1.8171789860351677,3.1808778742835795,3.670350560707811,1.7413175969817165,3.5584965830168844,4.9221954712652956,5.411668157689528,7.999999999999999,18.000000000000004,36.78417917864554,50.880734586469366,55.94041374603665,-47.94041374603665,47.94041374603665
2022,3550100,São Manuel,37289,-24,-0.6436214433210867,6.597119794041138,7.240741237362225,0.0,4.972322319130211,8.858538504369903,5.431036944537926,-0.6436214433210867,4.328700875809124,8.214917061048817,4.787415501216839,246.0,-24.000000000000004,161.41292695804646,306.3260422894494,178.51793662487472,67.48206337512528,67.48206337512528
2022,3550209,São Miguel Arcanjo,32039,164,5.1187615094104055,5.649364836605387,0.5306033271949815,0.0,1.744012643646226,2.672532831628044,1.5428553781184455,5.1187615094104055,6.862774153056631,7.79129434103845,6.661616887528851,181.0,163.99999999999997,219.87642108978142,249.62527939253087,213.43154345953687,-32.43154345953687,32.43154345953687
2022,3550308,São Paulo,11451999,204313,17.840815389522824,11.885173933389272,-5.955641456133552,0.0,-2.2123152219798063,1.240373539937312,-1.9141612889029358,17.840815389522824,15.628500167543017,19.081188929460136,15.926654100619889,136109.0,204313.0,178977.56829020247,218517.75653898856,182392.02683364486,-46283.026833644864,46283.026833644864
2022,3550407,São Pedro,38256,488,12.75616896695943,8.129443747386032,-4.626725219573398,0.0,-2.5658696803997754,-4.29255353997894,-2.59340440449849,12.75616896695943,10.190299286559656,8.46361542698049,10.162764562460941,311.00000000000006,488.0,389.8400895066262,323.7840717745657,388.78672110150575,-77.78672110150569,77.78672110150569
2022,3550506,São Pedro do Turvo,7217,87,12.05487044478315,10.53069142302896,-1.5241790217541915,0.0,1.419453882575865,3.6868550712261356,-2.562304535796844,12.05487044478315,13.474324327359016,15.741725516009286,9.492565908986306,76.0,87.0,97.24419867055002,113.60803304903902,68.50784816515417,7.492151834845828,7.492151834845828
2022,3550605,São Roque,79484,886,11.146897488802775,15.235770721151424,4.088873232348648,0.0,-4.427781420241578,2.0104583406529297,-0.32960735827309173,11.146897488802775,6.719116068561197,13.157355829455705,10.817290130529683,1210.9999999999998,885.9999999999998,534.0622215935182,1045.7992707484573,859.8014887350213,351.1985112649785,351.1985112649785
2022,3550704,São Sebastião,81595,2198,26.93792511796066,12.978736442183957,-13.959188675776703,0.0,-15.560009383637336,-10.943801946194528,-12.528433257843199,26.93792511796066,11.377915734323324,15.994123171766132,14.40949186011746,1059.0,2198.0,928.3810343421115,1305.0404802002577,1175.742488326284,-116.74248832628405,116.74248832628405
2022,3550803,São Sebastião da Grama,10441,60,5.74657599846758,1.3408677329757686,-4.405708265491811,0.0,4.235407276782011,8.497046160933655,6.13659457983105,5.74657599846758,9.98198327524959,14.243622159401234,11.88317057829863,14.0,60.0,104.22188737688097,148.71765896630828,124.07218400801601,-110.07218400801601,110.07218400801601
2022,3550902,São Simão,13442,48,3.5708971879184648,6.3978574616872494,2.8269602737687847,0.0,-0.5596069623921891,4.834168218356404,6.786227154981609,3.5708971879184648,3.0112902255262757,8.405065406274868,10.357124342900073,86.0,48.0,40.47776321152419,112.98088919114679,139.22046541726277,-53.22046541726277,53.22046541726277
2022,3551009,São Vicente,329911,194,0.5880373797781826,1.9126370445362535,1.3245996647580711,0.0,-1.2652038424707603,3.344508746533215,5.495630961941261,0.5880373797781826,-0.6771664626925777,3.9325461263113977,6.083668341719443,630.9999999999999,194.0,-223.40466487337102,1297.3902250775195,2007.0691062850033,-1376.0691062850033,1376.0691062850033
2022,3551108,Sarapuí,10369,204,19.674028353746746,25.267624650400236,5.593596296653487,0.0,-10.588105239983463,-9.76385654152652,-16.61217576927991,19.674028353746746,9.085923113763283,9.910171812220225,3.061852584466834,262.00000000000006,204.0,94.21193676661147,102.75857152091152,31.7483494483366,230.25165055166346,230.25165055166346
2022,3551207,Sarutaiá,3704,-95,-25.64794816414687,22.408207343412528,48.0561555075594,0.0,31.921541296611746,32.25351991501888,37.13378903039197,-25.64794816414687,6.273593132464875,6.605571750872006,11.485840866245102,83.0,-95.00000000000001,23.237388962649895,24.46703776522991,42.543554568571864,40.456445431428136,40.456445431428136
2022,3551306,Sebastianópolis do Sul,3130,26,8.30670926517572,69.00958466453675,60.70287539936103,0.0,4.041729411605401,8.854574414678419,4.375670877797266,8.30670926517572,12.34843867678112,17.161283679854137,12.682380142972985,216.00000000000003,26.0,38.6506130583249,53.71481791794344,39.69584984750544,176.30415015249457,176.30415015249457
2022,3551405,Serra Azul,12746,55,4.315079240546054,5.648831005805743,1.3337517652596889,0.0,-5.972388726443069,0.20336072977285924,0.48733689743852976,4.315079240546054,-1.6573094858970148,4.518439970318913,4.802416137984584,72.0,55.00000000000001,-21.12406670724335,57.59203586168487,61.211596094751506,10.788403905248494,10.788403905248494
2022,3551504,Serrana,43909,675,15.372702634995104,15.144958892254436,-0.2277437427406692,0.0,-10.24761836716889,-8.31943490489711,-6.401787852355733,15.372702634995104,5.125084267826214,7.0532677300979945,8.97091478263937,665.0,675.0,225.03732511598122,309.7019327608728,393.9038971909121,271.0961028090879,271.0961028090879
2022,3551603,Serra Negra,29894,158,5.285341540108383,5.78711447113133,0.5017729310229475,0.0,2.439515199422532,2.2538059888320827,0.7588495172173749,5.285341540108383,7.724856739530915,7.5391475289404655,6.044191057325758,173.0,158.0,230.92686737153716,225.37527623014626,180.68504746769622,-7.685047467696222,7.685047467696222
2022,3551702,Sertãozinho,126887,2629,20.719222615397957,19.91535775926612,-0.8038648561318347,0.0,-0.6608697507591901,0.09549584650183696,5.896184643753016,20.719222615397957,20.058352864638767,20.814718461899794,26.615407259150974,2527.0,2629.0000000000005,2545.144219935419,2641.117181475079,3377.1491808918895,-850.1491808918895,850.1491808918895
2022,3551801,Sete Barras,12730,-29,-2.27808326787117,10.840534171249017,13.118617439120186,0.0,9.010808530182793,9.13220485205513,10.142044996538981,-2.27808326787117,6.7327252623116225,6.85412158418396,7.863961728667811,137.99999999999997,-28.999999999999996,85.70759258922696,87.25296776666181,100.10823280594124,37.89176719405873,37.89176719405873
2022,3551900,Severínia,14576,53,3.636114160263447,6.79198682766191,3.155872667398464,0.0,0.9676421165957334,9.091773356250258,7.419651561563061,3.636114160263447,4.603756276859181,12.727887516513704,11.055765721826507,99.0,53.00000000000001,67.10435149149941,185.52168844070377,161.14884116134314,-62.14884116134314,62.14884116134314
2022,3552007,Silveiras,6186,-21,-3.394762366634336,17.13546718396379,20.53022955059813,0.0,5.883989234328143,7.96391305130498,5.335836131780679,-3.394762366634336,2.4892268676938074,4.569150684670644,1.9410737651463434,106.0,-21.0,15.398357403553893,28.264766135372604,12.00748231119528,93.99251768880472,93.99251768880472
2022,3552106,Socorro,40122,337,8.399381885249987,2.6419420766661683,-5.757439808583818,0.0,-1.2557940271990586,0.30034108092630274,-0.22922838642339577,8.399381885249987,7.143587858050928,8.69972296617629,8.170153498826592,106.0,337.0,286.61503204071937,349.0502848489251,327.80289867992053,-221.80289867992053,221.80289867992053
2022,3552205,Sorocaba,723682,9647,13.330440718437105,8.552098850047397,-4.778341868389708,0.0,3.634551452281525,2.765554770631585,0.34311941032049015,13.330440718437105,16.96499217071863,16.09599548906869,13.673560128757595,6189.0,9647.0,12277.25946409,11648.38220752021,9895.309341099555,-3706.3093410995552,3706.3093410995552
2022,3552304,Sud Mennucci,7355,147,19.986403806934057,-2.447314751869477,-22.43371855880353,0.0,-11.315059609959816,-9.446720520981271,-18.001373770152288,19.986403806934057,8.67134419697424,10.539683285952785,1.9850300367817688,-18.000000000000004,147.0,63.77773656874554,77.51937056818274,14.599895920529908,-32.59989592052991,32.59989592052991
2022,3552403,Sumaré,279545,3905,13.969128405086838,6.786027294353324,-7.1831011107335145,0.0,-5.97352394104825,-3.961590354075793,-0.6538358026600859,13.969128405086838,7.995604464038588,10.007538051011046,13.315292602426752,1897.0,3905.0,2235.131249899667,2797.557224469883,3722.2234705453866,-1825.2234705453866,1825.2234705453866
2022,3552502,Suzano,307429,2775,9.026474405472484,6.385214147006301,-2.6412602584661817,0.0,1.6078713973268386,1.7515597578667677,0.8940568443270799,9.026474405472484,10.634345802799324,10.778034163339251,9.920531249799565,1963.0,2775.0000000000005,3269.306295808793,3313.480264801223,3049.8590015946306,-1086.8590015946306,1086.8590015946306
2022,3552551,Suzanápolis,3408,52,15.258215962441314,105.6338028169014,90.3755868544601,0.0,0.8780335690242771,8.285068430622903,2.762628700333969,15.258215962441314,16.13624953146559,23.54328439306422,18.020844662775282,359.99999999999994,52.0,54.99233840323473,80.23551321156286,61.415038610738165,298.58496138926176,298.58496138926176
2022,3552601,Tabapuã,11323,24,2.119579616709353,4.062527598692926,1.9429479819835729,0.0,1.1928337736910122,4.9161131952493315,4.22473637829542,2.119579616709353,3.3124133904003648,7.035692811958684,6.344315995004773,46.0,24.0,37.50645681950333,79.66514970980819,71.83669001143905,-25.836690011439046,25.836690011439046
2022,3552700,Tabatinga,14769,261,17.672151127361364,-5.823007651161216,-23.49515877852258,0.0,-5.702276365302985,-0.8699652577893702,-6.316827954827758,17.672151127361364,11.969874762058378,16.802185869571993,11.355323172533605,-86.0,260.99999999999994,176.7830803608402,248.15148310770877,167.70676793514883,-253.70676793514883,253.70676793514883
2022,3552809,Taboão da Serra,273542,1470,5.373946231291721,3.85315600529352,-1.520790225998201,0.0,3.9069861365447194,7.164951869877381,5.163567746171689,5.373946231291721,9.28093236783644,12.538898101169103,10.53751397746341,1054.0,1470.0,2538.7248017627153,3429.915264389999,2882.4526484232965,-1828.4526484232965,1828.4526484232965
2022,3552908,Taciba,6260,42,6.7092651757188495,10.543130990415335,3.8338658146964857,0.0,-1.9472092996249297,-1.4914668394735606,-2.5654844322117585,6.7092651757188495,4.762055876093919,5.217798336245289,4.143780743507091,66.0,42.0,29.810469784347934,32.663417584895505,25.94006745435439,40.05993254564561,40.05993254564561
2022,3553005,Taguaí,12669,-50,-3.9466414081616543,-1.8154550477543607,2.131186360407293,0.0,20.952551132408644,25.17108881328097,10.341658916698798,-3.9466414081616543,17.00590972424699,21.224447405119317,6.395017508537143,-22.999999999999996,-50.0,215.44787029648512,268.89252417545663,81.01847681565707,-104.01847681565707,104.01847681565707
2022,3553104,Taiaçu,5677,12,2.113792496036639,0.1761493746697199,-1.9376431213669192,0.0,-2.2682497560121124,2.036558582301806,2.097077847719482,2.113792496036639,-0.15445725997547344,4.150351078338446,4.21087034375612,0.9999999999999998,12.0,-0.8768538648807627,23.561543071727357,23.905110941503494,-22.905110941503494,22.905110941503494
2022,3553203,Taiúva,6548,5,0.7635919364691509,8.39951130116066,7.635919364691508,0.0,9.85413955932252,4.994266749259384,5.9806018024217265,0.7635919364691509,10.617731495791672,5.757858685728535,6.7441937388908775,55.0,5.0,69.52490583444387,37.70245867415045,44.16098060225746,10.83901939774254,10.83901939774254
2022,3553302,Tambaú,21435,-105,-4.89853044086774,14.229064613949149,19.127595054816886,0.0,13.719842658710803,16.851615500576568,18.47823859591063,-4.89853044086774,8.821312217843063,11.953085059708828,13.579708155042889,305.0,-105.0,189.08482738946606,256.21437825485873,291.08104430334436,13.918955696655644,13.918955696655644
2022,3553401,Tanabi,25265,59,2.335246388284188,6.09538887789432,3.760142489610132,0.0,6.014089123792676,7.41400978831906,7.4604639012272544,2.335246388284188,8.349335512076864,9.749256176603248,9.795710289511442,154.0,59.000000000000014,210.94596171262197,246.31495730188107,247.4886204645066,-93.4886204645066,93.4886204645066
2022,3553500,Tapiraí,7996,20,2.501250625312656,-10.25512756378189,-12.756378189094546,0.0,4.945423571696358,3.8844605908831094,1.9213328926946447,2.501250625312656,7.446674197009013,6.385711216195766,4.4225835180073005,-82.0,19.999999999999996,59.54360687928408,51.060146884701346,35.362977809986376,-117.36297780998638,117.36297780998638
2022,3553609,Tapiratiba,11816,153,12.948544346648612,7.447528774542993,-5.50101557210562,0.0,-8.280112275163319,-5.223827457155824,-4.192429382921842,12.948544346648612,4.668432071485293,7.724716889492788,8.75611496372677,88.0,153.0,55.16219335667023,91.27525476624679,103.4622544113955,-15.462254411395506,15.462254411395506
2022,3553658,Taquaral,2619,84,32.07331042382589,7.636502481863307,-24.43680794196258,0.0,-28.58045708019421,-24.953146466486945,-25.194852923450597,32.07331042382589,3.492853343631676,7.120163957338942,6.878457500375291,20.0,84.0,9.147782906971361,18.64770940427069,18.01468019348289,1.9853198065171114,1.9853198065171114
2022,3553708,Taquaritinga,52260,406,7.76884806735553,3.980099502487562,-3.788748564867968,0.0,-1.336004836065231,2.454585644942936,1.3638843497974853,7.76884806735553,6.432843231290299,10.223433712298466,9.132732417153015,207.99999999999997,406.0,336.180387267231,534.2766458047178,477.27659612041657,-269.27659612041657,269.27659612041657
2022,3553807,Taquarituba,24350,241,9.897330595482549,2.997946611909651,-6.899383983572896,0.0,2.33403644364964,0.8104925286046196,-0.6975987498574626,9.897330595482549,12.231367039132188,10.707823124087168,9.199731845625086,73.0,241.00000000000006,297.8337874028688,260.73549307152257,224.01347044097085,-151.01347044097085,151.01347044097085
2022,3553856,Taquarivaí,6876,165,23.99650959860384,-1.0180337405468296,-25.01454333915067,0.0,-6.906718350561225,-11.718390305469109,-23.339142483931685,23.99650959860384,17.089791248042616,12.278119293134731,0.6573671146721551,-7.0,165.0,117.50940462154102,84.42434825959441,4.520056280485739,-11.52005628048574,11.52005628048574
2022,3553906,Tarabai,6536,22,3.3659730722154224,-7.649938800489596,-11.015911872705018,0.0,-3.57384819869437,2.7518258263026985,1.5377249974674614,3.3659730722154224,-0.2078751264789478,6.117798898518121,4.903698069682884,-50.0,22.0,-1.3586718266664026,39.98593360071444,32.05057058344733,-82.05057058344732,82.05057058344732
2022,3553955,Tarumã,14882,413,27.7516462841016,18.209918021771266,-9.54172826233033,0.0,-6.988628565015887,-5.430405555483872,-6.434840250001084,27.7516462841016,20.763017719085713,22.321240728617727,21.316806034100516,271.0,413.0,308.9952296954336,332.184704523289,317.23670739948386,-46.23670739948386,46.23670739948386
2022,3554003,Tatuí,123942,947,7.64067063626535,6.890319665650062,-0.7503509706152878,0.0,2.015068127513196,2.321031650550551,1.8180525736029696,7.64067063626535,9.655738763778546,9.9617022868159,9.45872320986832,854.0,947.0,1196.7515738602403,1234.6733048325364,1172.3330720774993,-318.3330720774993,318.3330720774993
2022,3554102,Taubaté,310739,4120,13.25871551366259,10.429974995092346,-2.8287405185702443,0.0,-3.107980738532455,-1.2471332514286704,-0.20365549406622377,13.25871551366259,10.150734775130136,12.01158226223392,13.055060019596366,3241.0000000000005,4119.999999999999,3154.2291732891636,3732.467060584306,4056.7162954293553,-815.7162954293549,815.7162954293549
2022,3554201,Tejupá,4127,-89,-21.565301671916647,-7.026896050399806,14.53840562151684,0.0,31.849712453289225,33.736060692352055,45.85741518825925,-21.565301671916647,10.284410781372578,12.170759020435408,24.292113516342607,-29.0,-89.0,42.44376329472463,50.22872247733693,100.25355248194595,-129.25355248194595,129.25355248194595
2022,3554300,Teodoro Sampaio,22173,111,5.006088485996482,4.825688900915528,-0.1803995850809547,0.0,-0.9992384390926585,0.9463111746923418,0.49833267916790397,5.006088485996482,4.006850046903824,5.952399660688824,5.504421165164386,107.00000000000001,111.0,88.84388608999849,131.9825576764533,122.04953049518993,-15.049530495189913,15.049530495189913
2022,3554409,Terra Roxa,7904,53,6.705465587044534,0.5060728744939271,-6.199392712550607,0.0,-2.380899734162252,4.442515963206835,1.0734162509197094,6.705465587044534,4.324565852882282,11.14798155025137,7.778881837964244,4.0,53.0,34.18136850118155,88.11364617318682,61.48428204726939,-57.48428204726939,57.48428204726939
2022,3554508,Tietê,37663,300,7.965377160608555,3.2658046358495074,-4.699572524759048,0.0,4.875722579417816,10.021767545855898,9.155661476751304,7.965377160608555,12.84109974002637,17.987144706464452,17.12103863735986,123.0,300.0,483.6343395086132,677.4498310795707,644.8296781988844,-521.8296781988844,521.8296781988844
2022,3554607,Timburi,2464,-5,-2.029220779220779,-8.116883116883116,-6.087662337662337,0.0,9.458036873051277,11.664030869334304,7.54268958145129,-2.029220779220779,7.428816093830498,9.634810090113525,5.513468802230511,-20.0,-5.0,18.304602855198347,23.74017206203973,13.58518712869598,-33.58518712869598,33.58518712869598
2022,3554656,Torre de Pedra,2046,7,3.421309872922776,-8.308895405669599,-11.730205278592376,0.0,-6.163948688515695,-0.12155903270991075,0.28750911493804343,3.421309872922776,-2.7426388155929184,3.2997508402128655,3.7088189878608198,-17.0,7.0,-5.611439016703112,6.751290219075523,7.588243649163237,-24.58824364916324,24.58824364916324
2022,3554706,Torrinha,9335,221,23.674343867166577,14.783074450990894,-8.891269416175684,0.0,-16.584568542871466,-13.220560522805828,-17.452595665690506,23.674343867166577,7.089775324295111,10.45378334436075,6.221748201476071,138.0,221.0,66.18305265229486,97.5860675196076,58.08001946077913,79.91998053922087,79.91998053922087
2022,3554755,Trabiju,1682,-18,-10.70154577883472,14.863258026159334,25.564803804994057,0.0,22.23405203867186,23.706846386224342,24.531289138166713,-10.70154577883472,11.532506259837138,13.005300607389621,13.829743359331992,25.0,-18.0,19.39767552904607,21.87491562162934,23.261628330396412,1.7383716696035876,1.7383716696035876
2022,3554805,Tremembé,51173,120,2.344986614034745,-0.7816622046782483,-3.1266488187129933,0.0,4.021673469070105,2.322763784731597,1.4535903774960608,2.344986614034745,6.3666600831048505,4.6677503987663425,3.7985769915308056,-40.0,120.0,325.8010964327245,238.86279115607005,194.3845803876059,-234.3845803876059,234.3845803876059
2022,3554904,Três Fronteiras,6804,-13,-1.9106407995296883,5.584950029394474,7.495590828924162,0.0,10.051481416489377,5.840855955223995,5.410109664487869,-1.9106407995296883,8.14084061695969,3.930215155694307,3.49946886495818,38.0,-13.0,55.390279557793725,26.741183919344063,23.810386157175458,14.189613842824542,14.189613842824542
2022,3554953,Tuiuti,6778,66,9.737385659486574,6.0489820005901445,-3.688403658896429,0.0,-8.206361125535174,-6.935287355538089,-4.868249814537647,9.737385659486574,1.531024533951399,2.802098303948484,4.869135844948927,41.0,66.0,10.377284291122583,18.992622304162825,33.003002757063825,7.996997242936175,7.996997242936175
2022,3555000,Tupã,63928,472,7.383306219496934,2.518458265548742,-4.864847953948192,0.0,1.5346584715061067,2.548326857947856,1.4898385474107645,7.383306219496934,8.917964691003041,9.93163307744479,8.873144766907698,160.99999999999997,472.0,570.1076467664425,634.9094393748906,567.2423986588753,-406.24239865887535,406.24239865887535
2022,3555109,Tupi Paulista,15854,310,19.55342500315378,7.253689920524789,-12.299735082628992,0.0,-13.2204239242706,-13.585007675437922,-18.724172367681323,19.55342500315378,6.33300107888318,5.9684173277158585,0.8292526354724572,115.00000000000001,310.00000000000006,100.40339910461394,94.62328831360722,13.146971282780337,101.85302871721967,101.85302871721967
2022,3555208,Turiúba,1818,-17,-9.350935093509351,4.950495049504951,14.3014301430143,0.0,12.335623849288362,16.747910732542596,23.125598773537288,-9.350935093509351,2.984688755779011,7.396975639033245,13.774663680027937,9.000000000000002,-17.0,5.426164158006243,13.44770171176244,25.042338570290788,-16.042338570290788,16.042338570290788
2022,3555307,Turmalina,1669,-1,-0.5991611743559018,16.177351707609347,16.77651288196525,0.0,6.197922307805134,6.362971378241822,6.2827452104689785,-0.5991611743559018,5.598761133449233,5.76381020388592,5.683584036113077,27.0,-1.0,9.34433233172677,9.6197992302856,9.485901756272726,17.514098243727275,17.514098243727275
2022,3555356,Ubarana,5365,95,17.707362534948743,-6.710158434296365,-24.417520969245107,0.0,-12.462201508531567,-5.049672223500537,-8.44359015674118,17.707362534948743,5.2451610264171755,12.657690311448206,9.263772378207562,-36.0,95.0,28.140288906728145,67.90850852091963,49.700138809083576,-85.70013880908357,85.70013880908357
2022,3555406,Ubatuba,92981,977,10.507523042341983,7.37785138899345,-3.1296716533485327,0.0,0.41123825559060245,0.20918432779054874,-0.15802805701212377,10.507523042341983,10.918761297932585,10.716707370132532,10.349494985329859,685.9999999999999,976.9999999999999,1015.2373442430697,996.4501679822929,962.3063932309556,-276.3063932309557,276.3063932309557
2022,3555505,Ubirajara,5132,-175,-34.09976617303195,-8.768511301636789,25.331254871395164,0.0,57.515863849877604,53.77232397632516,48.117406661133494,-34.09976617303195,23.416097676845652,19.67255780329321,14.017640488101542,-45.0,-174.99999999999997,120.17141327757189,100.95956664650075,71.93853098493712,-116.93853098493712,116.93853098493712
2022,3555604,Uchoa,10394,99,9.524725803348083,-3.4635366557629403,-12.988262459111024,0.0,-1.2812688057019002,-1.6638748742172642,0.37994902387587115,9.524725803348083,8.243456997646183,7.8608509291308195,9.904674827223955,-36.0,98.99999999999997,85.68249203353442,81.70568455738574,102.94919015416579,-138.9491901541658,138.9491901541658
2022,3555703,União Paulista,1603,13,8.109794135995008,-7.485963817841547,-15.595757953836555,0.0,-5.752657350693757,0.4525980290801239,3.9204548106070516,8.109794135995008,2.3571367853012513,8.562392165075131,12.03024894660206,-12.0,12.999999999999998,3.7784902668379057,13.725514640615437,19.2844890614031,-31.2844890614031,31.2844890614031
2022,3555802,Urânia,8833,31,3.509566398732028,-4.415260953243519,-7.924827351975546,0.0,1.2044766764769348,2.4606124092482062,3.1885233707674425,3.509566398732028,4.714043075208963,5.9701788079802345,6.69808976949947,-39.0,31.0,41.63914248332077,52.73458941088941,59.164226933988814,-98.16422693398881,98.16422693398881
2022,3555901,Uru,1387,16,11.535688536409516,-2.1629416005767843,-13.6986301369863,0.0,1.6628471549608375,-4.6565435677873515,-4.917363230219629,11.535688536409516,13.198535691370354,6.879144968622165,6.618325306189887,-3.0,16.0,18.306369003930683,9.541374071478941,9.179617199685374,-12.179617199685374,12.179617199685374
2022,3556008,Urupês,13744,84,6.111757857974389,6.40279394644936,0.2910360884749705,0.0,3.2548785297211085,3.956863454250361,1.2078032880296508,6.111757857974389,9.366636387695497,10.06862131222475,7.31956114600404,88.0,84.0,128.7350505124869,138.38313131521696,100.60004839067953,-12.600048390679532,12.600048390679532
2022,3556107,Valentim Gentil,14098,-35,-2.482621648460775,23.6203716839268,26.102993332387573,0.0,15.084567815823211,14.28791868353248,9.950049912295754,-2.482621648460775,12.601946167362437,11.805297035071705,7.467428263834979,333.0,-35.0,177.66223706747562,166.4310776004409,105.27580366354553,227.72419633645447,227.72419633645447
2022,3556206,Valinhos,126373,1688,13.357283596970872,1.2898324800392489,-12.067451116931622,0.0,1.6432135939660653,4.190256775838233,-0.9981090119683457,13.357283596970872,15.000497190936937,17.547540372809106,12.359174585002526,163.0,1688.0,1895.6578315102736,2217.5353195330053,1561.8659698305241,-1398.8659698305241,1398.8659698305241
2022,3556305,Valparaíso,24241,135,5.569077183284518,22.93634751041624,17.36727032713172,0.0,0.4981652887661523,4.859157658420111,1.1113571872867827,5.569077183284518,6.067242472050671,10.42823484170463,6.680434370571301,556.0000000000001,135.0,147.0760247649803,252.79084079776192,161.9404095770189,394.0595904229812,394.0595904229812
2022,3556354,Vargem,10512,53,5.041856925418569,7.039573820395738,1.9977168949771693,0.0,-0.9750010452309872,0.38267307618319957,0.8025356081421632,5.041856925418569,4.066855880187582,5.424530001601768,5.844392533560732,74.0,52.99999999999999,42.75078901253186,57.02265937683779,61.43625431279041,12.56374568720959,12.56374568720959
2022,3556404,Vargem Grande do Sul,40133,548,13.6545984601201,2.1677920912964392,-11.48680636882366,0.0,-4.536922086074172,-1.512496924517985,-0.9551123376968648,13.6545984601201,9.117676374045928,12.142101535602116,12.699486122423236,87.0,548.0,365.9197059195852,487.29896092831973,509.6684765512117,-422.6684765512117,422.6684765512117
2022,3556453,Vargem Grande Paulista,50415,802,15.907963899633046,11.643360111078051,-4.264603788554995,0.0,-6.709713776468626,-3.1116904970867987,-1.598686713568053,15.907963899633046,9.19825012316442,12.796273402546248,14.309277186064993,587.0,802.0,463.7297799593343,645.1241235893691,721.4022093354666,-134.40220933546664,134.40220933546664
2022,3556503,Várzea Paulista,115771,803,6.936106624284147,3.688315726736402,-3.2477908975477447,0.0,-1.598953695850081,1.4142906043425187,0.9668519386493307,6.936106624284147,5.337152928434065,8.350397228626665,7.9029585629334775,427.0,803.0,617.8875316777402,966.7338375553377,914.9334157893716,-487.93341578937157,487.93341578937157
2022,3556602,Vera Cruz,10176,45,4.422169811320755,-1.0809748427672956,-5.50314465408805,0.0,-3.092068444381873,-0.638316567247686,0.6586707191716379,4.422169811320755,1.330101366938882,3.783853244073069,5.0808405304923925,-11.0,45.0,13.535111509970061,38.50449061168755,51.70263323829059,-62.70263323829059,62.70263323829059
2022,3556701,Vinhedo,76540,1687,22.0407629997387,1.058270185523909,-20.98249281421479,0.0,0.6145989487319226,3.5838493040936346,3.8401581118739814,22.0407629997387,22.655361948470624,25.624612303832336,25.880921111612682,80.99999999999999,1687.0,1734.0414035359415,1961.307825735327,1980.9257018828348,-1899.9257018828348,1899.9257018828348
2022,3556800,Viradouro,17414,28,1.6079016882967727,-16.8255426668198,-18.43344435511657,0.0,2.8529229661645417,6.692985558020088,6.421993022404439,1.6079016882967727,4.460824654461314,8.300887246316861,8.029894710701212,-293.0,28.0,77.68080053278932,144.55165050736184,139.8325864921509,-432.8325864921509,432.8325864921509
2022,3556909,Vista Alegre do Alto,8109,401,49.45122703169319,15.414971019854482,-34.0362560118387,0.0,-29.87357118538258,-23.192912322822277,-47.316414891652556,49.45122703169319,19.577655846310613,26.258314708870916,2.134812140040637,125.0,401.0000000000001,158.75521125773275,212.92867397423427,17.311191643589524,107.68880835641048,107.68880835641048
2022,3556958,Vitória Brasil,1794,-5,-2.787068004459309,5.574136008918618,8.361204013377927,0.0,5.099552051040002,6.925431447630542,5.69060002388173,-2.787068004459309,2.3124840465806926,4.138363443171233,2.9035320194224212,10.0,-5.0,4.148596379565762,7.424224017049192,5.208936442843824,4.791063557156176,4.791063557156176
2022,3557006,Votorantim,127923,1154,9.02105172642918,5.174988078766133,-3.846063647663047,0.0,0.3464564254195004,-0.2624407465994738,0.31879033583122823,9.02105172642918,9.36750815184868,8.758610979829706,9.339842062260407,662.0,1154.0,1198.3197453089388,1120.4277923727554,1194.780616130538,-532.780616130538,532.780616130538
2022,3557105,Votuporanga,96634,-506,-5.236252250760602,7.336962145828591,12.573214396589194,0.0,15.323479644667001,15.07600934723752,18.49693392122961,-5.236252250760602,10.0872273939064,9.839757096476918,13.260681670469006,709.0,-506.0,974.769131982751,950.8550872609504,1281.432712544102,-572.4327125441021,572.4327125441021
2022,3557154,Zacarias,2692,13,4.829123328380387,13.7444279346211,8.915304606240712,0.0,4.719621997613563,5.830313582643214,4.637701236027118,4.829123328380387,9.54874532599395,10.659436911023601,9.466824564407505,37.0,13.000000000000002,25.705222417575715,28.695204164475534,25.484691727385,11.515308272614998,11.515308272614998
2022,3557204,Chavantes,12211,75,6.142003111948243,126.11579723200391,119.97379412005569,0.0,4.760427264517254,5.607245504754917,2.582459302057276,6.142003111948243,10.902430376465498,11.74924861670316,8.724462414005519,1539.9999999999998,75.0,133.1295773270202,143.4700748585623,106.53441053742138,1433.4655894625785,1433.4655894625785
2022,3557303,Estiva Gerbi,11295,111,9.827357237715804,-1.5936254980079685,-11.420982735723772,0.0,-2.4165185832776723,-1.3259075651112504,0.6830812947022565,9.827357237715804,7.410838654438131,8.501449672604553,10.51043853241806,-18.000000000000004,111.0,83.70542260187868,96.02387405206842,118.715403223662,-136.715403223662,136.715403223662
