ano,codigo_ibge,municipio,populacao_2022,saldo_empregos,saldo_por_1000_hab,saldo_por_1000_proximo_ano,variacao_saldo_por_1000_proximo_ano,delta_baseline,delta_linear,delta_ridge,delta_random_forest,taxa_prevista_baseline,taxa_prevista_linear,taxa_prevista_ridge,taxa_prevista_random_forest,saldo_real_2023,saldo_previsto_baseline,saldo_previsto_linear,saldo_previsto_ridge,saldo_previsto_random_forest,erro_rf,erro_absoluto_rf
2022,3500105,Adamantina,34687,650,18.739008850578028,13.6074033499582,-5.131605500619829,0.0,-5.439799378889292,-5.271581240044222,-7.797040468605281,18.739008850578028,13.299209471688735,13.467427610533806,10.941968381972746,472.0000000000001,650.0,461.3096789444672,467.1446615265861,379.5440572654887,92.45594273451144,92.45594273451144
2022,3500204,Adolfo,4351,77,17.697081130774535,-10.34245001149161,-28.039531142266146,0.0,-8.482993631724703,-9.655056504115446,-6.889017199767409,17.697081130774535,9.214087499049832,8.042024626659089,10.808063931007126,-45.0,77.0,40.09049470836582,34.9908491505937,47.025886163812004,-92.025886163812,92.025886163812
2022,3500303,Aguaí,32072,382,11.910700922923422,8.512097779995011,-3.39860314292841,0.0,1.1712450251996973,1.9773061167151562,-0.22923652253894072,11.910700922923422,13.081945948123119,13.888007039638577,11.681464400384481,273.0,382.0,419.56417044820466,445.41616177528846,374.6479262491311,-101.6479262491311,101.6479262491311
2022,3500402,Águas da Prata,7369,9,1.2213326095806758,7.599402904057538,6.378070294476862,0.0,6.162142064180282,6.85077973526679,8.842415247498664,1.2213326095806758,7.383474673760958,8.072112344847465,10.06374785707934,55.99999999999999,9.0,54.40882487094449,59.48339586918097,74.15975795881766,-18.15975795881767,18.15975795881767
2022,3500501,Águas de Lindóia,17930,279,15.560513106525375,11.823759063022866,-3.7367540435025113,0.0,-2.975648810982061,-2.6252293572636685,-0.6973924595853704,15.560513106525375,12.584864295543314,12.935283749261707,14.863120646940004,212.0,279.0,225.6466168190916,231.9296376242624,266.49575319963424,-54.49575319963424,54.49575319963424
2022,3500550,Águas de Santa Bárbara,7177,-194,-27.03079281036645,1.8113417862616688,28.84213459662812,0.0,44.15711934606654,42.114850896135124,43.18610882708934,-27.03079281036645,17.126326535700088,15.084058085768675,16.155316016722892,12.999999999999996,-194.0,122.91564554671953,108.25828488156178,115.9467030520202,-102.9467030520202,102.9467030520202
2022,3500600,Águas de São Pedro,2780,74,26.61870503597122,16.906474820143885,-9.712230215827336,0.0,-16.342352063705878,-14.169795891373347,-17.281908356922074,26.61870503597122,10.276352972265343,12.448909144597874,9.336796679049147,47.0,74.0,28.568261262897654,34.60796742198209,25.95629476775663,21.04370523224337,21.04370523224337
2022,3500709,Agudos,37680,828,21.97452229299363,5.918259023354565,-16.056263269639064,0.0,-9.569825147596717,-9.377328538060368,-13.883422362363602,21.97452229299363,12.404697145396913,12.597193754933262,8.091099930630028,223.00000000000003,828.0,467.4089884385557,474.66226068588526,304.8726453861395,-81.87264538613945,81.87264538613945
2022,3500758,Alambari,6141,-8,-1.3027194268034523,10.74743527112848,12.050154697931934,0.0,6.7525813635556355,7.000814388978395,5.065970602170842,-1.3027194268034523,5.449861936752184,5.6980949621749435,3.76325117536739,66.0,-8.000000000000002,33.46760215359516,34.99200116271633,23.11012546793114,42.88987453206886,42.88987453206886
2022,3500808,Alfredo Marcondes,4445,-22,-4.949381327334083,4.949381327334083,9.898762654668166,0.0,10.842296683954455,10.8432713950363,11.298383684936962,-4.949381327334083,5.892915356620372,5.893890067702217,6.3490023576028785,22.0,-22.0,26.194008760177553,26.198341350936357,28.221315479544796,-6.221315479544796,6.221315479544796
2022,3500907,Altair,3451,24,6.954505940307158,16.5169516082295,9.562445667922344,0.0,-0.502136963830662,0.757303254736541,1.1768998164757858,6.954505940307158,6.452368976476496,7.711809195043699,8.131405756782943,57.00000000000001,24.0,22.26712533782039,26.613453532095807,28.061481266657935,28.93851873334207,28.93851873334207
2022,3501004,Altinópolis,16818,-39,-2.31894398858366,8.859555238435009,11.17849922701867,0.0,12.640577054416891,12.381831382840062,11.661241636625256,-2.31894398858366,10.32163306583323,10.062887394256402,9.342297648041596,148.99999999999997,-38.99999999999999,173.5892249011833,169.23764019660416,157.11876184476355,-8.118761844763583,8.118761844763583
2022,3501103,Alto Alegre,3841,29,7.550117156990368,23.952095808383238,16.401978651392866,0.0,0.16002266946243626,0.47085627615343406,0.14655022679967677,7.550117156990368,7.710139826452804,8.020973433143801,7.696667383790045,92.00000000000001,29.0,29.61464707340522,30.80855895670534,29.562899421137562,62.437100578862456,62.437100578862456
2022,3501152,Alumínio,17301,795,45.951101092422405,1.907404196289232,-44.04369689613317,0.0,-35.283601108245,-33.76677072256081,-41.89587063549105,45.951101092422405,10.667499984177404,12.184330369861598,4.055230456931355,33.00000000000001,795.0,184.55841722625325,210.80109972897552,70.15954213536936,-37.15954213536936,37.15954213536936
2022,3501202,Álvares Florence,3915,25,6.385696040868455,-3.5759897828863347,-9.96168582375479,0.0,-2.4029852262529503,-3.0638984188897567,-3.327441726128731,6.385696040868455,3.9827108146155044,3.321797621978698,3.058254314739724,-14.0,25.0,15.5923128392197,13.004837690046603,11.973065642206018,-25.973065642206016,25.973065642206016
2022,3501301,Álvares Machado,27255,250,9.1726288754357,5.356815263254449,-3.815813612181252,0.0,-3.6730744519195344,-4.323273775968655,-5.218629483450279,9.1726288754357,5.499554423516166,4.849355099467045,3.9539993919854215,146.0,250.0,149.89035581293308,132.16917323597434,107.76625342856266,38.23374657143734,38.23374657143734
2022,3501400,Álvaro de Carvalho,4808,-8,-1.663893510815308,-2.2878535773710484,-0.6239600665557405,0.0,2.3571287551727926,3.8622150967187485,4.027109300958884,-1.663893510815308,0.6932352443574847,2.1983215859034404,2.3632157901435757,-11.0,-8.0,3.3330750548707866,10.56953018502374,11.362341519010311,-22.36234151901031,22.36234151901031
2022,3501509,Alvinlândia,2885,5,1.7331022530329288,-1.7331022530329288,-3.466204506065857,0.0,0.8810316566915226,1.618872142039438,2.282086921962746,1.7331022530329288,2.614133909724451,3.351974395072367,4.015189174995675,-4.999999999999999,4.999999999999999,7.5417763295550415,9.670446129783778,11.583820769862523,-16.583820769862523,16.583820769862523
2022,3501608,Americana,237240,3418,14.407351205530263,1.5553869499241273,-12.851964255606138,0.0,3.34812652724714,3.3841053907012064,-0.9797265318047368,14.407351205530263,17.755477732777404,17.79145659623147,13.427624673725527,368.99999999999994,3417.9999999999995,4212.309537324111,4220.845162889954,3185.569677594644,-2816.569677594644,2816.569677594644
2022,3501707,Américo Brasiliense,33019,672,20.351918592325628,4.1188406674944735,-16.233077924831154,0.0,-5.531695106247944,-3.9539032256453535,5.2300754997056345,20.351918592325628,14.820223486077683,16.398015366680276,25.581994092031263,136.00000000000003,671.9999999999999,489.348959286799,541.446069392416,844.6918629247803,-708.6918629247803,708.6918629247803
2022,3501806,Américo de Campos,5870,-19,-3.2367972742759794,6.984667802385008,10.221465076660987,0.0,5.05560989464805,6.165581264512075,4.423405257702281,-3.2367972742759794,1.818812620372071,2.9287839902360955,1.1866079834263012,41.0,-19.0,10.676430081584057,17.19196202268588,6.965388862712388,34.03461113728761,34.03461113728761
2022,3501905,Amparo,68008,466,6.8521350429361245,4.117162686742736,-2.7349723561933885,0.0,8.120181684241036,8.365971663754149,9.201944047625966,6.8521350429361245,14.97231672717716,15.218106706690273,16.05407909056209,280.0,465.99999999999994,1018.2373159818643,1034.9530009085922,1091.8058107909467,-811.8058107909467,811.8058107909467
2022,3502002,Analândia,4589,-432,-94.13815646110264,15.253867945086077,109.39202440618872,0.0,107.64814222853941,106.5029509078816,99.38059932710875,-94.13815646110264,13.509985767436774,12.364794446778959,5.242442866006115,70.0,-432.0,61.99732468676736,56.742041716268645,24.05757031210206,45.94242968789794,45.94242968789794
2022,3502101,Andradina,59783,538,8.999213823327702,16.258802669655253,7.259588846327551,0.0,6.027906887114829,5.511996991228369,1.0187585506300278,8.999213823327702,15.027120710442532,14.51121081455607,10.017972373957729,972.0,538.0,898.3663574323859,867.5237161266057,598.904442432315,373.095557567685,373.095557567685
2022,3502200,Angatuba,24022,285,11.864124552493548,-11.322953958871034,-23.187078511364582,0.0,-3.8343008728055943,-3.3456704514387297,-2.510293179586268,11.864124552493548,8.029823679687954,8.518454101054818,9.35383137290728,-272.0,285.0,192.89242443346404,204.63030441553886,224.6977372399787,-496.69773723997866,496.69773723997866
2022,3502309,Anhembi,5674,33,5.816002819880155,5.9922453295734925,0.1762425096933375,0.0,-0.12940417889479094,0.977493338635381,1.263784562458469,5.816002819880155,5.686598640985364,6.793496158515536,7.079787382338624,34.0,33.0,32.26576068895096,38.546297203417154,40.17071360738936,-6.170713607389359,6.170713607389359
2022,3502408,Anhumas,4023,8,1.9885657469550089,-1.2428535918468804,-3.231419338801889,0.0,0.5202919909757231,0.703442003401729,1.9353462180031706,1.9885657469550089,2.508857737930732,2.692007750356738,3.9239119649581795,-5.0,8.000000000000002,10.093134679695336,10.829947179685156,15.785897835026756,-20.785897835026756,20.785897835026756
2022,3502507,Aparecida,32569,951,29.199545580152904,24.83957137154963,-4.359974208603273,0.0,-16.81195492729247,-15.839691333463161,-25.0470796491595,29.199545580152904,12.387590652860435,13.359854246689743,4.152465930993404,809.0,950.9999999999999,403.4514399730115,435.11709296043824,135.2416629065242,673.7583370934758,673.7583370934758
2022,3502606,Aparecida d'Oeste,4086,76,18.60009789525208,13.705335291238374,-4.894762604013707,0.0,-12.152530810085263,-12.10594312287719,-14.03373358561349,18.60009789525208,6.447567085166817,6.494154772374891,4.56636430963859,55.99999999999999,76.0,26.344759109991614,26.535116399923805,18.65816456918328,37.341835430816715,37.341835430816715
2022,3502705,Apiaí,24585,185,7.524913565182021,1.0575554199715274,-6.467358145210493,0.0,5.053940305077734,4.733518223118219,6.8743955917037765,7.524913565182021,12.578853870259755,12.25843178830024,14.399309156885797,26.0,184.99999999999997,309.2511224003361,301.37354551536134,354.00701562203733,-328.00701562203733,328.00701562203733
2022,3502754,Araçariguama,21522,698,32.43193011801878,-16.401821392063933,-48.83375151008271,0.0,-5.599212713003986,-4.913343366705519,-1.1468443283463172,32.43193011801878,26.83271740501479,27.518586751313258,31.285085789672458,-353.0,698.0000000000001,577.4937439907283,592.255024061764,673.3176163653307,-1026.3176163653307,1026.3176163653307
2022,3502804,Araçatuba,200124,2041,10.19867682037137,10.563450660590432,0.3647738402190636,0.0,2.2081456411923144,2.1187220966986544,-0.34440318673681286,10.19867682037137,12.406822461563685,12.317398917070024,9.854273633634557,2113.9999999999995,2041.0,2482.9029382979706,2465.007140879721,1972.0766566574823,141.92334334251723,141.92334334251723
2022,3502903,Araçoiaba da Serra,32443,530,16.33634374133095,11.404617328853682,-4.931726412477268,0.0,-6.188012829669932,-5.640739924813385,-7.550673939985769,16.33634374133095,10.148330911661017,10.695603816517565,8.78566980134518,370.0,530.0,329.2422997670184,346.9974746192794,285.0334853650417,84.96651463495829,84.96651463495829
2022,3503000,Aramina,5420,3,0.5535055350553505,8.487084870848708,7.933579335793357,0.0,5.675852338860776,6.076645100029982,5.008800796138236,0.5535055350553505,6.229357873916126,6.630150635085332,5.562306331193587,46.0,2.9999999999999996,33.76311967662541,35.935416442162506,30.14770031506924,15.85229968493076,15.85229968493076
2022,3503109,Arandu,6885,75,10.893246187363834,-22.65795206971677,-33.55119825708061,0.0,-1.3545682106525638,-1.6186917691879354,0.9268699500863768,10.893246187363834,9.53867797671127,9.2745544181759,11.820116137450212,-155.99999999999997,75.0,65.6737978696571,63.855307169141064,81.3814996063447,-237.38149960634468,237.38149960634468
2022,3503158,Arapeí,2330,14,6.008583690987125,6.437768240343348,0.4291845493562229,0.0,-4.368087416121244,-4.620183001521632,-2.549754374864448,6.008583690987125,1.640496274865881,1.3884006894654934,3.458829316122677,15.000000000000002,14.000000000000002,3.8223563204375024,3.2349736064545995,8.059072306565838,6.940927693434164,6.940927693434164
2022,3503208,Araraquara,242228,1743,7.1956999190845,1.188962465115511,-6.006737453968988,0.0,9.071158866164332,8.739841218452437,6.43598637719821,7.1956999190845,16.266858785248832,15.935541137536937,13.63168629628271,288.0,1743.0000000000005,3940.288669833254,3860.0342586632974,3301.9761081759684,-3013.9761081759684,3013.9761081759684
2022,3503307,Araras,130866,1464,11.187015726009813,2.2236486176699835,-8.963367108339828,0.0,1.9955690804592479,2.2101084531019115,-0.40304439919690827,11.187015726009813,13.18258480646906,13.397124179111724,10.783971326812905,291.00000000000006,1464.0000000000002,1725.1521432833802,1753.228052823635,1411.2551916546975,-1120.2551916546975,1120.2551916546975
2022,3503356,Arco-Íris,2044,18,8.806262230919765,-18.101761252446185,-26.90802348336595,0.0,-4.9053909071534125,-5.910347384430206,-7.718138489885268,8.806262230919765,3.900871323766353,2.8959148464895597,1.0881237410344973,-37.0,18.0,7.973380985778426,5.919249946224659,2.2241249266745124,-39.22412492667451,39.22412492667451
2022,3503406,Arealva,8130,-116,-14.268142681426813,-9.84009840098401,4.428044280442803,0.0,23.56870390778861,23.827340526491472,27.220445034312753,-14.268142681426813,9.300561226361797,9.55919784506466,12.95230235288594,-80.0,-115.99999999999999,75.61356277032141,77.71627848037568,105.30221812896269,-185.3022181289627,185.3022181289627
2022,3503505,Areias,3577,80,22.365110427732738,62.063181436958345,39.69807100922561,0.0,-15.505279896533686,-14.933872629674255,-20.309052691156065,22.365110427732738,6.8598305311990515,7.431237798058483,2.0560577365766726,222.0,80.0,24.537613810099007,26.581537603655192,7.3545185237347575,214.64548147626525,214.64548147626525
2022,3503604,Areiópolis,10130,127,12.537018756169791,11.846001974333662,-0.6910167818361295,0.0,-5.683324398249643,-5.128025032026455,-3.647710524562517,12.537018756169791,6.853694357920149,7.408993724143336,8.889308231607274,120.0,126.99999999999999,69.4279238457311,75.053106425572,90.04869238618167,29.95130761381833,29.95130761381833
2022,3503703,Ariranha,7602,-406,-53.40699815837937,9.997369113391212,63.40436727177058,0.0,59.47832584261677,61.62930110895624,94.35720159466715,-53.40699815837937,6.071327684237396,8.222302950576868,40.95020343628777,76.0,-406.0,46.15423305557268,62.50594703028535,311.3034465226596,-235.3034465226596,235.3034465226596
2022,3503802,Artur Nogueira,51456,172,3.3426616915422884,5.402674129353233,2.060012437810945,0.0,6.453177448067615,6.962380511077279,12.221995798951621,3.3426616915422884,9.795839139609903,10.305042202619568,15.564657490493909,277.99999999999994,172.0,504.05469876776715,530.2562515779924,800.8950158308545,-522.8950158308546,522.8950158308546
2022,3503901,Arujá,86678,1293,14.917280047993724,13.094441496112047,-1.8228385518816757,0.0,-0.18834296967518482,0.19241070566276441,1.0570550375128043,14.917280047993724,14.72893707831854,15.109690753656489,15.974335085506528,1135.0,1293.0,1276.6748080744944,1309.6777751454372,1384.6234165415349,-249.62341654153488,249.62341654153488
2022,3503950,Aspásia,1842,1,0.5428881650380022,2.1715526601520088,1.6286644951140066,0.0,1.8949759652298757,1.976872317286257,3.7220660667922645,0.5428881650380022,2.4378641302678776,2.5197604823242594,4.2649542318302665,4.0,1.0,4.49054572795343,4.641398808441286,7.856045695031351,-3.8560456950313506,3.8560456950313506
2022,3504008,Assis,101409,784,7.731069234486092,7.38593221508939,-0.3451370193967014,0.0,4.077272752320369,4.191052696676517,1.6660742142130984,7.731069234486092,11.808341986806461,11.922121931162609,9.39714344869919,749.0,784.0000000000001,1197.4721525400564,1209.010462917269,952.9549199891362,-203.95491998913622,203.95491998913622
2022,3504107,Atibaia,158647,2401,15.134228822480097,7.872824572793686,-7.261404249686411,0.0,0.2917415452819003,-0.22606333053868566,-1.9923405431482153,15.134228822480097,15.425970367761996,14.90816549194141,13.141888279331882,1248.9999999999998,2401.0,2447.283920934338,2365.135730800029,2084.921149851165,-835.9211498511652,835.9211498511652
2022,3504206,Auriflama,13692,-125,-9.129418638621091,-0.0730353491089687,9.056383289512125,0.0,16.667678857554858,17.377412388716312,27.480858769487234,-9.129418638621091,7.538260218933766,8.24799375009522,18.351440130866145,-0.9999999999999993,-124.99999999999999,103.21385891764113,112.93153042630377,251.26791827181924,-252.26791827181924,252.26791827181924
2022,3504305,Avaí,4483,166,37.02877537363373,13.160829801472229,-23.867945572161503,0.0,-13.465227525846736,-12.027344732807979,-21.15462581170631,37.02877537363373,23.563547847786992,25.00143064082575,15.874149561927418,59.0,166.0,105.63538500162907,112.08141356282184,71.16381248612062,-12.16381248612062,12.16381248612062
2022,3504404,Avanhandava,11263,10,0.8878629139660836,17.31332682233863,16.425463908372546,0.0,7.366757914415298,8.73774605606808,8.858900480175603,0.8878629139660836,8.254620828381382,9.625608970034163,9.746763394141686,195.0,10.0,92.97179439005951,108.41323382949479,109.77779610821781,85.22220389178219,85.22220389178219
2022,3504503,Avaré,92805,1086,11.701955713593016,8.512472388341147,-3.189483325251871,0.0,1.8664525797646832,1.7094965892073355,-1.2154454897754425,11.701955713593016,13.568408293357699,13.41145230280035,10.486510223817573,790.0000000000001,1085.9999999999998,1259.2161316650613,1244.6498309613864,973.2005813213899,-183.2005813213898,183.2005813213898
2022,3504602,Bady Bassitt,27260,697,25.568598679383715,17.93837123991196,-7.630227439471756,0.0,-10.38184069697542,-12.340837011573282,-18.925441521838515,25.568598679383715,15.186757982408295,13.227761667810434,6.6431571575452,489.0,697.0000000000001,413.99102260045015,360.5887830645124,181.09246411468217,307.9075358853178,307.9075358853178
2022,3504701,Balbinos,3887,-14,-3.601749421147414,1.800874710573707,5.402624131721121,0.0,0.18271176631488073,5.293329758403519,7.20955176323866,-3.601749421147414,-3.4190376548325334,1.6915803372561045,3.607802342091246,6.999999999999999,-13.999999999999998,-13.289799364334058,6.575172770914478,14.023527703708673,-7.023527703708674,7.023527703708674
2022,3504800,Bálsamo,9596,-634,-66.06919549812422,5.002084201750729,71.07127969987495,0.0,77.52588651540066,76.3392699488165,98.75991804997241,-66.06919549812422,11.456691017276441,10.270074450692277,32.6907225518482,47.99999999999999,-634.0,109.93840700178473,98.5516344288431,313.7001736075353,-265.7001736075353,265.7001736075353
2022,3504909,Bananal,9969,68,6.821145551208747,2.4074631357207346,-4.413682415488012,0.0,-2.5616116331689422,-2.089841984114473,-0.10003344842806508,6.821145551208747,4.259533918039804,4.731303567094274,6.7211121027806815,24.000000000000004,68.0,42.46329362893881,47.166365260362824,67.00276655262061,-43.00276655262061,43.00276655262061
2022,3505005,Barão de Antonina,3531,30,8.496176720475786,-10.195412064570943,-18.69158878504673,0.0,-1.1739159622682116,-1.2219460467474113,0.5281759272550625,8.496176720475786,7.322260758207574,7.274230673728375,9.024352647730849,-36.0,30.0,25.854902737230944,25.685308508934888,31.86498919913763,-67.86498919913763,67.86498919913763
2022,3505104,Barbosa,5640,1,0.1773049645390071,-3.368794326241135,-3.546099290780142,0.0,8.061632586726084,9.925801988892665,9.544511614642943,0.1773049645390071,8.23893755126509,10.103106953431672,9.721816579181949,-19.0,1.0,46.46760778913511,56.981523217354635,54.83104550658619,-73.8310455065862,73.8310455065862
2022,3505203,Bariri,31595,1827,57.82560531729704,-25.35211267605634,-83.17771799335338,0.0,-43.33500698125775,-41.19753434314381,-53.89378854595425,57.82560531729704,14.490598336039291,16.628070974153232,3.9318167713427883,-801.0,1827.0,457.8304544271614,525.3639024283714,124.2257508905754,-925.2257508905755,925.2257508905755
2022,3505302,Barra Bonita,34346,609,17.731322424736504,9.200489139928958,-8.530833284807546,0.0,-4.641928986745568,-4.27069870366795,-3.636360168331163,17.731322424736504,13.089393437990935,13.460623721068554,14.094962256405342,316.0,609.0,449.5683070212367,462.3185823238206,484.10557365849786,-168.10557365849786,168.10557365849786
2022,3505351,Barra do Chapéu,5179,40,7.723498744931454,-16.605522301602626,-24.32902104653408,0.0,0.061837887089885024,0.7713482276634545,1.3159449327739494,7.723498744931454,7.785336632021338,8.494846972594909,9.039443677705403,-86.0,40.0,40.32025841723851,43.99481247106903,46.81527880683629,-132.8152788068363,132.8152788068363
2022,3505401,Barra do Turvo,6876,59,8.580570098894706,-3.0541012216404884,-11.634671320535194,0.0,-5.570628757899196,-5.279493312935743,-6.754024507174655,8.580570098894706,3.0099413409955096,3.301076785958963,1.8265455917200502,-20.999999999999996,58.99999999999999,20.696356660685122,22.698203980253826,12.559327488667064,-33.55932748866706,33.55932748866706
2022,3505500,Barretos,122485,2081,16.98983549006001,5.3231007878515735,-11.666734702208435,0.0,-4.953316102556218,-4.825025701307477,-4.976919861415055,16.98983549006001,12.036519387503791,12.164809788752532,12.012915628644954,652.0,2081.0000000000005,1474.293077178402,1490.006726975354,1471.4019707745772,-819.4019707745772,819.4019707745772
2022,3505609,Barrinha,32092,463,14.42727159416677,10.8438240059828,-3.5834475881839705,0.0,-1.891430079856745,-1.6241758037018315,-3.7641424514859314,14.42727159416677,12.535841514310025,12.803095790464939,10.66312914268084,348.0,463.0,402.3002258772373,410.8769501076008,342.2011404469135,5.7988595530865155,5.7988595530865155
2022,3505708,Barueri,316473,16492,52.11187052291981,12.904734369124697,-39.20713615379511,0.0,13.906329095096055,12.395109254056706,-18.284533080722603,52.11187052291981,66.01819961801587,64.50697977697652,33.827337442197205,4084.0,16492.0,20892.977687712337,20414.717410959092,10705.438962344477,-6621.438962344477,6621.438962344477
2022,3505807,Bastos,21503,59,2.743803190252523,0.74408222108543,-1.9997209691670927,0.0,8.54074443929288,8.263340204872105,6.187564299557154,2.743803190252523,11.284547629545402,11.007143395124627,8.931367489809677,16.000000000000004,59.0,242.65162767811478,236.68660442536486,192.0511951333775,-176.0511951333775,176.0511951333775
2022,3505906,Batatais,58402,502,8.595596041231465,8.920927365501182,0.3253313242697171,0.0,3.9877472331985944,4.35287209292093,1.2336124104535555,8.595596041231465,12.58334327443006,12.948468134152396,9.82920845168502,521.0000000000001,502.0,734.8924139132644,756.2164359707682,574.0454319953085,-53.04543199530838,53.04543199530838
2022,3506003,Bauru,379146,5721,15.089174091247171,11.146102029297422,-3.943072061949749,0.0,3.219767815564773,3.0973374272227057,-5.324234051446478,15.089174091247171,18.308941906811945,18.186511518469878,9.764940039800694,4226.0,5721.0,6941.762088200122,6895.34309618178,3702.3379563302738,523.6620436697262,523.6620436697262
2022,3506102,Bebedouro,76373,745,9.754756262029774,3.417438099852042,-6.337318162177732,0.0,14.015990733969836,13.557227528964898,8.360100611355039,9.754756262029774,23.77074699599961,23.311983790994674,18.114856873384813,261.0,745.0,1815.4432603254781,1780.4061380696362,1383.4859639910183,-1122.4859639910183,1122.4859639910183
2022,3506201,Bento de Abreu,2606,54,20.72141212586339,62.93169608595549,42.2102839600921,0.0,-8.529180478590156,-7.391348837092865,-5.910998727933103,20.72141212586339,12.192231647273235,13.330063288770527,14.810413397930288,164.0,54.0,31.77295567279405,34.738144930535995,38.59593731500633,125.40406268499368,125.40406268499368
2022,3506300,Bernardino de Campos,11607,662,57.03454811751529,65.65003876970793,8.61549065219264,0.0,-45.126661515658796,-44.05608562527587,-53.25475171294895,57.03454811751529,11.907886601856497,12.978462492239423,3.7797964045663406,762.0,662.0,138.21483978774836,150.64101414742296,43.87209686780151,718.1279031321985,718.1279031321985
2022,3506359,Bertioga,64188,427,6.652333769551941,9.191749236617436,2.539415467065496,0.0,4.1183501721020574,4.158170007558826,3.643184898279815,6.652333769551941,10.770683941654,10.810503777110767,10.295518667831756,590.0,427.0,691.3486608468869,693.904616445186,660.8487522507847,-70.84875225078474,70.84875225078474
2022,3506409,Bilac,7319,160,21.860909960377104,3.689028555813636,-18.171881404563468,0.0,-13.54493989250998,-12.793426427803372,-19.377335337224157,21.860909960377104,8.315970067867124,9.067483532573732,2.483574623152947,27.0,160.00000000000003,60.86458492671948,66.36491197490714,18.17728266685642,8.82271733314358,8.82271733314358
2022,3506508,Birigui,118979,1867,15.691844779330804,0.6976020978492002,-14.994242681481603,0.0,-2.531889007257627,-2.166582205648579,-3.857882732609415,15.691844779330804,13.159955772073177,13.525262573682225,11.833962046721389,83.0,1866.9999999999998,1565.7583778054945,1609.2222157541373,1407.9929703568641,-1324.9929703568641,1324.9929703568641
2022,3506607,Biritiba Mirim,29683,124,4.177475322575211,1.6507765387595594,-2.526698783815652,0.0,1.2294442383824618,1.8244988961568471,1.2791787076314483,4.177475322575211,5.4069195609576735,6.001974218732059,5.45665403020666,49.0,124.0,160.4935933279066,178.1566007346237,161.9698615786243,-112.96986157862429,112.96986157862429
2022,3506706,Boa Esperança do Sul,12978,56,4.314994606256742,11.172753891200491,6.857759284943751,0.0,4.5648385993169365,5.4158660857138505,8.478701811289314,4.314994606256742,8.879833205573679,9.730860691970593,12.793696417546055,144.99999999999997,56.0,115.2424753419352,126.28711006039435,166.03659210691268,-21.036592106912707,21.036592106912707
2022,3506805,Bocaina,11259,264,23.447908339994672,5.95079491961986,-17.497113420374813,0.0,-10.287073386858925,-9.42575290328423,-20.724924620499337,23.447908339994672,13.160834953135748,14.022155436710442,2.7229837194953355,67.00000000000001,264.0,148.17784073735538,157.87544806192287,30.658073697797985,36.341926302202026,36.341926302202026
2022,3506904,Bofete,10460,-74,-7.074569789674952,13.0019120458891,20.076481835564053,0.0,17.416883660891127,18.036028930536276,28.00429721502554,-7.074569789674952,10.342313871216174,10.961459140861322,20.92972742535059,135.99999999999997,-74.0,108.18060309292117,114.65686261340944,218.92494886916717,-82.9249488691672,82.9249488691672
2022,3507001,Boituva,61081,1154,18.892945433113407,1.2606211424174456,-17.632324290695962,0.0,-1.9800189382589628,-1.7589783054431822,-4.44736077474657,18.892945433113407,16.912926494854446,17.133967127670225,14.445584658366837,77.0,1154.0,1033.0584632322045,1046.559846125225,882.3507565177048,-805.3507565177048,805.3507565177048
2022,3507100,Bom Jesus dos Perdões,22006,130,5.907479778242298,16.540943379078435,10.633463600836135,0.0,4.075249762448694,5.374235502163084,2.1374703171509006,5.907479778242298,9.982729540690991,11.281715280405383,8.044950095393197,364.00000000000006,130.0,219.67994627244596,248.26542646060085,177.0371717992227,186.96282820077735,186.96282820077735
2022,3507159,Bom Sucesso de Itararé,3555,24,6.751054852320675,1.6877637130801688,-5.063291139240507,0.0,-0.32038938531786987,0.36240486866235533,0.850004808584764,6.751054852320675,6.430665467002806,7.11345972098303,7.601059660905439,6.0,24.0,22.861015735194975,25.288349308094674,27.021767094518836,-21.021767094518836,21.021767094518836
2022,3507209,Borá,907,129,142.2271223814774,54.02425578831312,-88.20286659316426,0.0,-78.75257924584783,-75.68306488070665,-54.16980829366334,142.2271223814774,63.47454313562956,66.54405750077073,88.05731408781405,49.0,128.99999999999997,57.57141062401601,60.355460153199054,79.86798387764735,-30.867983877647347,30.867983877647347
2022,3507308,Boracéia,4715,186,39.44856839872747,39.23647932131495,-0.2120890774125143,0.0,-22.442297601008665,-21.517351048453357,-26.326165213347554,39.44856839872747,17.006270797718802,17.93121735027411,13.122403185379913,185.0,186.0,80.18456681124415,84.54568980654243,61.87213101906629,123.12786898093371,123.12786898093371
2022,3507407,Borborema,14226,-27,-1.8979333614508644,11.739069309714608,13.637002671165472,0.0,10.040391375482162,10.793814225780263,8.827860281678046,-1.8979333614508644,8.142458014031298,8.8958808643294,6.929926920227182,167.00000000000003,-26.999999999999996,115.83460770760925,126.55280117595004,98.58514036715188,68.41485963284815,68.41485963284815
2022,3507456,Borebi,2713,93,34.27939550313306,-2.21157390342794,-36.490969406561,0.0,-24.707329141075455,-24.108701191619986,-25.36382618880632,34.27939550313306,9.572066362057605,10.170694311513074,8.915569314326738,-6.000000000000001,92.99999999999999,25.969016040262282,27.59309366713497,24.18793954976844,-30.18793954976844,30.18793954976844
2022,3507506,Botucatu,145155,1743,12.007853673659191,11.842513175570945,-0.1653404980882484,0.0,2.712974037450479,2.7906877749529264,-1.9421274806285176,12.007853673659191,14.72082771110967,14.798541448612118,10.065726193030674,1719.0000000000005,1743.0,2136.8017464061245,2148.082283973292,1461.0904855493675,257.90951445063297,257.90951445063297
2022,3507605,Bragança Paulista,176811,2249,12.719796845218903,6.713383217107533,-6.006413628111372,0.0,2.9080593365243304,2.6536472176953305,-2.4055957816170426,12.719796845218903,15.627856181743233,15.373444062914235,10.31420106360186,1187.0,2248.9999999999995,2763.1768793502024,2718.194018207929,1823.6642042565086,-636.6642042565086,636.6642042565086
2022,3507704,Braúna,5356,2,0.3734129947722181,0.5601194921583271,0.186706497386109,0.0,3.8973548765309314,4.454782442985161,4.584050758364549,0.3734129947722181,4.27076787130315,4.82819543775738,4.957463753136768,3.0,2.0000000000000004,22.87423271869967,25.859814764628524,26.552175861800528,-23.552175861800528,23.552175861800528
2022,3507753,Brejo Alegre,2565,-1,-0.3898635477582846,16.764132553606238,17.153996101364523,0.0,2.0761784389579123,3.2079464416037595,3.806582566790132,-0.3898635477582846,1.6863148911996277,2.818082893845475,3.4167190190318473,43.0,-1.0,4.325397695927045,7.228382622713643,8.763884283816687,34.23611571618331,34.23611571618331
2022,3507803,Brodowski,25201,61,2.420538867505257,5.753739930955121,3.333201063449864,0.0,8.626400305368616,8.554803240590093,5.977968176705174,2.420538867505257,11.046939172873874,10.97534210809535,8.398507044210431,145.0,60.999999999999986,278.3939140955945,276.58959646611095,211.6507760211471,-66.6507760211471,66.6507760211471
2022,3507902,Brotas,23898,298,12.46966273328312,3.807850029291154,-8.661812703991965,0.0,0.8332339273099532,1.0347229096505899,-0.7968097989806915,12.46966273328312,13.302896660593072,13.504385642933709,11.672852934302428,91.0,298.0,317.91262439485325,322.7278080948298,278.95783942395946,-187.95783942395946,187.95783942395946
2022,3508009,Buri,20250,301,14.864197530864198,-15.506172839506172,-30.37037037037037,0.0,0.16042181803776856,0.04776933194390631,-4.882445606047146,14.864197530864198,15.024619348901966,14.911966862808104,9.98175192481705,-314.0,301.0,304.2485418152648,301.96732897186405,202.13047647754527,-516.1304764775452,516.1304764775452
2022,3508108,Buritama,17210,233,13.538640325392214,36.02556653108658,22.486926205694367,0.0,-8.210373101038051,-8.147791780596553,-7.047966447447332,13.538640325392214,5.328267224354162,5.390848544795661,6.490673877944881,620.0000000000001,233.0,91.69947893113513,92.77650345593332,111.7044974394314,508.2955025605687,508.2955025605687
2022,3508207,Buritizal,4356,-13,-2.9843893480257115,13.544536271808996,16.52892561983471,0.0,21.95071349004831,21.46782619979737,10.029035184008611,-2.9843893480257115,18.9663241420226,18.483436851771657,7.0446458359829,58.999999999999986,-13.0,82.61730796265044,80.51385092631733,30.686477261541512,28.313522738458474,28.313522738458474
2022,3508306,Cabrália Paulista,4299,-19,-4.419632472668062,12.32844847638986,16.748080949057922,0.0,15.959728243127412,15.587525465288131,10.550623521419409,-4.419632472668062,11.540095770459349,11.167892992620068,6.130991048751347,53.000000000000014,-19.0,49.61087171720474,48.01077197527368,26.35713051858204,26.642869481417975,26.642869481417975
2022,3508405,Cabreúva,47011,1161,24.69634766331284,29.69517772436238,4.998830061049539,0.0,-7.751515211084471,-7.00891300355603,-8.274339552946605,24.69634766331284,16.94483245222837,17.68743465975681,16.422008110366235,1396.0,1160.9999999999998,796.5935184117078,831.5039907898274,772.0150232764271,623.9849767235729,623.9849767235729
2022,3508504,Caçapava,96202,-61,-0.6340824515082847,-10.924928795659136,-10.29084634415085,0.0,10.027326375447327,9.937750868878844,6.533744315111958,-0.6340824515082847,9.393243923939043,9.30366841737056,5.899661863603674,-1051.0000000000002,-61.0,903.6488519707838,895.0315090878826,567.5592706024006,-1618.5592706024008,1618.5592706024008
2022,3508603,Cachoeira Paulista,31564,176,5.575972627043467,3.104802940058294,-2.471169686985173,0.0,-1.2827693497039345,-0.9739563215628708,0.12417236355049599,5.575972627043467,4.293203277339533,4.602016305480596,5.700144990593963,98.0,176.0,135.510668245945,145.25804266618954,179.91937648310787,-81.91937648310787,81.91937648310787
2022,3508702,Caconde,17101,77,4.502660663119116,3.3331384129583066,-1.1695222501608091,0.0,1.290273478062149,1.812889119366048,2.324298037963388,4.502660663119116,5.792934141181265,6.315549782485164,6.8269587010825035,57.0,77.0,99.06496674834081,108.0022168302788,116.74782074721189,-59.74782074721189,59.74782074721189
2022,3508801,Cafelândia,16654,254,15.251591209319082,6.665065449741804,-8.586525759577277,0.0,-4.001315592844073,-3.517094137730633,-0.5675781085709454,15.251591209319082,11.250275616475008,11.73449707158845,14.684013100748137,111.0,254.0,187.36209011677477,195.42631423023406,244.54755417985947,-133.54755417985947,133.54755417985947
2022,3508900,Caiabu,3712,23,6.196120689655173,2.963362068965517,-3.232758620689656,0.0,-3.703529587972894,-3.3359997973811026,-4.230383745735151,6.196120689655173,2.4925911016822786,2.86012089227407,1.9657369439200219,10.999999999999998,23.0,9.252498169444618,10.616768752121349,7.296815535831121,3.703184464168877,3.703184464168877
2022,3509007,Caieiras,95032,535,5.629682633218285,1.6099840053876588,-4.019698627830626,0.0,4.518053330006517,5.016477437975945,1.2256891180070655,5.629682633218285,10.147735963224802,10.646160071194231,6.85537175122535,153.0,535.0,964.3596440571794,1011.7258838857301,651.4796882624474,-498.47968826244744,498.47968826244744
2022,3509106,Caiuá,5466,20,3.658982802780827,1.8294914013904136,-1.8294914013904136,0.0,-0.9406568345718993,-0.5493998514388527,0.9247521668049594,3.658982802780827,2.718325968208928,3.1095829513419746,4.5837349695857865,10.0,20.0,14.85836974223,16.996980412035235,25.05469534375591,-15.05469534375591,15.05469534375591
2022,3509205,Cajamar,92689,-543,-5.858300337688399,25.77436373248174,31.632664070170136,0.0,40.07389615052603,37.751038456263565,23.224905314164495,-5.858300337688399,34.215595812837634,31.892738118575167,17.366604976476097,2389.0,-543.0,3171.4093602961075,2956.106003472614,1609.6932486645928,779.3067513354072,779.3067513354072
2022,3509254,Cajati,28515,-323,-11.327371558828688,7.680168332456602,19.00753989128529,0.0,24.26084114509238,23.817201692148938,30.43874863389202,-11.327371558828688,12.933469586263694,12.48983013332025,19.11137707506333,219.0,-323.0,368.79788525230924,356.14750625162696,544.9609172954309,-325.96091729543093,325.96091729543093
2022,3509304,Cajobi,9133,103,11.277783860724844,9.52589510566079,-1.7518887550640532,0.0,-5.758924799178647,-4.8799278145745735,-3.479211866301922,11.277783860724844,5.5188590615461965,6.39785604615027,7.798571994422922,87.0,103.0,50.40373980910141,58.43161926949042,71.22435802506455,15.775641974935454,15.775641974935454
2022,3509403,Cajuru,23830,124,5.203524968527067,8.182962652119178,2.979437683592111,0.0,5.41733343056871,5.940588840247621,8.563286329121132,5.203524968527067,10.620858399095777,11.144113808774687,13.7668112976482,195.0,124.00000000000001,253.09505565045237,265.5642320631008,328.0631132229566,-133.0631132229566,133.0631132229566
2022,3509452,Campina do Monte Alegre,5954,44,7.389989922741014,5.0386294927779645,-2.3513604299630497,0.0,-3.202012521517701,-3.2878955253749904,-3.70325052929214,7.389989922741014,4.187977401223313,4.102094397366024,3.686739393448874,30.0,44.0,24.935217446883605,24.423870041917304,21.9508463485946,8.049153651405401,8.049153651405401
2022,3509502,Campinas,1139047,14996,13.16539177048884,11.56141932685833,-1.603972443630509,0.0,5.511028793439361,5.711215477073177,-0.7169784989906094,13.16539177048884,18.6764205639282,18.876607247562017,12.44841327149823,13169.0,14996.000000000002,21273.320814080726,21501.342855513773,14179.327791660246,-1010.3277916602456,1010.3277916602456
2022,3509601,Campo Limpo Paulista,77632,121,1.5586356141797195,2.035243198680956,0.4766075845012363,0.0,4.055766278761019,4.804881729745421,8.88382287673677,1.5586356141797195,5.614401892940738,6.363517343925141,10.44245849091649,157.99999999999997,120.99999999999999,435.8572477527754,494.01257844359657,810.668937566829,-652.668937566829,652.668937566829
2022,3509700,Campos do Jordão,46974,901,19.180823434240217,7.2593349512496275,-11.92148848299059,0.0,-5.186686367839774,-4.4177038529488595,-5.294745508612776,19.180823434240217,13.994137066400445,14.763119581291358,13.886077925627442,341.0,901.0,657.3605945570945,693.4827792115802,652.2846244784234,-311.28462447842344,311.28462447842344
2022,3509809,Campos Novos Paulista,4888,-10,-2.0458265139116203,-3.6824877250409167,-1.6366612111292964,0.0,12.735070341965695,12.68817765941655,13.230863365969105,-2.0458265139116203,10.689243828054074,10.642351145504929,11.185036852057484,-18.0,-10.0,52.24902383152831,52.01981239922809,54.67246013285698,-72.67246013285698,72.67246013285698
2022,3509908,Cananéia,12289,43,3.4990642037594597,-0.2441207584018227,-3.743184962161282,0.0,1.373587021728948,1.4721933798285685,0.5350714537505615,3.4990642037594597,4.872651225488408,4.971257583588028,4.034135657510022,-2.999999999999999,43.0,59.88001091002704,61.091784444713284,49.57549309514066,-52.57549309514066,52.57549309514066
2022,3509957,Canas,4931,3,0.6083958629081322,-7.706347596836341,-8.314743459744474,0.0,6.588940505541827,6.959012642447303,6.182419478552199,0.6083958629081322,7.197336368449959,7.567408505355435,6.790815341460331,-38.0,3.0,35.49006563282675,37.314891339907646,33.4855104487409,-71.4855104487409,71.4855104487409
2022,3510005,Cândido Mota,29449,316,10.730415294237496,11.273727461034332,0.5433121667968361,0.0,-1.5606082757329633,-1.1581422367404803,2.1141904055321032,10.730415294237496,9.169807018504532,9.572273057497014,12.844605699769598,332.00000000000006,316.0,270.0416468879399,281.8938692702296,378.26079325251493,-46.26079325251487,46.26079325251487
2022,3510104,Cândido Rodrigues,2889,94,32.537210107303565,10.038075458636206,-22.49913464866736,0.0,-22.053700973960286,-21.404642702017693,-28.265087187169613,32.537210107303565,10.48350913334328,11.132567405285872,4.272122920133953,28.999999999999996,94.0,30.28685788622873,32.16198723387088,12.34216311626699,16.657836883733005,16.657836883733005
2022,3510153,Canitar,6283,-15,-2.3873945567404102,2.864873468088493,5.252268024828903,0.0,6.729215453794146,6.2730029630227575,12.560799002711681,-2.3873945567404102,4.341820897053736,3.8856084062823473,10.17340444597127,18.000000000000004,-14.999999999999998,27.279660696188625,24.413277616671987,63.919500134037484,-45.91950013403748,45.91950013403748
2022,3510203,Capão Bonito,46337,286,6.172173425124631,9.495651423268662,3.323477998144031,0.0,3.5638212242894767,3.558583449184213,1.008790155218936,6.172173425124631,9.735994649414108,9.730756874308845,7.180963580343567,439.99999999999994,286.00000000000006,451.1367840699015,450.894081284849,332.7443094223799,107.25569057762004,107.25569057762004
2022,3510302,Capela do Alto,22866,526,23.003586110382223,8.790343741800053,-14.213242368582174,0.0,-1.093647389587439,-1.593415347527741,0.4508648214250322,23.003586110382223,21.909938720794784,21.41017076285448,23.454450931807255,201.0,525.9999999999999,500.99265878969356,489.5649646634306,536.3094750067047,-335.3094750067047,335.3094750067047
2022,3510401,Capivari,50068,408,8.148917472237756,13.002316849085243,4.85339937684749,0.0,3.1982772986852988,3.9229609641435284,1.5858706630148547,8.148917472237756,11.347194770923053,12.071878436381283,9.73478813525261,651.0,407.99999999999994,568.1313477905754,604.4148095527381,487.40137235582773,163.59862764417227,163.59862764417227
2022,3510500,Caraguatatuba,134873,383,2.839708466483284,5.071437574607223,2.2317291081239388,0.0,7.6028143454545605,7.024097932718814,7.288459005076428,2.839708466483284,10.442522811937845,9.863806399202097,10.128167471559712,684.0,382.99999999999994,1408.414379214493,1330.3611604795844,1366.016331391673,-682.016331391673,682.016331391673
2022,3510609,Carapicuíba,386984,2532,6.5429061666632204,3.860624728670953,-2.6822814379922675,0.0,-1.4627087819588116,-1.2884637501971326,0.46224910372553274,6.5429061666632204,5.080197384704409,5.2544424164660875,7.005155270388753,1494.0,2531.9999999999995,1965.9551047224509,2033.3851440937124,2710.8830071561215,-1216.8830071561215,1216.8830071561215
2022,3510708,Cardoso,11345,23,2.0273248126928163,0.617011899515205,-1.410312913177611,0.0,1.843092800664973,2.4682936976252794,2.099500088575489,2.0273248126928163,3.870417613357789,4.495618510318096,4.126824901268305,7.0,23.0,43.90988782354412,51.002791999558795,46.81882850488892,-39.81882850488892,39.81882850488892
2022,3510807,Casa Branca,28083,44,1.5667841754798275,1.4955667129580172,-0.0712174625218102,0.0,9.414772594187152,9.762340932182894,6.291523234705278,1.5667841754798275,10.98155676966698,11.329125107662723,7.858307410185105,42.0,43.99999999999999,308.3950587625578,318.1558203984922,220.68484700022833,-178.68484700022833,178.68484700022833
2022,3510906,Cássia dos Coqueiros,2799,36,12.861736334405144,-3.215434083601286,-16.077170418006432,0.0,-6.85734769419951,-7.279703840373055,-6.051793717617723,12.861736334405144,6.004388640205634,5.582032494032089,6.8099426167874215,-9.0,36.0,16.80628380393557,15.624108950795817,19.061029384387993,-28.061029384387993,28.061029384387993
2022,3511003,Castilho,19977,593,29.68413675727086,-15.41773038994844,-45.1018671472193,0.0,-14.597020339979302,-13.786508747752546,-12.723291619301394,29.68413675727086,15.087116417291558,15.897628009518314,16.960845137969464,-308.0,593.0,301.39532466823346,317.58691474614733,338.82680332121595,-646.826803321216,646.826803321216
2022,3511102,Catanduva,115791,1789,15.450250883056542,13.498458429411611,-1.9517924536449307,0.0,0.4229878427406275,0.7515666104487486,-5.610323536390122,15.450250883056542,15.873238725797169,16.201817493505292,9.839927346666421,1563.0,1789.0,1837.97818529878,1876.0246493904713,1139.3750273978517,423.6249726021483,423.6249726021483
2022,3511201,Catiguá,7003,-18,-2.570327002713123,7.568185063544194,10.138512066257316,0.0,9.720248913177244,10.460379241276591,12.02667222263665,-2.570327002713123,7.149921910464121,7.890052238563468,9.456345219923527,52.999999999999986,-18.0,50.07090313898024,55.25403582665997,66.22278557512446,-13.222785575124476,13.222785575124476
2022,3511300,Cedral,12618,-65,-5.151371057219844,-43.19226501822793,-38.04089396100808,0.0,36.18250548741586,33.33898939626458,25.464198291222978,-5.151371057219844,31.031134430196015,28.187618339044736,20.312827234003134,-545.0,-64.99999999999999,391.55085424021337,355.67136820206645,256.30725403865154,-801.3072540386515,801.3072540386515
2022,3511409,Cerqueira César,21469,214,9.967860636266243,6.75392426289068,-3.213936373375565,0.0,2.729951288985766,2.306226086407841,-0.028452375740256167,9.967860636266243,12.697811925252008,12.274086722674085,9.939408260525987,145.00000000000003,213.99999999999997,272.6093242232354,263.5123678490899,213.3891559452324,-68.38915594523237,68.38915594523237
2022,3511508,Cerquilho,44695,208,4.653764403177089,10.82895178431592,6.17518738113883,0.0,8.245776877485163,8.796114436360686,8.59506953929324,4.653764403177089,12.899541280662252,13.449878839537774,13.248833942470329,484.00000000000006,208.0,576.5449975391994,601.1423347331407,592.1566330587113,-108.1566330587113,108.1566330587113
2022,3511607,Cesário Lange,19048,1776,93.23813523729524,8.137337253254934,-85.10079798404033,0.0,-68.50713665240814,-66.27973432833457,-57.35733132323572,93.23813523729524,24.730998584887104,26.95840090896067,35.88080391405952,154.99999999999997,1775.9999999999998,471.07606104492953,513.5036205138829,683.4575529550058,-528.4575529550058,528.4575529550058
2022,3511706,Charqueada,15535,146,9.398133247505632,9.205020920502092,-0.1931123270035399,0.0,-1.3270382066575712,-0.540426357700077,0.5240079802849135,9.398133247505632,8.07109504084806,8.857706889805554,9.922141227790545,143.0,146.0,125.38446145957462,137.6044765331293,154.14046397372613,-11.140463973726128,11.140463973726128
2022,3511904,Clementina,6982,41,5.872242910340876,28.50186193067889,22.62961902033801,0.0,-0.3526331739746129,1.1469156153026114,1.1551854413871188,5.872242910340876,5.519609736366263,7.019158525643488,7.027428351727995,199.0,41.0,38.537915179309245,49.00776482604283,49.065504751764855,149.93449524823515,149.93449524823515
2022,3512001,Colina,18486,978,52.90490100616683,-12.928702802120522,-65.83360380828735,0.0,-33.756138865143505,-32.6035938450772,-48.866507337650916,52.90490100616683,19.148762141023326,20.301307161089632,4.038393668515916,-238.99999999999997,978.0,353.9840169389572,375.28996417990294,74.65374535618521,-313.6537453561852,313.6537453561852
2022,3512100,Colômbia,6629,92,13.878413033640063,132.90089002866193,119.02247699502186,0.0,15.727138428021185,14.977957662967626,14.086855061675458,13.878413033640063,29.60555146166125,28.85637069660769,27.965268095315523,881.0,91.99999999999999,196.25520063935244,191.28888134781238,185.3817622038466,695.6182377961534,695.6182377961534
2022,3512209,Conchal,28101,-42,-1.49460873278531,-0.4626169887192626,1.0319917440660475,0.0,12.27313011562607,12.17553741208766,5.39047448046342,-1.49460873278531,10.778521382840761,10.680928679302351,3.8958657476781102,-12.999999999999998,-41.99999999999999,302.88722937920824,300.1447768170754,109.47772337550258,-122.47772337550258,122.47772337550258
2022,3512308,Conchas,15232,117,7.681197478991597,6.4338235294117645,-1.2473739495798322,0.0,1.3626952702876638,2.3884031823976497,1.1550806322244338,7.681197478991597,9.04389274927926,10.069600661389247,8.83627811121603,98.0,117.0,137.7565743570217,153.380157274281,134.59418819004256,-36.59418819004256,36.59418819004256
2022,3512407,Cordeirópolis,24514,235,9.586358815370808,3.0594762176715347,-6.526882597699274,0.0,11.163380904666912,11.024478617283673,12.127861427907991,9.586358815370808,20.74973972003772,20.61083743265448,21.7142202432788,75.0,234.99999999999997,508.65911949700467,505.2540688240919,532.3023950437364,-457.3023950437364,457.3023950437364
2022,3512506,Coroados,5400,158,29.25925925925926,5.37037037037037,-23.88888888888889,0.0,-19.95008236072443,-18.657613564983784,-17.01694900646665,29.25925925925926,9.30917689853483,10.601645694275476,12.24231025279261,29.0,158.0,50.26955525208808,57.24888674908757,66.1084753650801,-37.108475365080096,37.108475365080096
2022,3512605,Coronel Macedo,4280,91,21.261682242990656,15.88785046728972,-5.373831775700936,0.0,-14.305217047232816,-13.752127399395636,-20.346126054672332,21.261682242990656,6.95646519575784,7.509554843595019,0.9155561883183232,68.0,91.0,29.773671037843553,32.14089473058668,3.918580486002423,64.08141951399757,64.08141951399757
2022,3512704,Corumbataí,4195,33,7.866507747318237,-7.151370679380214,-15.017878426698452,0.0,0.6465269610665003,0.5518846742202141,1.9937934052899418,7.866507747318237,8.513034708384737,8.418392421538451,9.860301152608178,-30.0,33.00000000000001,35.71218060167397,35.3151562083538,41.36396333519131,-71.3639633351913,71.3639633351913
2022,3512803,Cosmópolis,59773,471,7.879811955230623,1.1041774714335904,-6.775634483797033,0.0,-0.5277242389090567,0.7532499916507909,0.47661576148858226,7.879811955230623,7.352087716321566,8.633061946881414,8.356427716719205,66.0,471.0,439.456339067689,516.0240117509427,499.488753911457,-433.488753911457,433.488753911457
2022,3512902,Cosmorama,8719,-121,-13.8777382727377,17.547883931643536,31.425622204381234,0.0,23.30427363339252,22.381230097983494,25.4852066505224,-13.8777382727377,9.42653536065482,8.503491825245794,11.6074683777847,153.0,-121.0,82.18996180954936,74.14194522431806,101.2055167859048,51.794483214095195,51.794483214095195
2022,3513009,Cotia,274413,2191,7.984315611869699,14.383429356480924,6.399113744611225,0.0,7.250892628633387,6.725691040682878,5.5486173153849165,7.984315611869699,15.235208240503086,14.710006652552577,13.532932927254617,3947.0,2191.0,4180.739198901173,4036.6170555469107,3713.612723366721,233.38727663327882,233.38727663327882
2022,3513108,Cravinhos,33281,811,24.36825816531955,1.86292479192332,-22.50533337339623,0.0,-9.90887806947185,-9.240336892102132,-11.770212503760291,24.36825816531955,14.459380095847699,15.127921273217417,12.598045661559258,62.000000000000014,810.9999999999999,481.2226289699073,503.47234789394884,419.27555766235366,-357.27555766235366,357.27555766235366
2022,3513207,Cristais Paulista,9272,77,8.304572907679034,8.088869715271786,-0.2157031924072487,0.0,1.0356607110675533,0.6523697837928384,0.61933904480814,8.304572907679034,9.340233618746588,8.956942691471873,8.923911952487174,75.0,77.00000000000001,86.60264611301837,83.04877263532721,82.74251162346107,-7.74251162346107,7.74251162346107
2022,3513306,Cruzália,2108,5,2.371916508538899,7.590132827324478,5.218216318785579,0.0,4.172342043356045,3.794558902929861,4.249798396419025,2.371916508538899,6.544258551894945,6.16647541146876,6.6217149049579245,16.0,4.999999999999999,13.795297027394545,12.998930167376146,13.958575019651306,2.041424980348694,2.041424980348694
2022,3513405,Cruzeiro,74961,568,7.577273515561425,-3.335067568468937,-10.91234108403036,0.0,-0.7258923588879918,-0.11098074075411346,2.0868990804941316,7.577273515561425,6.851381156673433,7.466292774807311,9.664172596055556,-249.99999999999997,568.0,513.5863828853973,559.6807726923308,724.4360419729205,-974.4360419729205,974.4360419729205
2022,3513504,Cubatão,112476,1222,10.864539990753585,1.41363490878054,-9.450905081973042,0.0,0.1277063628658055,1.4076819559381133,4.871039575238288,10.864539990753585,10.99224635361939,12.272221946691698,15.735579565991873,159.00000000000003,1222.0000000000002,1236.3639008696946,1380.3304356760952,1769.875047264502,-1610.875047264502,1610.875047264502
2022,3513603,Cunha,22110,228,10.312075983717774,8.050655811849841,-2.2614201718679325,0.0,-6.394330758381671,-6.8859146899471435,-5.654401491345042,10.312075983717774,3.9177452253361027,3.4261612937706305,4.657674492372732,178.0,227.99999999999997,86.62134693218123,75.75242620526863,102.98118302636111,75.01881697363889,75.01881697363889
2022,3513702,Descalvado,31756,477,15.020783473989166,19.020027711298653,3.999244237309487,0.0,-0.23615549883545917,0.16934072908912512,-4.445687232818362,15.020783473989166,14.784627975153708,15.190124203078291,10.575096241170804,604.0,476.99999999999994,469.50064597898114,482.37758419295426,335.82275623462004,268.17724376537996,268.17724376537996
2022,3513801,Diadema,393237,2800,7.120387959423961,4.90543870490315,-2.2149492545208105,0.0,1.8812679362667777,2.3638920219914885,1.0734403238736991,7.120387959423961,9.001655895690739,9.48427998141545,8.193828283297659,1929.0,2800.0,3539.784159453739,3729.5698070518674,3222.1164526391217,-1293.1164526391217,1293.1164526391217
2022,3513850,Dirce Reis,1620,-5,-3.08641975308642,38.27160493827161,41.358024691358025,0.0,4.092105430912368,6.019242037179957,12.02103897760913,-3.08641975308642,1.005685677825948,2.932822284093537,8.93461922452271,62.00000000000001,-5.000000000000001,1.6292107980780357,4.75117210023153,14.474083143726789,47.52591685627322,47.52591685627322
2022,3513900,Divinolândia,11158,150,13.443269403118835,12.27818605484854,-1.1650833482702971,0.0,-2.9140918392193553,-2.9820258270130164,4.99213654900764,13.443269403118835,10.52917756389948,10.461243576105819,18.435405952126473,137.0,149.99999999999997,117.4845632579904,116.72655582218871,205.70225961382718,-68.70225961382718,68.70225961382718
2022,3514007,Dobrada,8759,16,1.826692544811052,1.2558511245575978,-0.5708414202534537,0.0,1.5731522107428035,1.9740589935088186,1.65712738025765,1.826692544811052,3.399844755553856,3.8007515383198704,3.483819925068702,11.0,16.000000000000007,29.779240213896223,33.290782724143746,30.514778723676763,-19.514778723676763,19.514778723676763
2022,3514106,Dois Córregos,24510,174,7.099143206854345,9.791921664626685,2.692778457772338,0.0,4.261832980147129,4.952927599601757,1.6919718412324654,7.099143206854345,11.360976187001473,12.052070806456102,8.79111504808681,240.00000000000003,174.0,278.45752634340613,295.39625546623904,215.47022982860773,24.5297701713923,24.5297701713923
2022,3514205,Dolcinópolis,2207,-20,-9.062075215224286,-6.796556411418215,2.265518803806072,0.0,14.24981551468073,14.55663174843598,25.27066902124134,-9.062075215224286,5.187740299456443,5.494556533211693,16.208593806017053,-15.0,-20.0,11.44934284090037,12.126486268798207,35.77236652987963,-50.77236652987963,50.77236652987963
2022,3514304,Dourado,8096,164,20.256916996047437,0.3705533596837944,-19.88636363636364,0.0,-3.9600364484898756,-3.379670939312279,6.870310864567535,20.256916996047437,16.29688054755756,16.877246056735157,27.127227860614973,2.999999999999999,164.00000000000006,131.939544913026,136.6381840753278,219.62203675953882,-216.62203675953882,216.62203675953882
2022,3514403,Dracena,45474,1041,22.89220213748516,24.58547741566609,1.6932752781809377,0.0,-11.211584437091734,-10.676109641909385,-15.791213045566105,22.89220213748516,11.680617700393427,12.216092495575776,7.100989091919056,1117.9999999999998,1041.0000000000002,531.1644093076907,555.5145901438128,322.9103779659271,795.0896220340726,795.0896220340726
2022,3514502,Duartina,12328,185,15.006489292667098,-6.164828033744322,-21.17131732641142,0.0,-6.584656800626774,-6.561461640937537,-6.718973769469072,15.006489292667098,8.421832492040323,8.44502765172956,8.287515523198026,-76.0,184.99999999999997,103.82435096187311,104.11030089052203,102.16849136998526,-178.16849136998525,178.16849136998525
2022,3514601,Dumont,9471,125,13.198183929891249,-8.552423186569529,-21.750607116460777,0.0,-4.555914361232848,-4.076920718221613,-3.636565479075673,13.198183929891249,8.642269568658401,9.121263211669635,9.561618450815576,-81.00000000000001,125.00000000000001,81.8509350847637,86.38748387772311,90.55808834767431,-171.55808834767433,171.55808834767433
2022,3514700,Echaporã,6205,149,24.012892828364222,16.43835616438356,-7.574536663980663,0.0,-17.858292559359572,-17.992158825579793,-21.688210744668858,24.012892828364222,6.15460026900465,6.02073400278443,2.3246820836953646,101.99999999999999,149.0,38.189294669173854,37.35865448727739,14.424652329329739,87.57534767067025,87.57534767067025
2022,3514809,Eldorado,13069,200,15.303389700818732,7.11607621088071,-8.187313489938022,0.0,-8.814074669286573,-7.859026672343509,-7.884955489022574,15.303389700818732,6.4893150315321595,7.444363028475223,7.418434211796158,93.0,200.0,84.80885814709379,97.29038041914269,96.95151671396398,-3.951516713963983,3.951516713963983
2022,3514908,Elias Fausto,17699,472,26.66817334312673,2.316515057347873,-24.35165828577886,0.0,-7.002568851617163,-6.579712857119671,-0.8818011743864255,26.66817334312673,19.665604491509566,20.088460486007058,25.786372168740304,41.00000000000001,471.99999999999994,348.06153389522785,355.54566214183893,456.3930010145346,-415.3930010145346,415.3930010145346
2022,3514924,Elisiário,3138,97,30.91140854047164,-7.966857871255577,-38.87826641172721,0.0,-21.29877060853849,-19.795454902950365,-25.42355217882366,30.91140854047164,9.61263793193315,11.115953637521276,5.487856361647982,-25.0,97.00000000000001,30.164457830406228,34.88186251454176,17.220893262851366,-42.22089326285136,42.22089326285136
2022,3514957,Embaúba,2323,23,9.9009900990099,-6.887645286267757,-16.788635385277658,0.0,-6.24865838996612,-6.2689011108839825,-7.050239890228662,9.9009900990099,3.6523317090437795,3.6320889881259166,2.8507502087812373,-16.0,22.999999999999996,8.4843665601087,8.437342719416504,6.622292734998814,-22.622292734998815,22.622292734998815
2022,3515004,Embu das Artes,250691,2435,9.71315284553494,-0.1276471831856748,-9.840800028720617,0.0,-1.4178679078646905,-0.7551250905596734,1.9796847146736047,9.71315284553494,8.29528493767025,8.958027754975268,11.692837560208545,-32.00000000000001,2435.0,2079.5532763094925,2245.696935922505,2931.2891408062405,-2963.2891408062405,2963.2891408062405
2022,3515103,Embu-Guaçu,66970,255,3.807675078393311,7.510825742869941,3.703150664476631,0.0,1.050960854850894,1.3432573467156685,0.525814125064004,3.807675078393311,4.858635933244205,5.15093242510898,4.333489203457315,502.99999999999994,255.00000000000006,325.3828484493644,344.9579445095484,290.2137719555364,212.78622804446354,212.78622804446354
2022,3515129,Emilianópolis,3014,-29,-9.62176509621765,-3.981420039814201,5.64034505640345,0.0,7.508392761460551,11.072506131297484,16.849393144640764,-9.62176509621765,-2.1133723347570994,1.450741035079833,7.227628048423114,-12.000000000000002,-29.0,-6.3697042169578975,4.372533479730617,21.784070937947266,-33.78407093794727,33.78407093794727
2022,3515152,Engenheiro Coelho,19566,199,10.170704282939797,-1.2777266687110294,-11.448430951650824,0.0,-1.2440362984593218,-0.6281360574088364,0.41437294933195173,10.170704282939797,8.926667984480474,9.54256822553096,10.585077232271749,-25.0,199.00000000000006,174.65918578434497,186.70988990073877,207.10762112662903,-232.10762112662903,232.10762112662903
2022,3515186,Espírito Santo do Pinhal,39816,749,18.811533052039383,0.2009242515571629,-18.610608800482225,0.0,-4.069221866182707,-3.3444101685669176,-4.644727504984267,18.811533052039383,14.742311185856677,15.467122883472467,14.166805547055116,7.999999999999998,749.0000000000001,586.9798621760694,615.8389647283396,564.0655296615464,-556.0655296615464,556.0655296615464
2022,3515194,Espírito Santo do Turvo,4157,35,8.419533317296127,28.626413278806837,20.206879961510708,0.0,-3.00455381853331,-2.066381229769833,-1.0251434045612946,8.419533317296127,5.414979498762817,6.3531520875262935,7.394389912734832,119.00000000000001,35.0,22.510069776357028,26.410053227846802,30.738478867238697,88.26152113276132,88.26152113276132
2022,3515202,Estrela d'Oeste,9417,330,35.04300732717426,-6.159074015079112,-41.20208134225337,0.0,-13.1957311249766,-13.791377180355042,-14.229323011731422,35.04300732717426,21.84727620219766,21.251630146819217,20.813684315442835,-57.99999999999999,330.0,205.73579999609535,200.12660109259656,196.00246519852516,-254.00246519852516,254.00246519852516
2022,3515301,Estrela do Norte,2703,40,14.798372179060305,-10.358860525342212,-25.15723270440252,0.0,-12.220955646160121,-12.383377257075562,-9.041075775706467,14.798372179060305,2.577416532900184,2.414994921984743,5.757296403353838,-28.0,40.00000000000001,6.966756888429197,6.5277312741247595,15.561972178265423,-43.56197217826542,43.56197217826542
2022,3515350,Euclides da Cunha Paulista,7924,-70,-8.8339222614841,2.7763755678950024,11.6102978293791,0.0,9.297682615975496,11.815092156482471,14.935486581236074,-8.8339222614841,0.46376035449139685,2.981169894998372,6.101564319751974,22.0,-70.0,3.6748370489898288,23.6227902479671,48.34879566971465,-26.348795669714647,26.348795669714647
2022,3515400,Fartura,16641,-18,-1.081665765278529,6.249624421609278,7.331290186887807,0.0,11.02201343583847,10.731562323955131,4.244136129799127,-1.081665765278529,9.940347670559941,9.649896558676602,3.162470364520598,104.0,-18.000000000000004,165.41732558578798,160.58392863293733,52.62666933598727,51.37333066401273,51.37333066401273
2022,3515509,Fernandópolis,71186,658,9.24339055432248,1.7840586632202962,-7.459331891102183,0.0,2.6500349687838565,2.4693680097829067,0.2690083153163792,9.24339055432248,11.893425523106336,11.712758564105386,9.512398869638858,127.0,658.0,846.6453892878476,833.784431144406,677.1496259341118,-550.1496259341118,550.1496259341118
2022,3515608,Fernando Prestes,5942,51,8.58296869740828,17.502524402558063,8.919555705149783,0.0,4.3127048466819655,4.0732552220710945,4.411481253131486,8.58296869740828,12.895673544090245,12.656223919479373,12.994449950539765,104.00000000000001,51.0,76.62609219898424,75.20328252954644,77.21302160610729,26.786978393892724,26.786978393892724
2022,3515657,Fernão,1656,13,7.85024154589372,19.32367149758454,11.473429951690822,0.0,-0.9770191924060205,-0.5697123335727581,-0.1061024905932352,7.85024154589372,6.8732223534877,7.280529212320962,7.744139055300485,32.0,13.0,11.38205621737563,12.056556375603513,12.824294275577602,19.1757057244224,19.1757057244224
2022,3515707,Ferraz de Vasconcelos,179198,164,0.9151887855891248,4.676391477583455,3.76120269199433,0.0,3.3673189883561383,4.116838149511341,5.302449975060236,0.9151887855891248,4.282507773945263,5.032026935100466,6.217638760649361,838.0,163.99999999999997,767.4168280754433,901.7291627161333,1114.1884306308443,-276.1884306308443,276.1884306308443
2022,3515806,Flora Rica,1487,21,14.122394082044384,0.0,-14.122394082044384,0.0,-13.600225400560952,-14.251963738566761,-12.120089199847742,14.122394082044384,0.5221686814834321,-0.12956965652237784,2.0023048821966416,0.0,21.0,0.7764648293658636,-0.19267007924877583,2.977427359826406,-2.977427359826406,2.977427359826406
2022,3515905,Floreal,2733,12,4.390779363336993,-4.756677643615075,-9.147457006952068,0.0,-0.29022951031763455,-0.029021368041087126,0.5122814800174611,4.390779363336993,4.100549853019358,4.361757995295905,4.903060843354454,-13.0,12.000000000000002,11.206802748301907,11.920684601143709,13.400065284887722,-26.400065284887724,26.400065284887724
2022,3516002,Flórida Paulista,12958,228,17.595307917888565,-3.7042753511344335,-21.299583269023,0.0,-8.78080237258391,-7.865560133639551,-8.971532201561047,17.595307917888565,8.814505545304655,9.729747784249014,8.623775716327518,-47.99999999999999,228.00000000000003,114.21836285605772,126.07807178829873,111.74688573217199,-159.746885732172,159.746885732172
2022,3516101,Florínea,3851,95,24.66891716437289,-20.77382498052454,-45.44274214489743,0.0,-17.9512580374719,-19.7824930424272,-18.47245446380558,24.66891716437289,6.71765912690099,4.886424121945691,6.196462700567309,-80.0,95.0,25.869705297695713,18.817619293612854,23.86257785988471,-103.86257785988471,103.86257785988471
2022,3516200,Franca,352536,5249,14.8892595366147,0.5871740758390632,-14.302085460775636,0.0,1.8285171458624525,1.7788091377133655,-2.9861727467163894,14.8892595366147,16.71777668247715,16.668068674328065,11.90308678989831,207.0,5249.0,5893.618120533765,5876.094258172919,4196.2666045635915,-3989.2666045635915,3989.2666045635915
2022,3516309,Francisco Morato,165139,230,1.3927660940177669,0.9809917705690356,-0.4117743234487311,0.0,1.3843509014170907,1.9617317100982552,1.7359818417740973,1.3927660940177669,2.7771169954348576,3.354497804116022,3.128747935791864,161.99999999999997,230.0,458.61032350911694,553.9584128739158,516.6783053687327,-354.6783053687327,354.6783053687327
2022,3516408,Franco da Rocha,144849,284,1.9606624829995367,4.121533458981422,2.1608709759818847,0.0,3.511519810535596,4.139906400418567,9.102839487345323,1.9606624829995367,5.472182293535132,6.100568883418103,11.06350197034486,597.0,283.9999999999999,792.6401330362704,883.6613021942288,1602.5371969024825,-1005.5371969024825,1005.5371969024825
2022,3516507,Gabriel Monteiro,2763,-14,-5.066956207021353,-6.876583423814694,-1.8096272167933405,0.0,14.812500478167777,14.737964032505662,16.522433933166052,-5.066956207021353,9.745544271146425,9.67100782548431,11.4554777261447,-19.0,-13.999999999999998,26.926938821177572,26.720994621813148,31.651484957337804,-50.6514849573378,50.6514849573378
2022,3516606,Gália,6380,24,3.761755485893417,-2.19435736677116,-5.956112852664576,0.0,5.559487692756589,5.5466190612605715,5.756962741339886,3.761755485893417,9.321243178650006,9.308374547153988,9.518718227233304,-14.0,24.0,59.46953147978704,59.387429610842446,60.72942228974848,-74.72942228974847,74.72942228974847
2022,3516705,Garça,42110,190,4.511992400854904,16.07694134409879,11.564948943243884,0.0,5.794819386565384,5.991200997119768,7.105823443939501,4.511992400854904,10.306811787420287,10.503193397974673,11.617815844794405,677.0,190.0,434.01984436826825,442.28947398871344,489.2262252242924,187.77377477570758,187.77377477570758
2022,3516804,Gastão Vidigal,3252,25,7.687576875768758,-11.68511685116851,-19.372693726937268,0.0,-5.453615024917856,-2.9613439005802507,-2.5122932046006268,7.687576875768758,2.2339618508509016,4.726232975188507,5.175283671168131,-38.0,25.0,7.264843938967132,15.369709635313026,16.830022498638762,-54.83002249863876,54.83002249863876
2022,3516853,Gavião Peixoto,4702,189,40.19566142067205,89.9617184176946,49.76605699702255,0.0,-25.289787785724275,-24.228205137106716,-26.534758959857008,40.19566142067205,14.905873634947778,15.967456283565337,13.660902460815045,423.0,189.0,70.08741783152445,75.07897944532422,64.23356337075234,358.76643662924766,358.76643662924766
2022,3516903,General Salgado,10312,63,6.109387121799845,-1.4546159813809154,-7.56400310318076,0.0,3.062271984151513,3.3131967585679503,1.3571791165143858,6.109387121799845,9.171659105951358,9.422583880367796,7.466566238314231,-15.0,63.0,94.5781487005704,97.16568497435271,76.99523104949634,-91.99523104949634,91.99523104949634
2022,3517000,Getulina,10232,98,9.577795152462862,2.7365129007036746,-6.841282251759187,0.0,0.938814300198139,1.4091726830516418,4.530366350553347,9.577795152462862,10.516609452661001,10.986967835514504,14.108161503016209,28.0,98.0,107.60594791962735,112.41865489298439,144.35470849886184,-116.35470849886184,116.35470849886184
2022,3517109,Glicério,4138,-1,-0.2416626389560174,7.7332044465925565,7.974867085548574,0.0,4.993003219384119,6.095482382792282,9.550709964615614,-0.2416626389560174,4.751340580428101,5.853819743836264,9.309047325659597,32.0,-1.0,19.66104732181148,24.22310609999446,38.520837833579414,-6.520837833579414,6.520837833579414
2022,3517208,Guaiçara,11239,206,18.3290328321025,10.499154729068422,-7.829878103034076,0.0,-9.817311711934199,-9.21275731632188,-13.005394463029006,18.3290328321025,8.5117211201683,9.116275515780618,5.3236383690734925,118.0,205.99999999999997,95.66323366957153,102.45782052185837,59.832371630016986,58.167628369983014,58.167628369983014
2022,3517307,Guaimbê,5512,-68,-12.336719883889696,-20.86357039187228,-8.526850507982584,0.0,17.799972422835005,18.693956983068855,23.530733416621146,-12.336719883889696,5.463252538945309,6.357237099179159,11.19401353273145,-115.0,-68.0,30.11344799466654,35.04109089067552,61.701402592415754,-176.70140259241575,176.70140259241575
2022,3517406,Guaíra,39279,48,1.2220270373482012,-0.4328012423941546,-1.6548282797423557,0.0,13.513925486310981,13.47763125114934,6.347852581282401,1.2220270373482012,14.735952523659183,14.699658288497542,7.569879618630603,-16.999999999999996,47.99999999999999,578.8134791768091,577.387877913895,297.33730154019145,-314.33730154019145,314.33730154019145
2022,3517505,Guapiaçu,21711,380,17.50264842706462,3.77688729215605,-13.72576113490857,0.0,-2.67791412465139,-2.584156422602625,-4.5700168848725555,17.50264842706462,14.82473430241323,14.918492004461996,12.932631542192066,82.0,380.0,321.8598064396936,323.8953799088744,280.780363412532,-198.78036341253198,198.78036341253198
2022,3517604,Guapiara,17071,117,6.853728545486498,1.171577529142991,-5.682151016343507,0.0,-1.3880390930434017,-1.577074144838628,-0.17262087507855292,6.853728545486498,5.465689452443097,5.27665440064787,6.681107670407945,20.0,117.00000000000001,93.3047846426561,90.07776727345978,114.05318904153403,-94.05318904153403,94.05318904153403
2022,3517703,Guará,18606,216,11.609158336020638,-2.9560356874126623,-14.5651940234333,0.0,-3.0823722028753187,-2.112428972227769,-0.4400857143182996,11.609158336020638,8.526786133145318,9.49672936379287,11.169072621702337,-54.99999999999999,216.0,158.6493827933018,176.69614654273013,207.8117651993937,-262.8117651993937,262.8117651993937
2022,3517802,Guaraçaí,7441,-43,-5.778793172960623,-1.6126864668727323,4.1661067060878905,0.0,10.018499364781313,10.980332538894672,22.67810277503323,-5.778793172960623,4.23970619182069,5.201539365934049,16.89930960207261,-12.000000000000002,-42.99999999999999,31.547653773337757,38.70465442191526,125.74776274902229,-137.74776274902229,137.74776274902229
2022,3517901,Guaraci,10350,28,2.705314009661836,24.54106280193237,21.83574879227053,0.0,3.567549564946657,4.19002321917766,9.030697804339171,2.705314009661836,6.272863574608493,6.895337228839496,11.736011814001007,254.00000000000003,28.000000000000004,64.9241379971979,71.36674031848878,121.46772227491041,132.5322777250896,132.5322777250896
2022,3518008,Guarani d'Oeste,1968,29,14.735772357723578,-13.21138211382114,-27.94715447154472,0.0,-3.295620402571559,-3.339385794492067,-1.5513861873756143,14.735772357723578,11.440151955152018,11.396386563231511,13.184386170347963,-26.000000000000004,29.0,22.51421904773917,22.428088756439614,25.946871983244794,-51.9468719832448,51.9468719832448
2022,3518107,Guarantã,6427,-61,-9.49120896219076,-2.178310253617551,7.312898708573208,0.0,14.502117898939737,15.251507318778192,22.383178162903082,-9.49120896219076,5.010908936748978,5.760298356587432,12.891969200712323,-14.000000000000002,-61.00000000000001,32.20511173648568,37.02143753778742,82.85668605297809,-96.85668605297809,96.85668605297809
2022,3518206,Guararapes,31043,195,6.281609380536675,2.899204329478465,-3.382405051058209,0.0,0.5114144815643678,0.9603580300141634,1.079075701015246,6.281609380536675,6.793023862101043,7.2419674105508385,7.360685081551921,89.99999999999999,195.0,210.87583975120268,224.81239432572968,228.49774698661628,-138.49774698661628,138.49774698661628
2022,3518305,Guararema,31236,677,21.67370982200025,3.809706748623383,-17.86400307337687,0.0,-9.165697346918979,-9.13281568931631,-13.634087816782142,21.67370982200025,12.508012475081273,12.540894132683942,8.03962200521811,119.0,676.9999999999999,390.7002776716386,391.7273691285156,251.12563295499288,-132.12563295499288,132.12563295499288
2022,3518404,Guaratinguetá,118044,1080,9.149130832570906,11.7159703161533,2.5668394835823936,0.0,0.08996288667915397,0.32281373983081263,0.5224306023647229,9.149130832570906,9.23909371925006,9.471944572401718,9.67156143493563,1383.0,1080.0,1090.6195789951541,1118.1062251045882,1141.6697980255415,241.33020197445853,241.33020197445853
2022,3518503,Guareí,15013,59,3.9299273962565775,-3.1972290681409445,-7.1271564643975225,0.0,2.201236621597969,3.709631936293979,2.195256190459007,3.9299273962565775,6.131164017854546,7.639559332550556,6.125183586715584,-48.0,59.0,92.0471654000503,114.6927042595815,91.95738118736107,-139.95738118736108,139.95738118736108
2022,3518602,Guariba,37498,831,22.16118192970292,34.05514960797909,11.893967678276171,0.0,-11.52236632005869,-10.746398292222537,-13.42533197779041,22.16118192970292,10.63881560964423,11.414783637480383,8.73584995191251,1277.0,831.0000000000001,398.9343077304393,428.03155683823945,327.57690149681525,949.4230985031847,949.4230985031847
2022,3518701,Guarujá,287634,1099,3.82082785762462,5.155857791498919,1.3350299338742988,0.0,2.0201675396512266,2.7547693235322983,1.2177451542086986,3.82082785762462,5.840995397275847,6.575597181156919,5.038573011833319,1483.0,1099.0,1680.068870100041,1891.3653196048892,1449.2649096856649,33.73509031433514,33.73509031433514
2022,3518800,Guarulhos,1291771,18964,14.680620636320215,10.710876773050332,-3.9697438632698834,0.0,-2.1388411357405195,-1.6003853432580524,-3.214423444701139,14.680620636320215,12.541779500579697,13.080235293062163,11.466197191619077,13836.0,18964.0,16201.107047243337,16896.668624754202,14811.701012414967,-975.7010124149674,975.7010124149674
2022,3518859,Guatapará,7320,92,12.568306010928962,9.42622950819672,-3.142076502732241,0.0,-5.651542961175272,-5.299219608251085,-3.9000431907066146,12.568306010928962,6.9167630497536905,7.269086402677877,8.668262820222347,68.99999999999999,92.0,50.63070552419702,53.20971246760206,63.451683844027585,5.548316155972401,5.548316155972401
2022,3518909,Guzolândia,4246,-25,-5.887894488930758,1.6486104569006124,7.53650494583137,0.0,7.458677462023576,9.761386311239942,15.89423557192305,-5.887894488930758,1.5707829730928173,3.873491822309184,10.006341082992291,7.0,-25.0,6.669544503752102,16.446846277524795,42.48692423838527,-35.48692423838527,35.48692423838527
2022,3519006,Herculândia,9125,103,11.287671232876711,2.0821917808219177,-9.205479452054794,0.0,-3.1774267439453237,-2.881995706181117,-2.155048886037983,11.287671232876711,8.110244488931388,8.405675526695594,9.132622346838728,19.0,102.99999999999999,74.0059809614989,76.7017891810973,83.33517891490338,-64.33517891490338,64.33517891490338
2022,3519055,Holambra,15094,1767,117.06638399363986,14.90658539817146,-102.1597985954684,0.0,-62.721489274121836,-60.09968952606532,-57.51707799620058,117.06638399363986,54.344894719518024,56.96669446757454,59.54930599743928,225.00000000000003,1767.0,820.281840896405,859.8552862935701,898.8372247253485,-673.8372247253485,673.8372247253485
2022,3519071,Hortolândia,236641,2448,10.344783870926848,6.334489796780777,-4.010294074146072,0.0,0.03783261727171894,0.0536357073439353,1.766251795050975,10.344783870926848,10.382616488198568,10.398419578270783,12.111035665977823,1498.9999999999998,2448.0000000000005,2456.9527483837974,2460.6924074215763,2865.967591032658,-1366.9675910326584,1366.9675910326584
2022,3519105,Iacanga,10437,-83,-7.952476765354028,6.323656223052601,14.27613298840663,0.0,17.446923543752284,18.333213248358,22.848170140755364,-7.952476765354028,9.494446778398256,10.380736483003972,14.895693375401336,66.0,-82.99999999999999,99.0935410261426,108.34374667311246,155.46635175906374,-89.46635175906374,89.46635175906374
2022,3519204,Iacri,6131,9,1.4679497634969825,-3.0990050562714075,-4.56695481976839,0.0,6.91931405230132,7.01954958894981,6.390817460943819,1.4679497634969825,8.387263815798303,8.487499352446793,7.858767224440802,-19.0,9.0,51.42231445465939,52.036858529851294,48.18210185304656,-67.18210185304656,67.18210185304656
2022,3519253,Iaras,8010,0,0.0,29.9625468164794,29.9625468164794,0.0,6.333897112116158,7.601497398484184,8.87604932786799,0.0,6.333897112116158,7.601497398484184,8.87604932786799,240.0,0.0,50.73451586805042,60.88799416185831,71.09715511622261,168.9028448837774,168.9028448837774
2022,3519303,Ibaté,32178,536,16.657343526633102,13.332090247995524,-3.325253278637577,0.0,-6.659332982565356,-5.938522349433782,-6.1808198610585166,16.657343526633102,9.998010544067746,10.71882117719932,10.476523665574586,428.99999999999994,536.0,321.7159832870119,344.91022783991974,337.11357851085904,91.8864214891409,91.8864214891409
2022,3519402,Ibirá,11690,69,5.902480752780154,3.507271171941831,-2.395209580838324,0.0,6.538484132830198,6.749531184930139,6.321845281802142,5.902480752780154,12.440964885610352,12.652011937710293,12.224326034582297,41.0,69.0,145.43487951278505,147.90201955183335,142.90237134426707,-101.90237134426707,101.90237134426707
2022,3519501,Ibirarema,6385,49,7.674236491777604,17.07126076742365,9.397024275646045,0.0,6.105839803439364,7.310516269090386,1.6744867707398767,7.674236491777604,13.780076295216968,14.984752760867991,9.348723262517481,109.0,49.0,87.98578714496034,95.67764637814211,59.69159803117412,49.30840196882588,49.30840196882588
2022,3519600,Ibitinga,60033,224,3.7312811287125416,8.262122499292056,4.530841370579514,0.0,11.886531011892576,11.628398977926395,4.982698201351665,3.7312811287125416,15.617812140605118,15.359680106638937,8.713979330064207,496.0,224.0,937.584116236947,922.0876758418552,523.1263211217446,-27.12632112174458,27.12632112174458
2022,3519709,Ibiúna,75605,1068,14.126049864426957,10.89875008266649,-3.2272997817604647,0.0,-5.300057296748439,-4.903553730958452,-6.139012665029208,14.126049864426957,8.825992567678519,9.222496133468505,7.987037199397749,824.0,1068.0,667.2891680793344,697.2668201708864,603.8599474604667,220.14005253953326,220.14005253953326
2022,3519808,Icém,7819,24,3.0694462207443407,23.660314618237624,20.590868397493285,0.0,3.7266574181067513,4.144488387705684,4.710964128584523,3.0694462207443407,6.796103638851092,7.213934608450025,7.780410349328864,184.99999999999997,24.0,53.138734352176684,56.40575470347075,60.83502852140239,124.16497147859758,124.16497147859758
2022,3519907,Iepê,7619,40,5.250032812705079,5.906286914293214,0.6562541015881349,0.0,-0.8468978917548307,-0.4646388578295091,0.48924237052761743,5.250032812705079,4.403134920950249,4.78539395487557,5.739275183232697,45.0,40.0,33.54748496271995,36.459916542196964,43.72753762104992,1.272462378950081,1.272462378950081
2022,3520004,Igaraçu do Tietê,23106,-45,-1.947546091924176,5.885917077815287,7.8334631697394626,0.0,5.803815064801525,6.554587229865892,5.446437407267085,-1.947546091924176,3.8562689728773494,4.607041137941716,3.4988913153429095,136.00000000000003,-45.000000000000014,89.10295088730403,106.4502925332813,80.84538273231327,55.15461726768676,55.15461726768676
2022,3520103,Igarapava,26212,166,6.332977262322601,5.837021211658782,-0.4959560506638185,0.0,5.593982921468439,6.552713104982025,2.427723031686963,6.332977262322601,11.926960183791039,12.885690367304626,8.760700294009563,153.0,166.0,312.6294803375307,337.75971590778886,229.63547610657866,-76.63547610657866,76.63547610657866
2022,3520202,Igaratá,10605,69,6.506364922206506,6.694955209806695,0.1885902876001886,0.0,0.5723678299778205,-0.143406749419011,0.8877948374391033,6.506364922206506,7.078732752184327,6.362958172787495,7.39415975964561,71.0,69.0,75.06996083691479,67.47917142241138,78.4150642510417,-7.415064251041699,7.415064251041699
2022,3520301,Iguape,29115,218,7.487549373175339,3.056843551433969,-4.43070582174137,0.0,-2.266593160376874,-1.9462581918412356,-1.9402866592838195,7.487549373175339,5.220956212798465,5.5412911813341035,5.54726271389152,89.0,218.0,152.00814013562731,161.33469274454245,161.5085539149516,-72.50855391495159,72.50855391495159
2022,3520400,Ilhabela,34934,177,5.066697200435106,5.72508158241255,0.6583843819774433,0.0,13.547233128842098,13.985651899116128,13.413957843776654,5.066697200435106,18.613930329277203,19.052349099551236,18.48065504421176,200.0,177.0,650.2590421229697,665.5747634437229,645.6032033144935,-445.6032033144935,445.6032033144935
2022,3520426,Ilha Comprida,13419,-104,-7.750204933303525,10.20940457560176,17.959609508905285,0.0,17.813582751198535,16.741161134865795,25.096429842104314,-7.750204933303525,10.06337781789501,8.99095620156227,17.34622490880079,137.0,-104.0,135.0404669383331,120.6496412687641,232.76899205119778,-95.76899205119778,95.76899205119778
2022,3520442,Ilha Solteira,25549,159,6.223335551293593,-5.949352225136013,-12.172687776429605,0.0,2.011536402410228,2.2771014467257,1.4129192556022867,6.223335551293593,8.23487195370382,8.500436998019293,7.636254806895879,-152.0,159.0,210.39274354517892,217.17766486239492,195.0986740613828,-347.0986740613828,347.0986740613828
2022,3520509,Indaiatuba,255748,5531,21.62675758950217,14.670691461907817,-6.956066127594351,0.0,-2.339925894855193,-2.2113647754296863,8.757430223966786,21.62675758950217,19.286831694646978,19.415392814072483,30.384187813468955,3752.0000000000005,5531.000000000001,4932.568632242575,4965.447881413409,7770.695264919058,-4018.6952649190575,4018.6952649190575
2022,3520608,Indiana,5090,32,6.286836935166994,0.7858546168958742,-5.500982318271119,0.0,-0.5746618216529571,-0.8680620855808429,1.140697754796519,6.286836935166994,5.712175113514037,5.418774849586151,7.427534689963513,3.9999999999999996,31.999999999999996,29.074971327786447,27.581563984393505,37.80615157191428,-33.80615157191428,33.80615157191428
2022,3520707,Indiaporã,4035,9,2.2304832713754648,-7.1871127633209415,-9.417596034696404,0.0,2.62380379227079,2.420962145352695,1.192212761982147,2.2304832713754648,4.854287063646255,4.65144541672816,3.422696033357612,-29.0,9.0,19.587048301812636,18.768582256498128,13.810578494597966,-42.81057849459796,42.81057849459796
2022,3520806,Inúbia Paulista,3615,22,6.085753803596127,1.6597510373443982,-4.426002766251729,0.0,0.8400853449012895,1.4855124452428736,1.3388537115902774,6.085753803596127,6.925839148497417,7.571266248839001,7.424607515186405,6.0,22.0,25.036908521818162,27.370127489552985,26.839956167398853,-20.839956167398853,20.839956167398853
2022,3520905,Ipaussu,13712,88,6.417736289381563,-0.3646441073512252,-6.782380396732788,0.0,2.988496973111933,3.5635536758092945,1.4453782787290101,6.417736289381563,9.406233262493496,9.981289965190857,7.863114568110573,-5.0,87.99999999999999,128.97827049531082,136.86344800269703,107.81902695793218,-112.81902695793218,112.81902695793218
2022,3521002,Iperó,36459,421,11.547217422309991,13.851175292794649,2.3039578704846537,0.0,1.3430100154955005,1.5351493264010356,3.3304222452728895,11.547217422309991,12.890227437805493,13.082366748711028,14.87763966758288,505.0000000000001,421.0,469.96480215495046,476.9700092912554,542.4238646404042,-37.42386464040408,37.42386464040408
2022,3521101,Ipeúna,6831,12,1.756697408871322,-6.00204948031035,-7.758746889181673,0.0,10.22704997962284,10.884623338567202,7.67235971382929,1.756697408871322,11.983747388494162,12.641320747438524,9.429057122700613,-41.0,12.000000000000002,81.86097841080363,86.35286202575256,64.40988920516789,-105.40988920516789,105.40988920516789
2022,3521150,Ipiguá,6761,53,7.839077059606568,12.424197603904748,4.58512054429818,0.0,5.7677358764486835,4.480280440724901,6.654508142062764,7.839077059606568,13.606812936055253,12.319357500331469,14.493585201669333,84.0,53.00000000000001,91.99566226066956,83.29117605974106,97.99112954848637,-13.99112954848637,13.99112954848637
2022,3521200,Iporanga,4046,-10,-2.471576866040534,2.7187345526445874,5.190311418685122,0.0,5.617297465322647,6.283227104818906,7.076806994717696,-2.471576866040534,3.1457205992821127,3.8116502387783715,4.605230128677162,11.0,-10.000000000000002,12.727585544695428,15.42193686609729,18.6327611006278,-7.6327611006278,7.6327611006278
2022,3521309,Ipuã,14454,104,7.195240071952401,-0.6226650062266501,-7.81790507817905,0.0,1.7934748473579711,2.713238721898279,1.6087343949537252,7.195240071952401,8.988714919310372,9.90847879385068,8.803974466906126,-9.0,104.0,129.92288544371212,143.21715248631773,127.25264694466115,-136.25264694466114,136.25264694466114
2022,3521408,Iracemápolis,21967,47,2.139572995857422,18.800928665725863,16.661355669868442,0.0,11.544758299170265,12.050062583294874,6.841579994878158,2.139572995857422,13.684331295027688,14.189635579152297,8.98115299073558,413.0,46.99999999999999,300.60370555787324,311.7037247672385,197.28898774748848,215.71101225251152,215.71101225251152
2022,3521507,Irapuã,6867,23,3.3493519732051844,7.135575942915392,3.786223969710208,0.0,2.298413784172438,3.3159560475980987,1.8316655996807225,3.3493519732051844,5.6477657573776225,6.665308020803283,5.1810175728859065,49.0,23.0,38.783207455912134,45.77067017885615,35.57804767300752,13.421952326992482,13.421952326992482
2022,3521606,Irapuru,7085,75,10.58574453069866,1.6937191249117856,-8.892025405786875,0.0,-10.761161527188566,-8.980324113209232,-6.654330282692942,10.58574453069866,-0.17541699648990594,1.6054204174894284,3.9314142480057184,12.0,75.00000000000001,-1.2428294201309837,11.3744036579126,27.854069947120514,-15.854069947120514,15.854069947120514
2022,3521705,Itaberá,17983,144,8.007562698103765,6.339320469332147,-1.668242228771618,0.0,0.4718916185872928,0.22720596981232144,1.2806274519187302,8.007562698103765,8.479454316691058,8.234768667916086,9.288190150022496,114.0,144.0,152.4860269770553,148.08584495513497,167.02952346785455,-53.029523467854546,53.029523467854546
2022,3521804,Itaí,25180,343,13.621922160444798,-14.336775218427322,-27.95869737887212,0.0,-1.9683530864087946,-1.43710125041703,-0.1202893615424789,13.621922160444798,11.653569074036003,12.184820910027769,13.50163279890232,-360.99999999999994,343.0,293.43686928422653,306.81379051449926,339.9711138763604,-700.9711138763603,700.9711138763603
2022,3521903,Itajobi,16989,-83,-4.885514156218729,10.712814173877216,15.598328330095944,0.0,18.095298563936193,17.169668245965468,15.119940306662803,-4.885514156218729,13.209784407717464,12.284154089746739,10.234426150444074,182.00000000000003,-82.99999999999999,224.421027302712,208.69549383070736,173.87266586989438,8.127334130105652,8.127334130105652
2022,3522000,Itaju,3618,19,5.251520176893312,19.34770591487009,14.096185737976782,0.0,3.2346057483496358,3.8249977877717054,3.546606630878102,5.251520176893312,8.486125925242948,9.076517964665017,8.798126807771414,69.99999999999999,19.000000000000004,30.702803597528987,32.83884199615803,31.831622790516978,38.16837720948301,38.16837720948301
2022,3522109,Itanhaém,112476,502,4.463174366086988,4.569863793164764,0.106689427077776,0.0,1.01747278409441,0.5549875935535789,0.7613548097758306,4.463174366086988,5.480647150181397,5.018161959640567,5.224529175862818,514.0,502.00000000000006,616.4412688638029,564.4227845725324,587.6341435843462,-73.63414358434625,73.63414358434625
2022,3522158,Itaoca,3422,9,2.6300409117475163,0.0,-2.6300409117475163,0.0,-0.009084496145633114,-0.35362177820757423,0.07571904052691697,2.6300409117475163,2.620956415601883,2.276419133539942,2.705759952274433,0.0,9.0,8.968912854189645,7.789906274973681,9.25911055668311,-9.25911055668311,9.25911055668311
2022,3522208,Itapecerica da Serra,158522,470,2.9648881543255823,7.103115025043842,4.13822687071826,0.0,4.8909743892216015,5.590083872328786,6.151011241884254,2.9648881543255823,7.855862543547184,8.554972026654369,9.115899396209837,1126.0,469.99999999999994,1245.3270421281866,1356.1512756093036,1445.070604085976,-319.0706040859759,319.0706040859759
2022,3522307,Itapetininga,157790,1848,11.71176880664174,5.291843589581089,-6.41992521706065,0.0,1.9010364214974231,2.1260811159603987,-0.6232715128550728,11.71176880664174,13.612805228139162,13.837849922602139,11.088497293786666,835.0,1848.0,2147.964536948078,2183.4743392873916,1749.6539879865982,-914.6539879865982,914.6539879865982
2022,3522406,Itapeva,89728,804,8.960413694721826,-0.4012125534950071,-9.361626248216831,0.0,1.8405603958963375,2.1350946808576428,0.4061240751849822,8.960413694721826,10.800974090618164,11.095508375579469,9.366537769906808,-36.0,804.0,969.1498032029866,995.5777755239945,840.4407010181981,-876.4407010181981,876.4407010181981
2022,3522505,Itapevi,232297,879,3.7839489963279767,-1.317279172783118,-5.101228169111095,0.0,3.9220662193590172,4.23010260057598,2.1160148270792805,3.7839489963279767,7.706015215686994,8.014051596903956,5.899963823407257,-305.99999999999994,879.0,1790.0842165584418,1861.6401438059982,1370.5438962860355,-1676.5438962860355,1676.5438962860355
2022,3522604,Itapira,72022,440,6.109244397545194,3.90158562661409,-2.2076587709311046,0.0,8.773699573663603,8.834277757628161,6.962709055069743,6.109244397545194,14.882943971208796,14.943522155173355,13.071953452614938,281.0,440.0,1071.8993906944,1076.2623526598952,941.4682315642331,-660.4682315642331,660.4682315642331
2022,3522653,Itapirapuã Paulista,4306,60,13.934045517882025,-13.237343241987924,-27.17138875986995,0.0,-7.438129629298561,-7.570130238344739,-7.266571716390399,13.934045517882025,6.495915888583464,6.363915279537285,6.667473801491625,-57.0,60.0,27.971413816240393,27.40301919368755,28.71014218922294,-85.71014218922294,85.71014218922294
2022,3522703,Itápolis,39493,-179,-4.53244878839288,15.724305573139544,20.256754361532423,0.0,16.90306689526054,17.182390511644968,15.292383540906034,-4.53244878839288,12.37061810686766,12.649941723252088,10.759934752513153,621.0,-179.00000000000003,488.55282089452453,499.5841484763947,424.942103181002,196.05789681899802,196.05789681899802
2022,3522802,Itaporanga,14085,42,2.981895633652822,3.549875754348598,0.567980120695776,0.0,2.6179591568110774,3.121121187142096,2.3992626179005354,2.981895633652822,5.599854790463899,6.1030168207949185,5.381158251553357,50.0,42.0,78.87395472368402,85.96099192089643,75.79361397312903,-25.793613973129027,25.793613973129027
2022,3522901,Itapuí,13659,200,14.642360348488175,4.831978915001098,-9.810381433487075,0.0,2.7787544130871087,2.962656734855849,-3.1794219097320284,14.642360348488175,17.421114761575282,17.605017083344023,11.462938438756147,66.0,200.0,237.9550065283568,240.466928341396,156.57227613497022,-90.57227613497022,90.57227613497022
2022,3523008,Itapura,3979,79,19.85423473234481,0.2513194269917064,-19.602915305353104,0.0,-12.392856826219184,-10.516246782399715,-11.136066689123941,19.85423473234481,7.461377906125627,9.337987949945095,8.718168043220869,0.9999999999999998,79.0,29.68882268847387,37.155854052831536,34.68959064397584,-33.68959064397584,33.68959064397584
2022,3523107,Itaquaquecetuba,369275,1991,5.391645792431115,7.660957281159027,2.2693114887279124,0.0,1.9093491505143092,2.034435330189074,1.0506098549821221,5.391645792431115,7.300994942945424,7.4260811226201895,6.442255647413237,2829.0,1991.0,2696.0749075561716,2742.2661065555703,2378.963954198523,450.03604580147703,450.03604580147703
2022,3523206,Itararé,44438,292,6.570952788154282,6.053377739772268,-0.5175750483820147,0.0,0.580956380953384,1.3678266629189806,0.9575218660573459,6.570952788154282,7.151909169107666,7.9387794510732625,7.528474654211628,269.00000000000006,292.0,317.8165396568065,352.78348124679366,334.55035668385636,-65.55035668385631,65.55035668385631
2022,3523305,Itariri,15528,-16,-1.0303967027305514,3.1555899021123133,4.185986604842864,0.0,3.913471218332771,4.822554066430011,5.381803945496711,-1.0303967027305514,2.8830745156022193,3.7921573636994594,4.351407242766159,49.0,-16.000000000000004,44.76838107827126,58.88461954352521,67.56865166567292,-18.568651665672917,18.568651665672917
2022,3523404,Itatiba,121590,2043,16.80236861584012,5.625462620281273,-11.176905995558847,0.0,-2.037012221248661,-1.9065303809211371,-4.450721067851353,16.80236861584012,14.765356394591459,14.895838234918983,12.351647547988767,684.0,2043.0000000000002,1795.3196840183755,1811.184970983799,1501.8368253599542,-817.8368253599542,817.8368253599542
2022,3523503,Itatinga,19070,248,13.004719454640798,-10.330361824855794,-23.335081279496592,0.0,-3.428154480568239,-2.771693560504173,-0.9974372197775321,13.004719454640798,9.576564974072559,10.233025894136624,12.007282234863265,-197.0,248.0,182.6250940555637,195.1438038011854,228.97887221884247,-425.97887221884247,425.97887221884247
2022,3523602,Itirapina,16148,-345,-21.36487490710924,30.09660639088432,51.46148129799356,0.0,43.42932276560275,43.00676925728196,45.093563438551016,-21.36487490710924,22.06444785849351,21.64189435017272,23.728688531441776,486.0,-345.0,356.2967040189532,349.4733099665891,383.1708624057218,102.82913759427822,102.82913759427822
2022,3523701,Itirapuã,5779,76,13.151064197958124,6.921612735767433,-6.229451462190691,0.0,-5.117457657998335,-4.260392792518273,-3.3194420104425313,13.151064197958124,8.03360653995979,8.890671405439852,9.831622187515594,40.0,76.0,46.42621219442762,51.379190052036904,56.81694462165261,-16.81694462165261,16.81694462165261
2022,3523800,Itobi,8046,156,19.38851603281133,-18.021377081779764,-37.4098931145911,0.0,-10.420678986417279,-10.556536059693975,-14.599786212641797,19.38851603281133,8.967837046394052,8.831979973117356,4.788729820169534,-144.99999999999997,155.99999999999997,72.15521687528654,71.06211086370224,38.53012013308407,-183.53012013308404,183.53012013308404
2022,3523909,Itu,168240,1625,9.658820732287207,1.890156918687589,-7.76866381359962,0.0,6.739022115511899,6.839595585977862,-1.7279790782192086,9.658820732287207,16.397842847799105,16.49841631826507,7.930841654067999,318.0,1624.9999999999998,2758.7730807137214,2775.693561384915,1334.2847998804,-1016.2847998804,1016.2847998804
2022,3524006,Itupeva,70616,1924,27.245949926362297,16.044522487821457,-11.20142743854084,0.0,-3.612361520468758,-3.9236337957644434,-0.3768572961151191,27.245949926362297,23.63358840589354,23.322316130597855,26.869092630247177,1133.0,1924.0,1668.9094788705784,1646.9286758782982,1897.3878451775347,-764.3878451775347,764.3878451775347
2022,3524105,Ituverava,37571,258,6.866998482872428,0.7718719224934124,-6.095126560379016,0.0,2.4496832874769403,3.116795380053232,1.6096645086397994,6.866998482872428,9.31668177034937,9.98379386292566,8.476662991512228,28.999999999999996,258.0,350.03705079379614,375.10111922398,318.4767052541059,-289.4767052541059,289.4767052541059
2022,3524204,Jaborandi,6221,13,2.089696190323099,5.626105127792959,3.53640893746986,0.0,2.660694608011225,3.393205619356154,8.21233152932669,2.089696190323099,4.750390798334324,5.4829018096792534,10.30202771964979,35.0,13.0,29.552181156437832,34.10913215801463,64.08891444394135,-29.08891444394135,29.08891444394135
2022,3524303,Jaboticabal,71821,262,3.647958118099163,9.760376491555396,6.112418373456231,0.0,8.921134382963661,9.198344327896468,6.1911777531985805,3.647958118099163,12.569092501062824,12.846302445995631,9.839135871297744,701.0000000000001,261.99999999999994,902.724792518833,922.6342879738522,706.6565774124753,-5.656577412475144,5.656577412475144
2022,3524402,Jacareí,240275,2081,8.660909374674851,3.625013005930704,-5.035896368744147,0.0,3.459473839852877,3.3044045137279197,1.109750447051715,8.660909374674851,12.120383214527727,11.965313888402772,9.770659821726566,870.9999999999999,2081.0,2912.2250768706494,2874.965794535976,2347.6452886653506,-1476.6452886653506,1476.6452886653506
2022,3524501,Jaci,7613,114,14.974385918823064,29.160646262971238,14.186260344148168,0.0,2.7155749816865122,2.524033107097916,-4.160812759770469,14.974385918823064,17.689960900509575,17.49841902592098,10.813573159052595,222.00000000000003,113.99999999999999,134.6736723355794,133.21546404433644,82.3237324598674,139.67626754013264,139.67626754013264
2022,3524600,Jacupiranga,16097,39,2.422811704044232,14.723240355345716,12.300428651301484,0.0,5.632958877967547,6.214892438294766,6.664973828264666,2.422811704044232,8.055770582011778,8.637704142338997,9.087785532308898,237.0,39.00000000000001,129.6737390586436,139.04112357923083,146.28608371357632,90.71391628642368,90.71391628642368
2022,3524709,Jaguariúna,59347,1089,18.3497059666032,26.673631354575637,8.323925387972434,0.0,7.418910212235569,7.3151749809636994,3.3586989463547274,18.3497059666032,25.76861617883877,25.6648809475669,21.708404912957928,1583.0000000000002,1089.0,1529.2900643655444,1523.1336895952527,1288.3287063693142,294.671293630686,294.671293630686
2022,3524808,Jales,48776,301,6.171067738231917,5.699524356240774,-0.4715433819911432,0.0,3.8967981300466175,3.8723545278769906,1.372918220344452,6.171067738231917,10.067865868278535,10.043422266108909,7.5439859585763696,278.0,301.0,491.07022559115376,489.87796445172813,367.965459115521,-89.96545911552101,89.96545911552101
2022,3524907,Jambeiro,6397,-101,-15.788650930123495,-15.476004377051744,0.3126465530717528,0.0,60.65263860881676,57.90964627980336,39.7238926050173,-15.788650930123495,44.86398767869326,42.120995349679866,23.935241674893803,-99.00000000000001,-101.0,286.9949291806008,269.4480072519021,153.11374099429565,-252.11374099429565,252.11374099429565
2022,3525003,Jandira,118045,592,5.015036638570037,4.8540810707780935,-0.1609555677919436,0.0,2.773334213297134,3.248521587650232,1.5468176982138027,5.015036638570037,7.788370851867171,8.263558226220269,6.56185433678384,573.0,592.0,919.3782372086603,975.4717308141716,774.5940951856484,-201.59409518564837,201.59409518564837
2022,3525102,Jardinópolis,45282,215,4.748023497195354,4.1296762510489815,-0.6183472461463726,0.0,6.385749108072116,6.280975464741694,8.085988511381293,4.748023497195354,11.13377260526747,11.028998961937049,12.834012008576646,186.99999999999997,215.00000000000003,504.1594911117216,499.4151309944334,581.1497317723678,-394.1497317723678,394.1497317723678
2022,3525201,Jarinu,37535,314,8.365525509524444,8.871719728253629,0.5061942187291848,0.0,4.215306349758457,3.197580466090229,2.173445052250848,8.365525509524444,12.5808318592829,11.563105975614672,10.538970561775292,332.99999999999994,314.0,472.22152383818366,434.0211827946967,395.5802600362356,-62.58026003623564,62.58026003623564
2022,3525300,Jaú,133497,1179,8.831659138407606,3.625549637819576,-5.206109500588029,0.0,3.6169298374478602,4.36050842534233,2.951824340516173,8.831659138407606,12.448588975855465,13.192167563749935,11.783483478923777,483.99999999999994,1179.0,1661.849282509777,1761.1147932579252,1573.0596939858876,-1089.0596939858876,1089.0596939858876
2022,3525409,Jeriquara,3863,38,9.83691431529899,-3.1063939943049443,-12.943308309603935,0.0,0.8824323885117491,0.2170450668103232,0.09800160830337148,9.83691431529899,10.71934670381074,10.053959382109314,9.934915923602363,-12.0,38.0,41.40883631682089,38.83844509308828,38.378580212875924,-50.378580212875924,50.378580212875924
2022,3525508,Joanópolis,12815,52,4.057744830277019,1.794771751853297,-2.2629730784237223,0.0,4.386945250229951,4.6117435851997275,7.052389932183013,4.057744830277019,8.44469008050697,8.669488415476746,11.110134762460032,23.000000000000004,52.0,108.21870338169681,111.09949404433449,142.3763769809253,-119.3763769809253,119.3763769809253
2022,3525607,João Ramalho,4371,-38,-8.693662777396476,3.431708991077557,12.125371768474032,0.0,11.593617463799664,12.728607642203077,25.5239484025709,-8.693662777396476,2.8999546864031878,4.034944864806601,16.830285625174422,15.000000000000002,-37.99999999999999,12.675701934268334,17.63674400406965,73.5651784676374,-58.565178467637395,58.565178467637395
2022,3525706,José Bonifácio,36633,244,6.660661152512762,13.785384762372724,7.124723609859962,0.0,6.066760295405341,6.108429475878641,1.5596968917388796,6.660661152512762,12.727421447918102,12.769090628391403,8.220358044251642,505.0,244.0,466.24362990158386,467.7700969898623,301.13637623507043,203.86362376492957,203.86362376492957
2022,3525805,Júlio Mesquita,4254,10,2.3507287259050305,-5.171603196991067,-7.522331922896098,0.0,-0.2773106133444865,0.4089945084977056,1.3659176046505686,2.3507287259050305,2.073418112560544,2.759723234402736,3.716646330555599,-22.0,10.0,8.820320650832555,11.73986263914924,15.810613490183517,-37.81061349018351,37.81061349018351
2022,3525854,Jumirim,3056,-6,-1.963350785340314,17.015706806282722,18.97905759162304,0.0,24.04322559184578,23.900488460075735,10.79588770973302,-1.963350785340314,22.079874806505465,21.93713767473542,8.832536924392706,52.0,-6.0,67.4760974086807,67.03989273399145,26.99223284094411,25.00776715905589,25.00776715905589
2022,3525904,Jundiaí,443221,7348,16.57863684256838,5.261483548839067,-11.317153293729312,0.0,5.9699974007457,5.581191561980495,0.12116084782858565,16.57863684256838,22.54863424331408,22.159828404548875,16.699797690396963,2332.0,7347.999999999999,9994.028217955909,9821.701305292558,7401.701032135433,-5069.701032135433,5069.701032135433
2022,3526001,Junqueirópolis,20448,325,15.89397496087637,6.0641627543036,-9.829812206572772,0.0,-5.6713802512738924,-5.511211044858138,-6.382336784546841,15.89397496087637,10.222594709602479,10.382763916018233,9.51163817632953,124.0,325.0,209.03161662195149,212.30675655474084,194.49397742958624,-70.49397742958624,70.49397742958624
2022,3526100,Juquiá,17154,19,1.1076133846333216,5.421476040573627,4.313862655940306,0.0,3.8078947035338775,4.335851489313438,4.550067031399004,1.1076133846333216,4.915508088167199,5.443464873946759,5.657680416032325,93.0,19.0,84.32062574442013,93.37719644768269,97.0518498566185,-4.051849856618503,4.051849856618503
2022,3526209,Juquitiba,27404,-45,-1.6420960443730843,-5.181725295577288,-3.539629251204204,0.0,6.018038302950754,7.157615471803024,9.048407670973528,-1.6420960443730843,4.37594225857767,5.51551942742994,7.406311626600444,-142.0,-45.0,119.91832165406245,151.14729438929007,202.96256381535855,-344.9625638153585,344.9625638153585
2022,3526308,Lagoinha,5083,28,5.508557938225457,4.721621089907535,-0.7869368483179224,0.0,-1.9708316244575195,-2.4742466265854732,-3.2087388553519953,5.508557938225457,3.5377263137679376,3.034311311639984,2.2998190828734617,24.0,27.999999999999996,17.982262852882428,15.423404397066037,11.689980398245805,12.310019601754195,12.310019601754195
2022,3526407,Laranjal Paulista,26261,-12,-0.4569513727580823,9.862533795361944,10.319485168120028,0.0,20.27208653463669,20.19970866398408,7.709454127144356,-0.4569513727580823,19.815135161878608,19.742757291226,7.252502754386274,259.00000000000006,-11.999999999999998,520.3652644860941,518.4645492248859,190.45797483293794,68.54202516706212,68.54202516706212
2022,3526506,Lavínia,9689,-1,-0.1032098255753947,1.2385179069047372,1.341727732480132,0.0,0.40494339396477086,2.3140321091935316,7.577426273766099,-0.1032098255753947,0.30173356838937615,2.210822283618137,7.474216448190704,11.999999999999998,-0.9999999999999992,2.9234965441246654,21.420657105976126,72.41768316651974,-60.41768316651974,60.41768316651974
2022,3526605,Lavrinhas,7171,-2,-0.2789011295495747,5.020220331892344,5.299121461441919,0.0,3.314363847021501,3.7631088993782216,4.552883299324427,-0.2789011295495747,3.035462717471926,3.4842077698286467,4.273982169774852,36.0,-2.0,21.767303146991186,24.985253917441227,30.648726139455466,5.351273860544534,5.351273860544534
2022,3526704,Leme,98161,1058,10.778211305915791,3.096952965026844,-7.681258340888949,0.0,0.6120821836345833,1.0237540356691448,0.4349354606020454,10.778211305915791,11.390293489550375,11.801965341584935,11.213146766517836,304.00000000000006,1058.0,1118.0825992277544,1158.492719895319,1100.6936997481573,-796.6936997481573,796.6936997481573
2022,3526803,Lençóis Paulista,66505,2640,39.69626343883918,62.55168784301932,22.85542440418013,0.0,-20.50230172114011,-19.284087898348066,-15.940144513995273,39.69626343883918,19.19396171769907,20.412175540491116,23.75611892484391,4160.0,2640.0,1276.4944240355767,1357.5117343203617,1579.9006890967441,2580.099310903256,2580.099310903256
2022,3526902,Limeira,291869,4818,16.507405719689313,4.913163097142896,-11.594242622546416,0.0,-0.9130171520542244,-0.5582897031768337,-4.975152357033346,16.507405719689313,15.594388567635088,15.949116016512479,11.532253362655968,1434.0,4818.0,4551.518596847085,4655.052542623481,3365.907256705035,-1931.9072567050348,1931.9072567050348
2022,3527009,Lindóia,7014,59,8.411747932706017,21.956087824351297,13.54433989164528,0.0,2.9261298386832264,3.9256355728531256,1.9779136922593565,8.411747932706017,11.337877771389245,12.337383505559142,10.389661624965374,154.0,59.00000000000001,79.52387468852416,86.53440790799182,72.87308663750713,81.12691336249287,81.12691336249287
2022,3527108,Lins,74779,92,1.230291926877867,18.374142473154222,17.143850546276358,0.0,13.114242321257574,13.200632588845234,13.57451744902528,1.230291926877867,14.34453424813544,14.4309245157231,14.804809375903146,1373.9999999999995,92.00000000000001,1072.6699265413201,1079.1301043612577,1107.0888403206613,266.9111596793382,266.9111596793382
2022,3527207,Lorena,84855,1040,12.256201755936598,8.56755641977491,-3.688645336161688,0.0,-4.491403280991091,-4.184840802552976,-4.083216722851932,12.256201755936598,7.764798474945507,8.071360953383621,8.172985033084665,727.0,1040.0,658.8819745915009,684.8953336993671,693.5186449823992,33.48135501760078,33.48135501760078
2022,3527256,Lourdes,1950,3,1.5384615384615383,5.641025641025641,4.102564102564103,0.0,-0.28155382821681385,0.6408538761858242,1.4858802680678933,1.5384615384615383,1.2569077102447244,2.1793154146473626,3.0243418065294314,11.0,2.9999999999999996,2.4509700349772126,4.249665058562358,5.897466522732391,5.102533477267609,5.102533477267609
2022,3527306,Louveira,51847,-465,-8.968696356587651,13.23123806584759,22.19993442243524,0.0,23.89502512484829,23.77133934630974,34.20257606896852,-8.968696356587651,14.926328768260637,14.80264298972209,25.23387971238087,686.0,-464.99999999999994,773.8853676480093,767.4726310881213,1308.300961447811,-622.300961447811,622.300961447811
2022,3527405,Lucélia,20061,-2572,-128.20896266387518,-62.95797816659189,65.2509844972833,0.0,165.44672353147374,159.18556218649914,105.19677955777534,-128.20896266387518,37.23776086759855,30.976599522623957,-23.01218310609984,-1263.0,-2572.0,747.0267207648947,621.4215630233591,-461.6474052914689,-801.3525947085311,801.3525947085311
2022,3527504,Lucianópolis,2372,263,110.87689713322092,-16.863406408094434,-127.74030354131534,0.0,-80.06997230829865,-76.97664137014216,-60.989342432531465,110.87689713322092,30.806924824922277,33.90025576307876,49.887554700689456,-40.0,263.0,73.07402568471564,80.41140667002281,118.33327975003539,-158.3332797500354,158.3332797500354
2022,3527603,Luís Antônio,12265,631,51.44720750101916,56.09457806767224,4.6473705666530805,0.0,-21.92167652241309,-19.238673689107692,-39.515288682080204,51.44720750101916,29.525530978606067,32.208533811911465,11.931918818938954,688.0,631.0,362.1306374526034,395.0376672030941,146.34498431428628,541.6550156857137,541.6550156857137
2022,3527702,Luiziânia,4701,5,1.0636034886194423,4.041693256753882,2.97808976813444,0.0,2.212445801781863,3.705743028473176,8.210632543538516,1.0636034886194423,3.276049290401305,4.769346517092618,9.274236032157958,18.999999999999996,4.999999999999998,15.400707714176537,22.420697976852395,43.59818358717457,-24.59818358717457,24.59818358717457
2022,3527801,Lupércio,3981,-15,-3.767897513187641,4.52147701582517,8.289374529012811,0.0,7.964567000923739,9.108025882708723,9.74974449110934,-3.767897513187641,4.196669487736099,5.340128369521082,5.981846977921698,18.0,-14.999999999999998,16.706941230677412,21.259051039063426,23.81373281910628,-5.813732819106281,5.813732819106281
2022,3527900,Lutécia,2661,-16,-6.012777151446825,2.254791431792559,8.267568583239385,0.0,9.670546667684587,10.328673618010516,20.58349736297728,-6.012777151446825,3.657769516237762,4.315896466563691,14.570720211530455,6.0,-16.0,9.733324682708684,11.484600497525982,38.77268648288254,-32.77268648288254,32.77268648288254
2022,3528007,Macatuba,16829,42,2.4956919603066137,-0.891318557252362,-3.387010517558976,0.0,6.692099859196665,6.801201345151878,5.662932034966111,2.4956919603066137,9.187791819503278,9.296893305458491,8.158623995272725,-15.0,42.0,154.62134853042068,156.45741743756093,137.3014832164447,-152.3014832164447,152.3014832164447
2022,3528106,Macaubal,7481,51,6.817270418393263,-2.005079534821548,-8.822349953214811,0.0,4.1262196567292095,4.523591438426059,1.8714191851502742,6.817270418393263,10.943490075122472,11.340861856819322,8.688689603543537,-15.000000000000002,51.0,81.86824925199122,84.84098755086535,65.0000869241092,-80.0000869241092,80.0000869241092
2022,3528205,Macedônia,3963,30,7.57002271006813,-7.822356800403735,-15.392379510471866,0.0,-2.465463634520246,-2.964942883358077,-2.3742628219882027,7.57002271006813,5.1045590755478845,4.605079826710053,5.195759888079928,-31.000000000000004,30.0,20.229367616396267,18.24993135325194,20.590796436460753,-51.59079643646076,51.59079643646076
2022,3528304,Magda,3165,-30,-9.47867298578199,7.582938388625592,17.061611374407583,0.0,15.422116144006182,15.702085925588396,21.262228300063796,-9.47867298578199,5.943443158224191,6.223412939806405,11.783555314281806,23.999999999999996,-30.0,18.810997595779565,19.697101954487273,37.29495256970191,-13.294952569701916,13.294952569701916
2022,3528403,Mairinque,50027,299,5.976772542826874,-2.098866612029504,-8.075639154856377,0.0,5.912639436540455,5.546855519166866,4.34727668801839,5.976772542826874,11.889411979367328,11.52362806199374,10.324049230845263,-105.0,299.0,594.7916130918094,576.4925410573608,516.481210871496,-621.481210871496,621.481210871496
2022,3528502,Mairiporã,93853,472,5.0291413167400085,4.73080242506899,-0.2983388916710181,0.0,2.7218500661674208,3.2729913419910623,1.6749895798230685,5.0291413167400085,7.750991382907429,8.302132658731072,6.704130896563077,443.99999999999994,472.0,727.4537942600109,779.1800564198873,629.2027970351345,-185.20279703513455,185.20279703513455
2022,3528601,Manduri,9871,84,8.509776111842772,-5.369263499138891,-13.879039610981664,0.0,3.7280415977357464,3.5998390602588124,1.3170493199845288,8.509776111842772,12.237817709578518,12.109615172101584,9.8268254318273,-52.99999999999999,84.0,120.79949861124955,119.53401136381474,97.00059383756728,-150.00059383756727,150.00059383756727
2022,3528700,Marabá Paulista,4573,2,0.4373496610540127,-10.059042204242292,-10.496391865296305,0.0,2.097063287184016,3.7842862042743146,4.398603400363248,0.4373496610540127,2.5344129482380287,4.221635865328327,4.835953061417261,-46.0,2.0,11.589870412292505,19.30554081214644,22.11481334986113,-68.11481334986112,68.11481334986112
2022,3528809,Maracaí,12673,65,5.129014440148347,9.705673479049947,4.576659038901602,0.0,4.466959993453078,5.3306336888994394,2.696775278906571,5.129014440148347,9.595974433601425,10.459648129047785,7.825789719054917,122.99999999999999,65.0,121.60978399703086,132.5551207394226,99.17623310958297,23.82376689041702,23.82376689041702
2022,3528858,Marapoama,3292,30,9.113001215066827,80.80194410692589,71.68894289185906,0.0,18.987066433035046,17.89547972924698,0.14945034932465354,9.113001215066827,28.100067648101874,27.008480944313806,9.262451564391482,266.0,29.999999999999996,92.50542269755137,88.91191926868106,30.491990549976755,235.50800945002325,235.50800945002325
2022,3528908,Mariápolis,3513,0,0.0,3.985197836606889,3.985197836606889,0.0,1.9730670662800711,3.056253597708075,4.080628961428848,0.0,1.9730670662800711,3.056253597708075,4.080628961428848,14.000000000000002,0.0,6.93138460384189,10.736618888748469,14.335249541499541,-0.33524954149953956,0.33524954149953956
2022,3529005,Marília,237627,355,1.4939379784283773,7.5622719640444895,6.068333985616112,0.0,12.234220296595137,12.053457425478708,5.8959027527998185,1.4939379784283773,13.728158275023514,13.547395403907085,7.389840731228196,1797.0,355.0,3262.1810664190125,3219.226927644229,1756.0256834395625,40.9743165604375,40.9743165604375
2022,3529104,Marinópolis,1860,3,1.6129032258064515,3.763440860215054,2.1505376344086025,0.0,0.1998190771138697,0.8769587081698544,1.4383151838813346,1.6129032258064515,1.8127223029203212,2.489861933976306,3.0512184096877863,7.0,3.0,3.3716634834317976,4.631143197195929,5.6752662420192825,1.3247337579807175,1.3247337579807175
2022,3529203,Martinópolis,24881,-28,-1.1253566978819178,5.70716611068687,6.832522808568788,0.0,4.965528244382347,5.670731758237991,3.804462394814458,-1.1253566978819178,3.8401715465004296,4.545375060356073,2.67910569693254,142.00000000000003,-27.999999999999996,95.5473082484772,113.09347687671945,66.65882884537852,75.3411711546215,75.3411711546215
2022,3529302,Matão,79033,1402,17.739425303354295,33.37846216137562,15.639036858021328,0.0,2.8814591874768527,3.169720203314717,-7.35323464784113,17.739425303354295,20.62088449083115,20.909145506669013,10.386190655513165,2637.9999999999995,1402.0,1629.7303639638583,1652.5124968285722,820.8518060771719,1817.1481939228277,1817.1481939228277
2022,3529401,Mauá,418261,2647,6.32858430501529,8.867668752286251,2.539084447270961,0.0,0.8556006722940128,1.7542178519679412,1.394249251081503,6.32858430501529,7.184184977309302,8.082802156983231,7.722833556096793,3708.9999999999995,2647.0,3004.864392794366,3380.7209129819635,3230.160086006601,478.83991399339857,478.83991399339857
2022,3529500,Mendonça,6159,187,30.3620717648969,30.52443578503004,0.1623640201331362,0.0,-0.7645186871883651,-1.3489397770077471,-8.231726193363526,30.3620717648969,29.597553077708536,29.013131987889153,22.130345571533375,188.0,187.0,182.29132940560686,178.6918799134093,136.30079837507407,51.699201624925934,51.699201624925934
2022,3529609,Meridiano,4572,69,15.091863517060368,17.060367454068242,1.968503937007874,0.0,-1.9540590773290054,-2.705306918971008,2.1687478785427796,15.091863517060368,13.137804439731362,12.38655659808936,17.26061139560315,78.0,69.0,60.06604189845178,56.63133676646456,78.9155153006976,-0.9155153006976064,0.9155153006976064
2022,3529658,Mesópolis,1952,15,7.684426229508197,0.5122950819672132,-7.172131147540983,0.0,-4.572285836876576,-5.057921222589252,-4.59368093898238,7.684426229508197,3.1121403926316207,2.6265050069189444,3.090745290525817,1.0000000000000002,15.0,6.074898046416924,5.126937773505779,6.033134807106395,-5.033134807106395,5.033134807106395
2022,3529708,Miguelópolis,19441,206,10.596162748829792,15.99711948973818,5.400956740908388,0.0,-1.6523588412366164,-0.8418393762912831,0.9709371081449699,10.596162748829792,8.943803907593177,9.75432337253851,11.567099856974762,310.99999999999994,206.0,173.87649176751896,189.63380068552115,224.87598831944635,86.1240116805536,86.1240116805536
2022,3529807,Mineiros do Tietê,11230,118,10.507569011576136,1.157613535173642,-9.349955476402494,0.0,-5.357916352351976,-4.50279056821381,-3.2867964987377034,10.507569011576136,5.149652659224159,6.0047784433623255,7.220772512838432,13.0,118.0,57.830599363087316,67.4336619189589,81.08927531917558,-68.08927531917558,68.08927531917558
2022,3529906,Miracatu,18553,68,3.6651754433245296,1.940386999407104,-1.7247884439174257,0.0,2.2633551035651185,2.5304865012514814,1.1119715325610067,3.6651754433245296,5.9285305468896485,6.1956619445760115,4.777146975885536,36.0,68.0,109.99202723644365,114.94811605771874,88.63040784360435,-52.630407843604345,52.630407843604345
2022,3530003,Mira Estrela,3126,59,18.87396033269354,-5.758157389635317,-24.632117722328857,0.0,-14.563118239444009,-14.652230998623669,-14.520839020676105,18.87396033269354,4.31084209324953,4.22172933406987,4.353121312017434,-18.0,59.0,13.47569238349803,13.197125898302415,13.6078572213665,-31.6078572213665,31.6078572213665
2022,3530102,Mirandópolis,27983,247,8.826787692527606,2.6801986920630383,-6.146589000464568,0.0,-3.4059253390563047,-3.0918725771207054,-2.455322474125671,8.826787692527606,5.420862353471302,5.734915115406901,6.371465218401935,75.0,247.0,151.69199123718744,160.4801296744313,178.29271120654136,-103.29271120654136,103.29271120654136
2022,3530201,Mirante do Paranapanema,15917,-74,-4.649117295972859,11.99974869636238,16.64886599233524,0.0,7.5660263578742954,8.983657315385223,9.719928847493401,-4.649117295972859,2.9169090619014364,4.334540019412364,5.070811551520542,191.0,-74.0,46.42844153828516,68.99287348898659,80.71210746555248,110.28789253444752,110.28789253444752
2022,3530300,Mirassol,63337,327,5.162858992374126,5.747035697933278,0.5841767055591518,0.0,8.88299187123457,8.414670679096986,6.08551431296711,5.162858992374126,14.045850863608695,13.577529671471112,11.248373305341236,364.0,327.0,889.6220561483839,859.9599968019658,712.4382200403978,-348.4382200403978,348.4382200403978
2022,3530409,Mirassolândia,4669,0,0.0,3.641036624544871,3.641036624544871,0.0,11.530128706147398,11.609039197508423,13.003446681404773,0.0,11.530128706147398,11.609039197508423,13.003446681404773,17.000000000000004,0.0,53.8341709290022,54.20260401316683,60.71309255547889,-43.71309255547888,43.71309255547888
2022,3530508,Mococa,67681,1035,15.292327241027763,8.082031884871677,-7.210295356156086,0.0,-4.570945259057076,-4.411839565951857,-4.153349515655187,15.292327241027763,10.721381981970687,10.880487675075907,11.138977725372577,547.0,1035.0,725.6338539217581,736.4022863368124,753.8971514309414,-206.89715143094145,206.89715143094145
2022,3530607,Mogi das Cruzes,451505,7273,16.108348744753656,10.378622606615652,-5.729726138138004,0.0,-3.2006804190435982,-3.0995272821795434,-3.5313022186489103,16.108348744753656,12.907668325710057,13.008821462574112,12.577046526104745,4686.0,7272.999999999999,5827.876787399719,5873.547934459524,5678.599391768923,-992.5993917689229,992.5993917689229
2022,3530706,Mogi Guaçu,153658,1889,12.293534993296802,10.13940048679535,-2.1541345065014514,0.0,4.061796881973373,3.898025270977656,1.199291211055412,12.293534993296802,16.355331875270174,16.191560264274457,13.492826204352214,1558.0,1889.0,2513.1275852902645,2487.962767087885,2073.2806889083527,-515.2806889083527,515.2806889083527
2022,3530805,Mogi Mirim,92558,1012,10.93368482465049,10.242226495818835,-0.6914583288316525,0.0,4.073964738582785,4.062185890703913,-0.9456321166269593,10.93368482465049,15.007649563233276,14.995870715354403,9.988052708023531,947.9999999999998,1012.0,1389.0780282737455,1387.987801671773,924.4741825492421,23.5258174507577,23.5258174507577
2022,3530904,Mombuca,3722,69,18.538420204191297,0.2686727565824826,-18.26974744760881,0.0,-5.97781257315191,-6.252123551485324,-8.108740256073082,18.538420204191297,12.560607631039387,12.286296652705973,10.429679948118215,1.0000000000000002,69.00000000000001,46.7505816027286,45.72959614137163,38.819268766896,-37.819268766896,37.819268766896
2022,3531001,Monções,1937,-29,-14.97160557563242,-18.58544140423335,-3.61383582860093,0.0,16.085297900366232,18.212130323571504,24.21238381201103,-14.97160557563242,1.1136923247338117,3.2405247479390837,9.24077823637861,-36.0,-28.999999999999996,2.1572220330093934,6.276896436758006,17.899387443865365,-53.899387443865365,53.899387443865365
2022,3531100,Mongaguá,61951,431,6.957111265354877,9.313812529256994,2.356701263902117,0.0,-0.5255885487297746,-0.9182519946985349,0.7838644068672116,6.957111265354877,6.4315227166251026,6.038859270656342,7.740975672222088,577.0,431.0,398.4392638176417,374.11337067643103,479.56118386983064,97.43881613016936,97.43881613016936
2022,3531209,Monte Alegre do Sul,8627,132,15.30079981453576,-1.0432363509910745,-16.344036165526834,0.0,-7.5653051056916665,-7.866090264458748,-8.068100214849665,15.30079981453576,7.735494708844093,7.434709550077011,7.232699599686095,-9.0,132.0,66.734112853198,64.13923928851437,62.39649944649194,-71.39649944649193,71.39649944649193
2022,3531308,Monte Alto,47574,777,16.33245049817127,5.339050742001934,-10.993399756169335,0.0,-4.588468345284707,-4.055472700762341,-3.747094201593319,16.33245049817127,11.743982152886563,12.276977797408929,12.58535629657795,254.0,777.0,558.7082069414254,584.0649417339323,598.7357404533993,-344.73574045339933,344.73574045339933
2022,3531407,Monte Aprazível,22280,-8,-0.3590664272890485,15.529622980251348,15.888689407540395,0.0,11.575359215753092,12.243433765153252,10.483556638264226,-0.3590664272890485,11.216292788464044,11.884367337864203,10.124490210975177,346.00000000000006,-8.0,249.89900332697889,264.78370428761446,225.57364190052695,120.4263580994731,120.4263580994731
2022,3531506,Monte Azul Paulista,18151,-466,-25.67351661065506,34.04771086992452,59.72122748057959,0.0,40.829424855044735,40.17268527082122,43.578939181893645,-25.67351661065506,15.155908244389675,14.49916866016616,17.905422571238585,618.0,-466.0,275.09489054391696,263.17441035067594,325.0013250905516,292.9986749094484,292.9986749094484
2022,3531605,Monte Castelo,4222,13,3.079109426811937,5.210800568450971,2.1316911416390334,0.0,7.554139527291691,7.3416671980031,4.936116028521688,3.079109426811937,10.633248954103628,10.420776624815037,8.015225455333624,21.999999999999996,12.999999999999996,44.89357708422551,43.99651890996908,33.840281872418565,-11.840281872418569,11.840281872418569
2022,3531704,Monteiro Lobato,4138,45,10.874818753020785,1.4499758337361044,-9.42484291928468,0.0,-5.705315653236473,-4.98637138713703,-3.025303666913916,10.874818753020785,5.169503099784312,5.888447365883755,7.8495150861068685,6.0,45.00000000000001,21.391403826907485,24.36639520002698,32.48129342631022,-26.481293426310224,26.481293426310224
2022,3531803,Monte Mor,64662,675,10.438897652407906,8.892394296495622,-1.546503355912284,0.0,5.033495417202179,4.560641470197612,2.6064244330920614,10.438897652407906,15.472393069610085,14.999539122605519,13.045322085499969,574.9999999999999,675.0,1000.4758806671273,969.9001987459181,843.536616692599,-268.53661669259907,268.53661669259907
2022,3531902,Morro Agudo,27933,583,20.871370780080905,44.78573729996778,23.914366519886872,0.0,-8.874969051116139,-7.476276103828204,-6.531882783656515,20.871370780080905,11.996401728964766,13.3950946762527,14.33948799642439,1251.0,582.9999999999999,335.0954894951728,374.1651795917667,400.5449182041225,850.4550817958775,850.4550817958775
2022,3532009,Morungaba,13720,183,13.338192419825072,-5.393586005830904,-18.73177842565597,0.0,1.7343463315343062,1.778887160114651,0.5314684644217873,13.338192419825072,15.072538751359378,15.117079579939723,13.869660884246859,-74.0,183.0,206.79523166865067,207.406331836773,190.2917473318669,-264.2917473318669,264.2917473318669
2022,3532058,Motuca,4034,16,3.966286564204264,-8.676251859196828,-12.642538423401092,0.0,2.1682931605890032,3.2666788765586334,1.9388953460569858,3.966286564204264,6.134579724793268,7.232965440762897,5.90518191026125,-35.00000000000001,16.0,24.746894609816042,29.177782588037527,23.821503825993883,-58.82150382599389,58.82150382599389
2022,3532108,Murutinga do Sul,3737,6,1.6055659620016056,1.0703773080010703,-0.5351886540005353,0.0,-0.11106416400499941,0.9629559176220712,1.9239870202371967,1.6055659620016056,1.4945017979966062,2.5685218796236766,3.529552982238802,4.0,6.0,5.584953219113317,9.59856626415368,13.189939494626405,-9.189939494626405,9.189939494626405
2022,3532157,Nantes,2660,8,3.007518796992481,-1.8796992481203008,-4.887218045112782,0.0,1.41896287628734,2.6317250517750703,2.008584377557893,3.007518796992481,4.426481673279821,5.639243848767551,5.0161031745503735,-5.0,8.0,11.774441250924324,15.000388637721686,13.342834444303993,-18.342834444303993,18.342834444303993
2022,3532207,Narandiba,5713,92,16.10362331524593,11.90267810257308,-4.200945212672851,0.0,-5.430561622287535,-6.034621050715151,1.2908430440484737,16.10362331524593,10.673061692958395,10.069002264530779,17.3944663592944,68.00000000000001,92.0,60.975201451871314,57.524209937264345,99.37458631064891,-31.374586310648894,31.374586310648894
2022,3532306,Natividade da Serra,6999,4,0.5715102157451065,-3.1433061865980854,-3.714816402343192,0.0,3.4414706678103357,3.2089543323112677,10.099387669661384,0.5715102157451065,4.012980883555442,3.7804645480563743,10.670897885406491,-22.0,4.000000000000001,28.08685320400454,26.459471371846565,74.68561429996002,-96.68561429996002,96.68561429996002
2022,3532405,Nazaré Paulista,18217,55,3.019157929406598,6.6970412252291815,3.6778832958225833,0.0,4.541303967437908,4.709403122207541,4.4503344064629395,3.019157929406598,7.560461896844506,7.72856105161414,7.469492335869537,122.0,55.0,137.72893437481636,140.7911966772548,136.07174188253538,-14.071741882535377,14.071741882535377
2022,3532504,Neves Paulista,9699,17,1.7527580162903391,1.0310341272296113,-0.7217238890607278,0.0,5.7105701614727,5.234116552071946,3.3177861392602344,1.7527580162903391,7.463328177763039,6.986874568362285,5.070544155550573,10.0,17.0,72.3868199961237,67.7656964385458,49.17920776468501,-39.17920776468501,39.17920776468501
2022,3532603,Nhandeara,9852,3,0.3045066991473812,13.702801461632156,13.398294762484776,0.0,6.289241785746364,7.393376148231243,9.669403918567859,0.3045066991473812,6.593748484893744,7.697882847378624,9.97391061771524,135.0,2.9999999999999996,64.96161007317318,75.8395418123742,98.26296740573055,36.73703259426945,36.73703259426945
2022,3532702,Nipoã,4750,49,10.31578947368421,1.473684210526316,-8.842105263157894,0.0,-3.9549520527996993,-3.2583331743614465,-2.500724412332696,10.31578947368421,6.360837420884511,7.057456299322764,7.815065061351515,7.000000000000001,49.0,30.21397774920143,33.522917421783134,37.121559041419694,-30.121559041419694,30.121559041419694
2022,3532801,Nova Aliança,6693,96,14.343343792021516,21.813835350366052,7.4704915583445395,0.0,-2.64102811731038,-2.231511621475998,-0.8490462933025854,14.343343792021516,11.702315674711135,12.111832170545519,13.49429749871893,145.99999999999997,96.0,78.32359881084163,81.06449271746115,90.3173331589258,55.682666841074166,55.682666841074166
2022,3532827,Nova Campina,8497,184,21.6547016594092,-4.825232434977051,-26.47993409438625,0.0,-13.235837636381643,-12.16990212970222,-20.149207523830967,21.6547016594092,8.418864023027556,9.48479952970698,1.5054941355782319,-41.0,183.99999999999997,71.53508760366515,80.5923416039202,12.792183670008237,-53.792183670008235,53.792183670008235
2022,3532843,Nova Canaã Paulista,2032,0,0.0,2.952755905511811,2.952755905511811,0.0,2.148741768676336,1.9690371274259713,4.746105647218107,0.0,2.148741768676336,1.9690371274259713,4.746105647218107,6.0,0.0,4.366243273950315,4.001083442929573,9.644086675147193,-3.644086675147193,3.644086675147193
2022,3532868,Nova Castilho,1062,3,2.824858757062147,46.13935969868174,43.31450094161959,0.0,2.3995854952073037,3.5747645929928433,2.8476071837910983,2.824858757062147,5.224444252269451,6.39962335005499,5.672465940853245,49.00000000000001,3.0,5.548359795910157,6.7963999977583995,6.024158829186146,42.97584117081386,42.97584117081386
2022,3532900,Nova Europa,9311,-41,-4.403393835248631,14.391579851788208,18.79497368703684,0.0,10.677119794989054,12.180583265068101,12.389896647790595,-4.403393835248631,6.273725959740423,7.777189429819471,7.986502812541964,134.0,-41.0,58.41466241114308,72.4134107810491,74.36232768757823,59.63767231242177,59.63767231242177
2022,3533007,Nova Granada,19419,277,14.264380246150676,10.556671301302847,-3.7077089448478286,0.0,-7.211939855831072,-6.468450308907125,-5.5279472768331255,14.264380246150676,7.052440390319604,7.795929937243551,8.736432969317551,205.0,277.0,136.9513399396164,151.3891634513325,169.65279183117755,35.34720816882245,35.34720816882245
2022,3533106,Nova Guataporanga,2156,17,7.884972170686456,-0.4638218923933209,-8.348794063079778,0.0,-5.5985214046273635,-5.553147532292329,-6.099722246108164,7.884972170686456,2.286450766059093,2.331824638394127,1.7852499245782925,-0.9999999999999999,17.0,4.929587851623404,5.027413920377738,3.8489988373907984,-4.848998837390798,4.848998837390798
2022,3533205,Nova Independência,4609,164,35.58255586895205,41.00672597092645,5.424170101974404,0.0,-20.375518211914585,-20.34529735736666,-33.920115832505196,35.58255586895205,15.207037657037464,15.237258511585388,1.6624400364468528,189.00000000000003,164.0,70.08923656128567,70.22852447989705,7.662186127983545,181.33781387201648,181.33781387201648
2022,3533254,Novais,4412,103,23.345421577515868,25.611967361740707,2.2665457842248387,0.0,-5.47271493848306,-3.5035429936407816,-0.23641966714535811,23.345421577515868,17.872706639032806,19.841878583875086,23.10900191037051,113.0,103.00000000000001,78.85438169141274,87.54236831205688,101.95691642855469,11.043083571445308,11.043083571445308
2022,3533304,Nova Luzitânia,2837,10,3.5248501938667607,1.7624250969333803,-1.7624250969333803,0.0,-2.3666388515102694,0.08853428579181788,2.242893191428687,3.5248501938667607,1.1582113423564913,3.6133844796585786,5.767743385295448,5.0,10.0,3.2858455782653655,10.251171768791387,16.363087984083187,-11.363087984083187,11.363087984083187
2022,3533403,Nova Odessa,62019,678,10.932133700962607,4.885599574323997,-6.04653412663861,0.0,10.557224250659544,10.105828895804667,1.1049929705322934,10.932133700962607,21.489357951622154,21.037962596767272,12.037126671494901,303.0,678.0,1332.7484908016543,1304.7534022889095,746.5305590394423,-443.5305590394423,443.5305590394423
2022,3533502,Novo Horizonte,38324,464,12.107295689385245,3.339943638451101,-8.767352050934141,0.0,1.5699918047176586,2.020806135175162,-1.495357684659146,12.107295689385245,13.677287494102902,14.128101824560407,10.611938004726099,128.0,464.0000000000001,524.1683659239997,541.445374324453,406.691912093123,-278.691912093123,278.691912093123
2022,3533601,Nuporanga,7391,401,54.25517521309701,49.79028548234339,-4.464889730753619,0.0,-28.566156594334412,-27.540624589562707,-46.32606418281111,54.25517521309701,25.6890186187626,26.714550623534304,7.9291110302859025,368.0,401.0,189.86753661127437,197.44724365854205,58.6040596248431,309.3959403751569,309.3959403751569
2022,3533700,Ocauçu,4331,40,9.235742322789196,-0.9235742322789194,-10.159316555068116,0.0,4.37447618074433,4.108419827867536,7.471408442506838,9.235742322789196,13.610218503533527,13.344162150656732,16.707150765296035,-4.0,40.00000000000001,58.94585633880371,57.79356627449431,72.35866996449712,-76.35866996449712,76.35866996449712
2022,3533809,Óleo,2512,-16,-6.369426751592357,7.165605095541402,13.53503184713376,0.0,9.530005737849113,10.324568469640298,22.220270467400532,-6.369426751592357,3.1605789862567555,3.9551417180479405,15.850843715808175,18.0,-16.0,7.93937441347697,9.935315995736426,39.81731941411013,-21.81731941411013,21.81731941411013
2022,3533908,Olímpia,55074,691,12.546755274721283,14.017503722264587,1.470748447543306,0.0,4.428559900137567,4.232630467482481,2.127177530823975,12.546755274721283,16.97531517485885,16.779385742203765,14.673932805545258,771.9999999999999,691.0,934.8985079401763,924.1078903661302,808.1521753325995,-36.152175332599654,36.152175332599654
2022,3534005,Onda Verde,4771,54,11.318381890588975,23.26556277509956,11.947180884510583,0.0,0.8061786942971532,0.3750591415022986,2.070664614600045,11.318381890588975,12.12456058488613,11.693441032091274,13.38904650518902,111.0,54.0,57.846278550491725,55.78940716410747,63.87914087625682,47.12085912374318,47.12085912374318
2022,3534104,Oriente,6085,86,14.133114215283484,-6.409202958093673,-20.54231717337716,0.0,-8.344392209071238,-7.978309331424241,-9.043190324846298,14.133114215283484,5.788722006212247,6.154804883859243,5.089923890437186,-39.0,86.0,35.224373407801515,37.4519877182835,30.972186873310278,-69.97218687331028,69.97218687331028
2022,3534203,Orindiúva,6024,0,0.0,32.86852589641434,32.86852589641434,0.0,24.959987764377544,25.134679258491946,9.841830329513357,0.0,24.959987764377544,25.134679258491946,9.841830329513357,197.99999999999997,0.0,150.35896629261035,151.41130785315548,59.28718590498846,138.7128140950115,138.7128140950115
2022,3534302,Orlândia,38319,413,10.777943056969129,-1.3831258644536653,-12.161068921422792,0.0,4.733168003287743,5.5213839882945,1.2081566599981655,10.777943056969129,15.511111060256871,16.299327045263627,11.986099716967294,-53.0,413.00000000000006,594.3702647179831,624.5739130474569,459.2953550544697,-512.2953550544697,512.2953550544697
2022,3534401,Osasco,728615,9757,13.391159940434935,0.4515416234911441,-12.939618316943791,0.0,2.2574240983779768,1.8105893912393602,7.218755349662667,13.391159940434935,15.648584038812912,15.201749331674296,20.609915290097604,328.99999999999994,9757.0,11401.793059439671,11076.222589297868,15016.693429094465,-14687.693429094465,14687.693429094465
2022,3534500,Oscar Bressane,2470,18,7.28744939271255,4.048582995951417,-3.238866396761133,0.0,-1.8501156655127318,-1.6893868064334157,0.37714935029426194,7.28744939271255,5.437333727199818,5.598062586279134,7.664598743006812,10.0,18.0,13.43021430618355,13.827214588109461,18.931558895226825,-8.931558895226825,8.931558895226825
2022,3534609,Osvaldo Cruz,31272,279,8.921719109746737,9.369403939626505,0.4476848298797655,0.0,1.1329349850972976,1.4210958016644413,0.933919156225833,8.921719109746737,10.054654094844036,10.342814911411178,9.855638265972571,293.00000000000006,279.0,314.4291428539627,323.44050790965036,308.20551985349425,-15.205519853494195,15.205519853494195
2022,3534708,Ourinhos,103970,1271,12.224680196210445,-1.5196691353274985,-13.744349331537943,0.0,0.17205079369558662,0.7417926789562761,-0.7334256893516498,12.224680196210445,12.39673098990603,12.96647287516672,11.491254506858795,-158.00000000000003,1271.0,1288.8881210205302,1348.124184831084,1194.7457310781087,-1352.7457310781087,1352.7457310781087
2022,3534757,Ouroeste,10294,101,9.811540703322324,34.5832523800272,24.771711676704875,0.0,2.6892743955627285,2.913304361911944,0.47462263896984586,9.811540703322324,12.500815098885052,12.724845065234268,10.28616334229217,355.99999999999994,101.0,128.68339062792273,130.98955510152157,105.8857654455556,250.11423455444435,250.11423455444435
2022,3534807,Ouro Verde,7779,87,11.183956806787505,-1.414063504306466,-12.59802031109397,0.0,-6.7103169286718485,-6.1721003099381555,-6.575214384148077,11.183956806787505,4.473639878115656,5.011856496849349,4.608742422639428,-10.999999999999998,87.0,34.80044461186169,38.98723168899109,35.85140730571211,-46.85140730571211,46.85140730571211
2022,3534906,Pacaembu,14877,-20,-1.3443570612354645,5.780735363312496,7.12509242454796,0.0,4.173380018425413,4.457827906051748,4.735850832871702,-1.3443570612354645,2.829022957189949,3.113470844816284,3.391493771636238,86.0,-20.000000000000004,42.087374534114865,46.31910575833185,50.45525284063231,35.54474715936769,35.54474715936769
2022,3535002,Palestina,11476,52,4.5311955385151625,21.436040432206344,16.90484489369118,0.0,2.864772515928503,3.7306330740147784,2.622900052499702,4.5311955385151625,7.3959680544436655,8.261828612529941,7.1540955910148645,246.0,52.00000000000001,84.87612939279549,94.81274515739359,82.10040100248659,163.8995989975134,163.8995989975134
2022,3535101,Palmares Paulista,9650,32,3.316062176165804,14.818652849740932,11.502590673575128,0.0,-0.4747655385124451,2.021279256022873,2.3386738518413503,3.316062176165804,2.841296637653359,5.337341432188676,5.654736028007154,143.0,32.00000000000001,27.418512553354915,51.50534482062073,54.56820267026904,88.43179732973095,88.43179732973095
2022,3535200,Palmeira d'Oeste,8903,2,0.2246433786364146,13.703246096821296,13.47860271818488,0.0,5.039588453689951,5.31575398383885,5.41460628383625,0.2246433786364146,5.264231832326365,5.5403973624752645,5.639249662472665,122.0,1.9999999999999991,46.867456003201625,49.32615771811727,50.206239744994136,71.79376025500586,71.79376025500586
2022,3535309,Palmital,19594,230,11.738287230784934,-3.776666326426457,-15.514953557211392,0.0,-3.4122646392333693,-2.418904161846923,-1.6408824347013633,11.738287230784934,8.326022591551565,9.319383068938011,10.09740479608357,-74.0,230.0,163.14008665886138,182.60399185277137,197.8485495744615,-271.84854957446146,271.84854957446146
2022,3535408,Panorama,14964,-64,-4.276931301790965,2.338946805666934,6.615878107457899,0.0,13.180632852742367,13.47348940489971,9.61078571575123,-4.276931301790965,8.903701550951402,9.196558103108744,5.333854413960266,35.0,-64.0,133.2349900084368,137.61729545491926,79.8157974505014,-44.81579745050141,44.81579745050141
2022,3535507,Paraguaçu Paulista,41120,487,11.843385214007782,6.006809338521401,-5.836575875486381,0.0,-3.601456896066294,-2.6423768059288593,-2.0152864381615965,11.843385214007782,8.241928317941488,9.201008408078923,9.828098775846186,247.0,487.0,338.908092433754,378.3454657402053,404.13142166279516,-157.13142166279516,157.13142166279516
2022,3535606,Paraibuna,17667,102,5.773475972151469,1.0188487009679064,-4.754627271183563,0.0,-1.1252908142174995,-1.0110433982716123,0.6370822440828483,5.773475972151469,4.64818515793397,4.762432573879857,6.4105582162343175,18.0,102.0,82.11948718521946,84.13789628273543,113.25533200621169,-95.25533200621169,95.25533200621169
2022,3535705,Paraíso,6099,231,37.87506148548942,13.936710936219052,-23.938350549270368,0.0,-25.75367821295931,-24.57032736627972,-15.064215566845668,37.87506148548942,12.121383272530107,13.304734119209698,22.81084591864375,85.0,230.99999999999997,73.92831657916112,81.14557339305995,139.12334925780823,-54.12334925780823,54.12334925780823
2022,3535804,Paranapanema,19395,191,9.847898943026554,12.16808455787574,2.320185614849187,0.0,4.193954960597189,4.428450946822176,0.07461674685552085,9.847898943026554,14.041853903623743,14.27634988984873,9.922515689882074,236.0,191.0,272.3417564607825,276.8898061136161,192.4471918052628,43.552808194737196,43.552808194737196
2022,3535903,Paranapuã,4031,10,2.4807740014884647,15.132721409079632,12.651947407591168,0.0,2.9946012392797723,3.1257626762989323,2.9090349033249425,2.4807740014884647,5.475375240768237,5.606536677787397,5.389808904813407,61.0,10.000000000000002,22.071237595536765,22.599949348160997,21.72631969530284,39.27368030469716,39.27368030469716
2022,3536000,Parapuã,10580,280,26.465028355387524,8.979206049149338,-17.485822306238184,0.0,-13.398163144914495,-12.854174292962913,-11.429014282855787,26.465028355387524,13.06686521047303,13.610854062424611,15.036014072531737,95.0,280.0,138.24743392680466,144.0028359804524,159.08102888738577,-64.08102888738577,64.08102888738577
2022,3536109,Pardinho,7153,127,17.754788200754927,36.2085838109884,18.453795610233467,0.0,-2.758800217386392,-3.205309228624334,-3.405119049253131,17.754788200754927,14.995987983368535,14.549478972130593,14.349669151501796,259.00000000000006,126.99999999999999,107.26630204503513,104.07242308765014,102.64318344069234,156.35681655930773,156.35681655930773
2022,3536208,Pariquera-Açu,19233,216,11.23069723912026,7.175167680549056,-4.055529558571204,0.0,-2.7491817615146257,-2.6023688972585557,-1.9826009179226673,11.23069723912026,8.481515477605635,8.628328341861705,9.248096321197593,138.0,215.99999999999997,163.12498718078916,165.94863899902617,177.8686365455933,-39.86863654559329,39.86863654559329
2022,3536257,Parisi,2892,5,1.7289073305670817,14.177040110650069,12.448132780082988,0.0,3.343360830976822,2.064767135163125,2.104531135166059,1.7289073305670817,5.072268161543904,3.7936744657302066,3.8334384657331406,41.0,5.0,14.66899952318497,10.971306554891758,11.086304042900244,29.913695957099755,29.913695957099755
2022,3536307,Patrocínio Paulista,14512,256,17.640573318632857,19.914553472987876,2.273980154355016,0.0,-2.0952754015779225,-1.918467129261469,5.343330636313054,17.640573318632857,15.545297917054935,15.722106189371388,22.98390395494591,289.00000000000006,256.00000000000006,225.5933633723012,228.1592050201576,333.542414194175,-44.54241419417497,44.54241419417497
2022,3536406,Paulicéia,7955,-39,-4.902576995600251,22.124450031426772,27.027027027027025,0.0,13.463125827356748,13.169047605584428,16.063535426452034,-4.902576995600251,8.560548831756497,8.266470609984177,11.160958430851784,175.99999999999997,-38.99999999999999,68.09916595662294,65.75977370242413,88.78542431742594,87.21457568257404,87.21457568257404
2022,3536505,Paulínia,110537,3328,30.107565792449588,35.83415507929472,5.72658928684513,0.0,-2.58394245187243,-1.853152568391768,1.6664850466471544,30.107565792449588,27.523623340577156,28.25441322405782,31.77405083909674,3961.0,3328.0,3042.378753197377,3123.158074547679,3512.2082576012363,448.79174239876374,448.79174239876374
2022,3536570,Paulistânia,2090,41,19.61722488038277,11.961722488038278,-7.655502392344497,0.0,-9.301548849139092,-9.95683136066204,-21.640765289625566,19.61722488038277,10.31567603124368,9.660393519720731,-2.023540409242795,25.0,40.99999999999999,21.559762905299287,20.19022245621633,-4.229199455317441,29.229199455317442,29.229199455317442
2022,3536604,Paulo de Faria,7400,81,10.945945945945946,-10.945945945945946,-21.89189189189189,0.0,-6.037421902752787,-4.933589930265237,-4.944663242750699,10.945945945945946,4.908524043193158,6.012356015680709,6.001282703195247,-81.0,81.0,36.32307791962938,44.491434516037245,44.40949200364482,-125.40949200364483,125.40949200364483
2022,3536703,Pederneiras,44827,345,7.6962544894817855,-11.867847502621188,-19.564101992102973,0.0,6.539299430264979,6.7643655455521925,4.77676766237715,7.6962544894817855,14.235553919746764,14.460620035033978,12.473022151858935,-532.0,345.0,638.1371755604881,648.2262143104682,559.1281640013805,-1091.1281640013804,1091.1281640013804
2022,3536802,Pedra Bela,6557,25,3.812719231355803,3.965228000610035,0.1525087692542319,0.0,3.4403144286256175,3.052583269321272,1.3684678647307487,3.812719231355803,7.253033659981421,6.865302500677075,5.181187096086552,26.0,25.0,47.558141708498184,45.015788496939585,33.97304378903952,-7.973043789039522,7.973043789039522
2022,3536901,Pedranópolis,2787,3,1.0764262648008611,-13.275923932543954,-14.352350197344816,0.0,8.368166224093265,7.598457629370141,3.9763399333536347,1.0764262648008611,9.444592488894127,8.674883894171002,5.052766198154496,-37.0,3.0,26.32207926654793,24.17690141305458,14.082059394256579,-51.082059394256575,51.082059394256575
2022,3537008,Pedregulho,15525,9,0.5797101449275363,5.925925925925926,5.3462157809983895,0.0,9.408267528994394,9.567515750533342,7.269986357535006,0.5797101449275363,9.98797767392193,10.14722589546088,7.8496965024625425,92.0,9.0,155.06335338763796,157.53568202703016,121.86653820073097,-29.86653820073097,29.86653820073097
2022,3537107,Pedreira,43112,88,2.041195026906662,-2.273149007236964,-4.314344034143626,0.0,13.870788549392163,14.18470776143809,7.637585171832212,2.041195026906662,15.911983576298825,16.225902788344754,9.678780198738874,-97.99999999999999,88.0,685.9974359413949,699.5311210111191,417.27157192803037,-515.2715719280303,515.2715719280303
2022,3537156,Pedrinhas Paulista,2804,9,3.209700427960057,12.482168330955776,9.27246790299572,0.0,4.558463952969149,5.16811401322895,13.49326693555307,3.209700427960057,7.768164380929205,8.377814441189006,16.702967363513128,35.0,9.0,21.781932924125492,23.491391693093973,46.835120487290816,-11.835120487290816,11.835120487290816
2022,3537206,Pedro de Toledo,11281,27,2.3934048399964545,2.659338711107172,0.2659338711107168,0.0,0.5932619027409785,0.6929354032055901,2.252863254300323,2.3934048399964545,2.986666742737433,3.0863402432020446,4.646268094296778,30.000000000000004,27.000000000000004,33.69258752482098,34.81700428356227,52.41455037176195,-22.414550371761944,22.414550371761944
2022,3537305,Penápolis,61679,700,11.349081535044345,6.485189448596767,-4.863892086447576,0.0,1.056799653692039,1.2119063661203255,-0.9947150884322893,11.349081535044345,12.405881188736384,12.56098790116467,10.354366446612055,400.0,700.0000000000001,765.1823458400714,774.7491727559357,638.646968060585,-238.64696806058498,238.64696806058498
2022,3537404,Pereira Barreto,24095,-38,-1.577090682714256,-2.6561527287819047,-1.0790620460676488,0.0,10.068157442971401,10.441225107261364,10.350988378907632,-1.577090682714256,8.491066760257144,8.864134424547107,8.773897696193377,-63.99999999999999,-37.99999999999999,204.5922535883959,213.58131895946255,211.4070649897794,-275.40706498977937,275.40706498977937
2022,3537503,Pereiras,8737,128,14.6503376445004,10.301018656289344,-4.349318988211056,0.0,2.1749043694404233,2.190029853962385,-4.704626083586835,14.6503376445004,16.825242013940823,16.840367498462786,9.945711560913566,90.0,128.0,147.00213947580096,147.13429083406936,86.89568190770181,3.104318092298186,3.104318092298186
2022,3537602,Peruíbe,68352,516,7.549157303370786,5.632607677902621,-1.916549625468165,0.0,-0.7480086214372448,-0.7039675601671117,0.7552531846815884,7.549157303370786,6.801148681933542,6.845189743203675,8.304410488052374,384.99999999999994,516.0,464.87211470752146,467.8824093274576,567.6230656793558,-182.62306567935588,182.62306567935588
2022,3537701,Piacatu,5519,39,7.066497553904693,-6.704113063960863,-13.770610617865556,0.0,-0.6225305229210223,-0.07936879882188763,0.8834531974861894,7.066497553904693,6.4439670309836705,6.987128755082805,7.949950751390882,-37.0,39.0,35.56425404399888,38.561963599302004,43.87577819692628,-80.87577819692628,80.87577819692628
2022,3537800,Piedade,52970,-18,-0.3398149896167642,4.738531244100434,5.078346233717198,0.0,6.723819944263659,7.070988517386772,4.48729738456916,-0.3398149896167642,6.384004954646895,6.731173527770008,4.147482394952396,251.0,-18.0,338.16074244764604,356.5502617659773,219.69214246062845,31.307857539371554,31.307857539371554
2022,3537909,Pilar do Sul,27619,281,10.17415547268185,8.762084072558745,-1.4120714001231054,0.0,1.6170769128601639,1.9761035305043904,2.6981606907795235,10.17415547268185,11.791232385542013,12.15025900318624,12.872316163461374,241.99999999999997,281.0,325.66204725628484,335.5780034090008,355.5205001186397,-113.52050011863972,113.52050011863972
2022,3538006,Pindamonhangaba,165428,1384,8.3661774306647,12.132166259641656,3.765988828976957,0.0,0.5940439455852449,0.8047014704885918,0.8318232757661762,8.3661774306647,8.960221376249946,9.170878901153293,9.198000706430877,2006.9999999999998,1384.0000000000002,1482.271501830276,1517.1201548599868,1521.606860863447,485.3931391365527,485.3931391365527
2022,3538105,Pindorama,14542,181,12.446706092697015,13.271902076743226,0.8251959840462106,0.0,-6.820818248603024,-5.710840594104296,-4.39583948661662,12.446706092697015,5.625887844093991,6.7358654985927195,8.050866606080394,193.0,181.0,81.81166102881481,97.95295608053533,117.0757021856211,75.9242978143789,75.9242978143789
2022,3538204,Pinhalzinho,15224,77,5.057803468208093,1.7078297425118234,-3.349973725696269,0.0,3.0758985544570034,3.1465165117059497,1.2969147310623932,5.057803468208093,8.133702022665096,8.204319979914043,6.3547181992704855,26.0,77.0,123.82747959305341,124.90256737421139,96.74422986569387,-70.74422986569387,70.74422986569387
2022,3538303,Piquerobi,3264,-6,-1.838235294117647,-2.1446078431372557,-0.3063725490196083,0.0,6.153645754739874,7.1843298171377254,9.264181758371175,-1.838235294117647,4.315410460622227,5.346094523020079,7.425946464253528,-7.000000000000003,-6.0,14.085499743470951,17.449652523137537,24.238289259323516,-31.23828925932352,31.23828925932352
2022,3538501,Piquete,12490,-134,-10.728582866293037,8.246597277822257,18.97518014411529,0.0,12.68749409645574,14.374449815291847,15.533345836059622,-10.728582866293037,1.9589112301627036,3.64586694899881,4.8047629697665855,102.99999999999999,-134.00000000000003,24.466801264732165,45.53687819299514,60.011489492384655,42.98851050761533,42.98851050761533
2022,3538600,Piracaia,26029,285,10.949325752045796,1.6904222213684736,-9.25890353067732,0.0,-3.407550280973248,-3.1019874743394813,-2.112596704366701,10.949325752045796,7.541775471072548,7.847338277706315,8.836729047679096,44.0,285.00000000000006,196.30487373654736,204.25836803041767,230.0112203820392,-186.0112203820392,186.0112203820392
2022,3538709,Piracicaba,423323,6563,15.50352803887339,11.234919907493806,-4.268608131379583,0.0,-0.31708023653703465,-0.5273476866602318,-1.9623358801923303,15.50352803887339,15.186447802336355,14.976180352213158,13.541192158681058,4756.0,6563.0,6428.772643028433,6339.761595239931,5732.298088189342,-976.2980881893418,976.2980881893418
2022,3538808,Piraju,29436,-268,-9.104497893735562,4.110612855007474,13.215110748743037,0.0,18.761991691750733,18.706164105370192,25.188204122240162,-9.104497893735562,9.657493798015171,9.60166621163463,16.0837062285046,121.00000000000001,-268.0,284.27798743837457,282.63464660567695,473.4399765422614,-352.4399765422614,352.4399765422614
2022,3538907,Pirajuí,22431,102,4.547278320181891,-4.68102180018724,-9.22830012036913,0.0,4.422214435221691,5.188078281657344,9.12944833897941,4.547278320181891,8.969492755403582,9.735356601839236,13.6767266591613,-104.99999999999999,102.0,201.19469199645775,218.3737839358559,306.78265569164716,-411.78265569164716,411.78265569164716
2022,3539004,Pirangi,10885,189,17.363344051446948,24.98851630684428,7.6251722553973345,0.0,-8.219305862119121,-7.7901088314869344,-6.813903915756055,17.363344051446948,9.144038189327826,9.573235219960013,10.549440135690894,272.0,189.00000000000003,99.53285569083339,104.20466536926473,114.83065587699538,157.16934412300463,157.16934412300463
2022,3539103,Pirapora do Bom Jesus,18370,157,8.546543277082199,23.51660315732172,14.97005988023952,0.0,-4.035339192672845,-3.8588882547596297,-2.6664395332435737,8.546543277082199,4.5112040844093535,4.687655022322569,5.8801037438386246,431.99999999999994,157.0,82.87081903059983,86.11222276006559,108.01750577431554,323.9824942256844,323.9824942256844
2022,3539202,Pirapozinho,25348,460,18.14738835411078,12.782073536373678,-5.365314817737103,0.0,-8.948984065419854,-8.185819744059323,-5.899278455963805,18.14738835411078,9.198404288690927,9.961568610051458,12.248109898146975,324.0,460.00000000000006,233.1611519097376,252.50584112758438,310.4650896982295,13.53491030177048,13.53491030177048
2022,3539301,Pirassununga,73545,663,9.014888843565164,4.568631450132572,-4.446257393432592,0.0,4.774643939976405,4.941253171612606,0.9008938665949574,9.014888843565164,13.789532783541569,13.956142015177768,9.915782710160121,336.0,663.0,1014.1511885655647,1026.404464506249,729.2562394187261,-393.25623941872607,393.25623941872607
2022,3539400,Piratininga,15108,-170,-11.252316653428649,8.273762245168122,19.52607889859677,0.0,18.900261001432913,18.585472376094845,21.008850373429862,-11.252316653428649,7.647944348004264,7.333155722666197,9.756533720001213,124.99999999999999,-170.00000000000003,115.54514320964842,110.7893166580409,147.40171144177833,-22.401711441778346,22.401711441778346
2022,3539509,Pitangueiras,33674,398,11.819207697333251,13.244639781433747,1.4254320841004944,0.0,0.4929211049474458,1.7079014451136971,-0.7460446582828943,11.819207697333251,12.312128802280697,13.527109142446948,11.073163039050357,446.0,397.9999999999999,414.59862528800016,455.5118732627585,372.8776921769817,73.12230782301828,73.12230782301828
2022,3539608,Planalto,4389,286,65.16290726817043,141.9457735247209,76.78286625655046,0.0,-32.0918268480485,-29.285658150804668,-52.0418567243126,65.16290726817043,33.07108042012193,35.877249117365764,13.121050543857827,623.0,286.0,145.14897196391516,157.46524637611833,57.588290836992,565.411709163008,565.411709163008
2022,3539707,Platina,3025,51,16.859504132231404,9.586776859504132,-7.272727272727272,0.0,-16.305671386376527,-15.346019128723356,-9.814121279896042,16.859504132231404,0.5538327458548764,1.5134850035080483,7.045382852335361,29.0,51.0,1.6753440562110011,4.578292135611846,21.31228312831447,7.687716871685531,7.687716871685531
2022,3539806,Poá,103765,1537,14.812316291620489,7.507348335180456,-7.304967956440032,0.0,-1.5721510223181,-0.7611615027283958,-4.437627973706908,14.812316291620489,13.240165269302388,14.051154788892093,10.37468831791358,779.0,1537.0,1373.8657491691622,1458.018076669388,1076.5295333083027,-297.5295333083027,297.5295333083027
2022,3539905,Poloni,5592,-149,-26.645207439198856,2.682403433476394,29.32761087267525,0.0,41.36801881799635,41.027379610368605,45.19144271967693,-26.645207439198856,14.722811378797495,14.38217217116975,18.546235280478072,14.999999999999996,-149.0,82.3299612302356,80.42510678118124,103.71054768843338,-88.71054768843338,88.71054768843338
2022,3540002,Pompéia,20196,409,20.25153495741731,3.4165181224004755,-16.835016835016834,0.0,-7.528880837126195,-6.707663135141385,-7.653050202355348,20.25153495741731,12.722654120291114,13.543871822275925,12.59848475506196,69.0,409.0,256.94672261339934,273.5320353226846,254.43899811323135,-185.43899811323135,185.43899811323135
2022,3540101,Pongaí,3395,-32,-9.425625920471282,-3.8291605301914577,5.596465390279824,0.0,12.126915920193508,13.35880141494195,23.544791371466,-9.425625920471282,2.701289999722226,3.933175494470669,14.11916545099472,-12.999999999999998,-32.0,9.170879549056957,13.353130803727922,47.93456670612707,-60.93456670612707,60.93456670612707
2022,3540200,Pontal,37607,551,14.651527641130642,17.975376924508733,3.323849283378092,0.0,-2.577022572769971,-0.3572146036557635,-3.4492702005917026,14.651527641130642,12.07450506836067,14.294313037474879,11.20225744053894,675.9999999999999,551.0,454.0859121058397,537.5662304003179,421.2832955663479,254.716704433652,254.716704433652
2022,3540259,Pontalinda,4127,36,8.723043372910103,0.0,-8.723043372910103,0.0,-8.5461046768939,-8.319393682013317,-7.186066613010243,8.723043372910103,0.1769386960162027,0.4036496908967866,1.5369767598998605,0.0,36.0,0.7302259984588686,1.6658622743310383,6.343103088106725,-6.343103088106725,6.343103088106725
2022,3540309,Pontes Gestal,2387,197,82.5303728529535,62.42144951822371,-20.108923334729795,0.0,-81.09769613016233,-77.4530833016985,-74.04159456197553,82.5303728529535,1.4326767227911716,5.0772895512550065,8.488778290977976,149.0,197.00000000000003,3.4197993373025266,12.1194901588457,20.262713780564425,128.7372862194356,128.7372862194356
2022,3540408,Populina,4127,19,4.603828446813666,6.542282529682578,1.938454082868912,0.0,-0.691913607048203,-0.8275381231881878,0.19469059620463244,4.603828446813666,3.911914839765463,3.7762903236254783,4.798519043018299,27.0,19.0,16.144472543712066,15.58475016560235,19.803488090536522,7.196511909463478,7.196511909463478
2022,3540507,Porangaba,10451,78,7.463400631518515,10.333939335948712,2.8705387044301984,0.0,-0.9039242786782178,-1.147344510784495,0.47862160139087123,7.463400631518515,6.5594763528402975,6.31605612073402,7.942022232909386,107.99999999999999,78.0,68.55308736353395,66.00910251779123,83.00207435613598,24.997925643864008,24.997925643864008
2022,3540606,Porto Feliz,56497,518,9.16862842274811,1.82310565162752,-7.34552277112059,0.0,5.6284169217191335,5.203191507335785,-0.1931715923860964,9.16862842274811,14.797045344467243,14.371819930083895,8.975456830362013,103.0,518.0,835.9886708263658,811.9647105899497,507.08638454496264,-404.08638454496264,404.08638454496264
2022,3540705,Porto Ferreira,52649,-227,-4.311572869380235,3.361887215331725,7.67346008471196,0.0,18.50238361439941,18.50606221478484,12.566244239198246,-4.311572869380235,14.190810745019174,14.194489345404605,8.254671369818011,177.0,-227.0,747.1319949145145,747.3256695462071,434.6001929495485,-257.6001929495485,257.6001929495485
2022,3540754,Potim,20392,147,7.208709297763829,4.266378972145939,-2.94233032561789,0.0,-5.107482352446395,-3.9675920300929013,-4.551178355006278,7.208709297763829,2.1012269453174346,3.241117267670928,2.6575309427575515,87.0,147.0,42.84821986891313,66.09286332234556,54.19237098471199,32.80762901528801,32.80762901528801
2022,3540804,Potirendaba,18496,282,15.246539792387544,18.11202422145329,2.8654844290657437,0.0,-5.769985936839998,-6.002876644861591,-5.824251479874764,15.246539792387544,9.476553855547547,9.243663147525954,9.42228831251278,335.00000000000006,282.0,175.27834011220742,170.97079357664003,174.2746446282364,160.72535537176367,160.72535537176367
2022,3540853,Pracinha,2578,-22,-8.533747090768037,-10.47323506594259,-1.9394879751745544,0.0,4.445427264525002,10.360210902178423,16.601177049205784,-8.533747090768037,-4.088319826243034,1.8264638114103864,8.067429958437748,-27.0,-22.0,-10.539688512054543,4.708623705815976,20.79783443285251,-47.79783443285251,47.79783443285251
2022,3540903,Pradópolis,17078,263,15.399929734160908,29.27743295467853,13.877503220517626,0.0,-0.02147304125102112,1.6057178755486783,-3.763971545953212,15.399929734160908,15.378456692909888,17.005647609709587,11.635958188207695,499.99999999999994,263.0,262.63328340151503,290.42244987862034,198.71889393821104,301.28110606178893,301.28110606178893
2022,3541000,Praia Grande,349935,2069,5.912526612085101,9.098832640347494,3.1863060282623925,0.0,1.348944165419029,1.0646218010112931,0.5208503775091272,5.912526612085101,7.2614707775041305,6.977148413096394,6.433376989594229,3184.0000000000005,2069.0,2541.042776525908,2441.548429936887,2251.2637768536565,932.736223146344,932.736223146344
2022,3541059,Pratânia,5126,-14,-2.7311744049941478,16.387046429964887,19.118220834959036,0.0,15.609796794447174,15.498017726127298,10.048883327089769,-2.7311744049941478,12.878622389453026,12.76684332113315,7.317708922095621,84.00000000000001,-14.000000000000002,66.01581836833621,65.44283886412853,37.51057593466215,46.489424065337865,46.489424065337865
2022,3541109,Presidente Alves,3804,-5,-1.3144058885383807,3.943217665615142,5.257623554153523,0.0,4.981256608532791,5.6603328416125125,3.7456151519768754,-1.3144058885383807,3.666850719994411,4.345926953074132,2.431209263438495,15.0,-5.0,13.94870013885874,16.531906129493997,9.248320038120035,5.751679961879965,5.751679961879965
2022,3541208,Presidente Bernardes,14490,30,2.070393374741201,0.6901311249137336,-1.3802622498274673,0.0,3.4886893556250618,2.996598751734952,5.186365240750305,2.070393374741201,5.559082730366263,5.066992126476153,7.256758615491506,10.0,30.0,80.55110876300714,73.42071591263945,105.15043233847193,-95.15043233847193,95.15043233847193
2022,3541307,Presidente Epitácio,39505,295,7.46740918871029,3.265409441842805,-4.201999746867485,0.0,-1.2304676625318125,-0.5192197055260178,1.6984109334834592,7.46740918871029,6.2369415261784775,6.948189483184272,9.165820122193749,129.00000000000003,295.0,246.39037499168074,274.4882255331947,362.09572392726403,-233.095723927264,233.095723927264
2022,3541406,Presidente Prudente,225668,1953,8.65430632610738,11.397273871350835,2.742967545243456,0.0,4.392100364428178,4.418154930072633,0.7263560452409001,8.65430632610738,13.046406690535559,13.072461256180013,9.38066237134828,2572.0000000000005,1953.0,2944.1565050397785,2950.036186759631,2116.9153160174233,455.0846839825772,455.0846839825772
2022,3541505,Presidente Venceslau,35201,458,13.010994005852108,15.198431862731171,2.1874378568790664,0.0,-5.629500326200692,-4.947644250038819,-4.213988148951018,13.010994005852108,7.381493679651416,8.063349755813288,8.797005856901091,535.0,458.00000000000006,259.8359590174095,283.83797475438354,309.6634031687753,225.3365968312247,225.3365968312247
2022,3541604,Promissão,35131,347,9.877316330306568,5.123679940793032,-4.753636389513535,0.0,-0.18498577541557515,1.0387429078961201,1.3826753188806777,9.877316330306568,9.692330554890994,10.916059238202688,11.259991649187246,180.0,347.00000000000006,340.5012647238755,383.49207709729865,395.5747666275971,-215.5747666275971,215.5747666275971
2022,3541653,Quadra,3405,25,7.342143906020558,-0.2936857562408223,-7.63582966226138,0.0,-1.7091267041267957,-0.9808272169543351,0.8351032218117772,7.342143906020558,5.633017201893763,6.361316689066223,8.177247127832336,-1.0,25.0,19.18042357244826,21.66028332627049,27.843526470269104,-28.843526470269104,28.843526470269104
2022,3541703,Quatá,13163,244,18.536807718605186,10.407961710856188,-8.128846007748994,0.0,-8.271103762923747,-7.561740615796451,-7.870876737562547,18.536807718605186,10.265703955681438,10.975067102808735,10.665930981042639,137.0,244.00000000000006,135.12746116863477,144.46480827427138,140.39564950346426,-3.3956495034642558,3.3956495034642558
2022,3541802,Queiroz,3265,150,45.94180704441042,2.756508422664625,-43.185298621745794,0.0,-28.090823244944882,-26.44155824757358,-37.319853872391455,45.94180704441042,17.850983799465535,19.500248796836836,8.621953172018962,9.0,150.0,58.28346210525497,63.66831232167227,28.150677106641915,-19.150677106641915,19.150677106641915
2022,3541901,Queluz,9159,23,2.511191178076209,11.13658696364232,8.62539578556611,0.0,0.7442788163705378,3.863643025612414,10.075516376690024,2.511191178076209,3.255469994446747,6.374834203688623,12.586707554766232,102.0,23.0,29.816849679137754,58.3871064715841,115.28165449410392,-13.281654494103918,13.281654494103918
2022,3542008,Quintana,7038,8,1.1366865586814436,16.48195510088093,15.345268542199488,0.0,8.398059184123273,8.046852082355283,8.299320395448316,1.1366865586814436,9.534745742804716,9.183538641036726,9.436006954129759,116.0,8.0,67.1055405378596,64.63374495561648,66.41061694316524,49.58938305683476,49.58938305683476
2022,3542107,Rafard,8965,126,14.054656999442276,6.246514221974345,-7.808142777467931,0.0,-3.0288968971760744,-2.8795514026708458,-0.6952485418256021,14.054656999442276,11.0257601022662,11.17510559677143,13.359408457616674,56.0,126.0,98.8459393168165,100.18482167505587,119.76709682253347,-63.767096822533475,63.767096822533475
2022,3542206,Rancharia,28588,141,4.93213935917168,10.388974394850983,5.456835035679305,0.0,5.431358640514536,5.597572569525587,7.0615930938242695,4.93213935917168,10.363497999686217,10.529711928697267,11.99373245299595,296.9999999999999,141.0,296.2716808150296,301.02340461759746,342.87682336624823,-45.876823366248345,45.876823366248345
2022,3542305,Redenção da Serra,4494,29,6.453048509123275,3.115264797507788,-3.337783711615487,0.0,0.8034292275868897,-0.2648210647476158,1.1309497315700796,6.453048509123275,7.256477736710165,6.188227444375659,7.583998240693354,14.0,28.999999999999996,32.61061094877548,27.809894135024212,34.082488093675934,-20.082488093675934,20.082488093675934
2022,3542404,Regente Feijó,20145,119,5.907172995780591,10.474063042938695,4.566890047158105,0.0,4.11353226949002,4.159282301366706,1.1400065569157962,5.907172995780591,10.02070526527061,10.066455297147296,7.047179552696388,211.00000000000003,119.00000000000001,201.86710756887643,202.7887419610323,141.96543208906874,69.03456791093129,69.03456791093129
2022,3542503,Reginópolis,7662,449,58.60088749673714,0.261028452101279,-58.339859044635865,0.0,-44.26841193513045,-41.23339539386686,-56.178277242576335,58.60088749673714,14.332475561606685,17.36749210287028,2.4226102541608014,1.9999999999999998,448.99999999999994,109.81542775303042,133.06972449219208,18.56203976738006,-16.56203976738006,16.56203976738006
2022,3542602,Registro,59947,973,16.231004053580666,11.293309089695898,-4.937694963884768,0.0,-6.24997076449861,-6.573705123119636,-6.836066498659318,16.231004053580666,9.981033289082056,9.65729893046103,9.394937554921349,677.0,973.0000000000001,598.333002580602,578.9260989843473,563.19832160487,113.80167839513001,113.80167839513001
2022,3542701,Restinga,6404,93,14.522173641474078,-11.711430356027485,-26.23360399750156,0.0,-3.168883238811329,-1.704616848032566,-0.16657730168203322,14.522173641474078,11.353290402662749,12.817556793441511,14.355596339792045,-75.00000000000001,93.0,72.70647173865224,82.08363370519943,91.93323896002826,-166.9332389600283,166.9332389600283
2022,3542800,Ribeira,3132,-26,-8.301404853128991,-8.620689655172413,-0.3192848020434216,0.0,15.762379392497248,16.110798891791244,25.743829785831352,-8.301404853128991,7.460974539368257,7.809394038662253,17.44242493270236,-26.999999999999996,-26.0,23.367772257301382,24.459022129090176,54.629674889223786,-81.62967488922378,81.62967488922378
2022,3542909,Ribeirão Bonito,10989,657,59.78705978705979,-27.573027573027574,-87.36008736008736,0.0,-51.07491069168387,-48.332826521428295,-63.97775578673851,59.78705978705979,8.71214909537592,11.454233265631494,-4.190695999678724,-303.0,657.0,95.737806409086,125.87056935602449,-46.05155834046949,-256.9484416595305,256.9484416595305
2022,3543006,Ribeirão Branco,18627,197,10.576045525312718,-1.6105653084232563,-12.186610833735974,0.0,-2.5018848560988083,-3.046955970026997,-0.29660203495494863,10.576045525312718,8.07416066921391,7.529089555285721,10.27944349035777,-29.999999999999996,197.0,150.3973907854475,140.24435114630714,191.47519389489415,-221.47519389489415,221.47519389489415
2022,3543105,Ribeirão Corrente,4608,44,9.548611111111112,4.774305555555556,-4.774305555555556,0.0,-1.8328898349869651,-1.6219446549196528,1.7401978176921564,9.548611111111112,7.715721276124148,7.92666645619146,11.288808928803268,22.000000000000004,44.00000000000001,35.55404364038007,36.52607903013025,52.01883154392546,-30.018831543925454,30.018831543925454
2022,3543204,Ribeirão do Sul,4677,21,4.490057729313663,13.683985460765449,9.193927731451785,0.0,2.430662816168761,2.2243802821942085,1.9177517081572133,4.490057729313663,6.920720545482424,6.7144380115078715,6.407809437470876,64.00000000000001,21.0,32.3682099912213,31.403426579822312,29.969324739051288,34.030675260948726,34.030675260948726
2022,3543238,Ribeirão dos Índios,2025,1,0.4938271604938272,-4.938271604938271,-5.432098765432099,0.0,1.4139584161168886,2.1444379377581644,4.072024204605382,0.4938271604938272,1.9077855766107157,2.6382650982519915,4.56585136509921,-10.0,1.0000000000000002,3.863265792636699,5.342486823960283,9.2458490143259,-19.2458490143259,19.2458490143259
2022,3543253,Ribeirão Grande,7450,60,8.053691275167786,-4.563758389261745,-12.61744966442953,0.0,-6.78218773723065,-7.136185939082622,-3.642066501917329,8.053691275167786,1.2715035379371358,0.9175053360851644,4.411624773250457,-34.0,60.00000000000001,9.472701357631662,6.835414753834475,32.866604560715906,-66.8666045607159,66.8666045607159
2022,3543303,Ribeirão Pires,115559,180,1.5576458778632558,3.539317578033732,1.981671700170476,0.0,5.7978155282960575,6.315470353454466,9.666520854727667,1.5576458778632558,7.355461406159313,7.873116231317722,11.224166732590923,409.00000000000006,179.99999999999997,849.9897646343641,909.8094385748446,1297.0534834514744,-888.0534834514744,888.0534834514744
2022,3543402,Ribeirão Preto,698642,11941,17.091729383575565,8.47501295370161,-8.616716429873955,0.0,1.5736657326702232,1.649173240721168,-3.6200677114257296,17.091729383575565,18.66539511624579,18.740902624296734,13.471661672149835,5921.0,11941.0,13040.42897480419,13093.181691243919,9411.868653954105,-3490.868653954105,3490.868653954105
2022,3543501,Riversul,5599,38,6.7869262368280046,3.3934631184140023,-3.3934631184140023,0.0,-1.8479406783382029,-2.1871884347298733,-0.15728541103147947,6.7869262368280046,4.938985558489802,4.599737802098131,6.629640825796525,19.0,38.0,27.6533801419844,25.75393195394744,37.11935898363474,-18.11935898363474,18.11935898363474
2022,3543600,Rifaina,4049,17,4.198567547542604,-28.15510002469745,-32.353667572240056,0.0,13.538470262184987,12.536909517392726,5.6096238395349065,4.198567547542604,17.73703780972759,16.73547706493533,9.80819138707751,-113.99999999999997,17.000000000000004,71.817266091587,67.76194663592315,39.71336692627684,-153.71336692627682,153.71336692627682
2022,3543709,Rincão,9098,121,13.299626291492636,15.607825895801277,2.308199604308639,0.0,-7.889234293251435,-6.845110898199102,-6.899357438864812,13.299626291492636,5.410391998241201,6.454515393293534,6.400268852627824,142.00000000000003,121.0,49.223746399998454,58.72318104818458,58.22964602120794,83.77035397879209,83.77035397879209
2022,3543808,Rinópolis,9259,33,3.564099794794254,12.960362890160924,9.39626309536667,0.0,3.192226032075669,3.6422532697669485,1.7627622814200345,3.564099794794254,6.756325826869923,7.206353064561203,5.326862076214288,120.0,33.0,62.55682083098862,66.72362302477217,49.3214159636681,70.6785840363319,70.6785840363319
2022,3543907,Rio Claro,201418,552,2.740569363214808,5.476173926858572,2.735604563643765,0.0,13.789570915899354,13.61369979954555,6.4071178614832185,2.740569363214808,16.53014027911416,16.354269162760357,9.147687224698027,1103.0,552.0000000000001,3329.467794738616,3294.044186224866,1842.5088654242272,-739.5088654242272,739.5088654242272
2022,3544004,Rio das Pedras,31328,501,15.99208375893769,1.2448927477017364,-14.747191011235952,0.0,-4.697907184730893,-3.6500970659846086,-3.405263191293405,15.99208375893769,11.294176574206798,12.341986692953082,12.586820567644285,39.0,500.99999999999994,353.82396371675054,386.64975911683416,394.31991474316015,-355.31991474316015,355.31991474316015
2022,3544103,Rio Grande da Serra,44170,5,0.1131990038487661,2.9431741000679192,2.829975096219153,0.0,1.694173062900186,2.9743370850899913,8.20706850847845,0.1131990038487661,1.8073720667489521,3.0875360889387573,8.320267512327217,130.0,4.999999999999999,79.8316241883012,136.37646904842492,367.5062160194932,-237.5062160194932,237.5062160194932
2022,3544202,Riolândia,10309,48,4.656125715394316,5.626151906101465,0.9700261907071496,0.0,-1.869601387265437,-0.4909057035133738,0.18744915456856528,4.656125715394316,2.7865243281288787,4.165220011880942,4.843574869962881,58.00000000000001,48.0,28.726279298680613,42.93925310248063,49.93241333444734,8.067586665552668,8.067586665552668
2022,3544251,Rosana,17440,66,3.784403669724771,-0.8600917431192661,-4.644495412844037,0.0,1.315039168454637,0.9879103855623632,2.7301080081348337,3.784403669724771,5.099442838179408,4.772314055287135,6.514511677859605,-15.0,66.0,88.93428309784888,83.22915712420763,113.61308366187151,-128.6130836618715,128.6130836618715
2022,3544301,Roseira,10832,379,34.988921713441655,-8.862629246676514,-43.85155096011817,0.0,-25.87196365457621,-25.25700416635643,-23.79304107252754,34.988921713441655,9.116958058865446,9.731917547085224,11.195880640914115,-96.0,379.0,98.75488969363052,105.41613087002715,121.2737791023817,-217.2737791023817,217.2737791023817
2022,3544400,Rubiácea,2700,-15,-5.555555555555555,4.0740740740740735,9.62962962962963,0.0,8.59558677458973,10.07491636184103,18.17537511330716,-5.555555555555555,3.0400312190341747,4.519360806285475,12.619819557751606,10.999999999999998,-15.0,8.208084291392272,12.20227417697078,34.07351280592933,-23.073512805929333,23.073512805929333
2022,3544509,Rubinéia,3833,40,10.435690060005218,11.21836681450561,0.7826767545003914,0.0,-2.6854414128297197,-4.089439757128197,-2.712586942328648,10.435690060005218,7.750248647175498,6.346250302877021,7.72310311767657,43.0,40.0,29.706703064623685,24.32517741092762,29.602654250054293,13.397345749945707,13.397345749945707
2022,3544608,Sabino,5112,60,11.737089201877934,2.9342723004694835,-8.80281690140845,0.0,-9.426052693642124,-9.261743561340445,-5.277013858101629,11.737089201877934,2.3110365082358104,2.4753456405374887,6.460075343776305,15.0,60.0,11.814018630101463,12.653966914427643,33.02390515738447,-18.02390515738447,18.02390515738447
2022,3544707,Sagres,2474,-4,-1.6168148746968471,-0.4042037186742118,1.2126111560226354,0.0,4.0057511721839285,4.521832332433065,5.1538230379735115,-1.6168148746968471,2.3889362974870814,2.905017457736218,3.5370081632766643,-1.0,-4.0,5.91022839998304,7.187013190439403,8.750558195946468,-9.750558195946468,9.750558195946468
2022,3544806,Sales,6437,47,7.301537983532702,2.330278079850862,-4.97125990368184,0.0,-1.3684942081957998,-1.4073813140100668,-0.9624299109358333,7.301537983532702,5.933043775336902,5.894156669522635,6.3391080725968685,15.0,47.0,38.191002781843636,37.9406864817172,40.80483866330604,-25.804838663306043,25.804838663306043
2022,3544905,Sales Oliveira,11411,-13,-1.139251599333976,1.226886337744282,2.366137937078258,0.0,13.91357143807367,13.893205093130295,6.0578990435451425,-1.139251599333976,12.774319838739695,12.753953493796319,4.9186474442111665,14.000000000000002,-13.0,145.76776367985866,145.5353633177098,56.12668598589362,-42.12668598589362,42.12668598589362
2022,3545001,Salesópolis,15202,60,3.946849098802789,3.55216418892251,-0.3946849098802794,0.0,0.717094193530404,1.5086252722957525,0.8086203746715022,3.946849098802789,4.663943292333193,5.455474371098541,4.755469473474291,54.0,60.0,70.90126593004919,82.93412138944001,72.29264693575617,-18.292646935756167,18.292646935756167
2022,3545100,Salmourão,4808,-35,-7.2795341098169715,2.9118136439267888,10.19134775374376,0.0,16.767158520953245,17.163689837701995,24.0476316512777,-7.2795341098169715,9.487624411136274,9.884155727885023,16.76809754146073,14.0,-35.0,45.6164981687432,47.52302073967119,80.62101297934318,-66.62101297934318,66.62101297934318
2022,3545159,Saltinho,8161,175,21.443450557529715,13.968876363190784,-7.474574194338931,0.0,-9.16173315235649,-8.777699792950568,-10.4623679059326,21.443450557529715,12.281717405173225,12.665750764579148,10.981082651597115,113.99999999999999,175.0,100.23109574361868,103.36519198973042,89.61661551968406,24.383384480315925,24.383384480315925
2022,3545209,Salto,134319,1340,9.976250567678438,10.013475383229476,0.0372248155510384,0.0,2.494439769321164,1.880156308896625,0.09178188915385506,9.976250567678438,12.470690336999603,11.856406876575063,10.068032456832293,1345.0,1340.0,1675.0506553754497,1592.540715254686,1352.328051569257,-7.328051569257013,7.328051569257013
2022,3545308,Salto de Pirapora,43748,440,10.057602633263237,18.697997622748467,8.640394989485232,0.0,-4.0049804502281585,-3.7302246475629466,-2.955723858489906,10.057602633263237,6.052622183035078,6.32737798570029,7.101878774773331,817.9999999999999,440.00000000000006,264.7901152634186,276.8101321184163,310.6929926387837,507.30700736121617,507.30700736121617
2022,3545407,Salto Grande,9050,64,7.071823204419889,9.944751381215468,2.872928176795579,0.0,-0.9872200673190525,-0.8239395921417518,0.8508215118207696,7.071823204419889,6.084603137100837,6.247883612278137,7.922644716240659,89.99999999999999,64.0,55.06565839076258,56.543346691117144,71.69993468197796,18.30006531802202,18.30006531802202
2022,3545506,Sandovalina,3645,175,48.01097393689986,16.73525377229081,-31.275720164609048,0.0,-16.68708018955645,-14.757364594307578,-38.269609202718044,48.01097393689986,31.32389374734341,33.253609342592284,9.741364734181815,61.00000000000001,175.0,114.17559270906672,121.20940605374886,35.507274456092716,25.49272554390729,25.49272554390729
2022,3545605,Santa Adélia,14018,260,18.547581680696247,15.266086460265372,-3.281495220430875,0.0,-10.292298354593619,-9.53312305313817,-11.768989428333832,18.547581680696247,8.255283326102628,9.014458627558078,6.778592252362415,214.0,260.0,115.72256166530664,126.36468104110912,95.02230619361633,118.97769380638367,118.97769380638367
2022,3545704,Santa Albertina,6393,33,5.161895823557016,27.21726888784608,22.055373064289064,0.0,3.517175390254354,3.092074326927672,2.128089195271906,5.161895823557016,8.679071213811369,8.253970150484687,7.289985018828922,173.99999999999997,33.0,55.48530226989608,52.7676311720486,46.6048742253733,127.39512577462668,127.39512577462668
2022,3545803,Santa Bárbara d'Oeste,183347,3149,17.17508331197129,13.340823684052642,-3.8342596279186463,0.0,-1.3690575759775976,-1.0062536449197093,-3.2851550333034774,17.17508331197129,15.80602573599369,16.16882966705158,13.889928278667812,2446.0,3149.0,2897.9874006172354,2964.5064129649063,2546.676680108907,-100.67668010890702,100.67668010890702
2022,3546009,Santa Branca,13975,74,5.295169946332737,8.658318425760287,3.36314847942755,0.0,1.1235399251817189,1.4725547579236666,1.1292718660981356,5.295169946332737,6.418709871514456,6.767724704256404,6.424441812430873,121.00000000000001,74.0,89.70147045441452,94.57895274198324,89.78157432872145,31.218425671278567,31.218425671278567
2022,3546108,Santa Clara d'Oeste,2598,14,5.388760585065435,32.717474980754425,27.32871439568899,0.0,14.702060553150353,13.173422673068455,14.103732691631095,5.388760585065435,20.090821138215787,18.56218325813389,19.49249327669653,85.0,14.0,52.195953317084616,48.22455210463184,50.641497532857585,34.358502467142415,34.358502467142415
2022,3546207,Santa Cruz da Conceição,4277,5,1.1690437222352117,-9.352349777881692,-10.521393500116904,0.0,9.41571784961867,9.675588487059159,5.953633443555772,1.1690437222352117,10.584761571853882,10.844632209294371,7.122677165790983,-39.99999999999999,5.0,45.27102524281905,46.38249195915202,30.463690238088034,-70.46369023808802,70.46369023808802
2022,3546256,Santa Cruz da Esperança,2116,14,6.616257088846881,29.773156899810964,23.156899810964084,0.0,1.255455932446635,1.3602110122008546,0.9230527982635568,6.616257088846881,7.871713021293516,7.976468101047736,7.539309887110438,63.0,14.0,16.656544753057076,16.87820650181701,15.953179721125688,47.046820278874314,47.046820278874314
2022,3546306,Santa Cruz das Palmeiras,28864,56,1.9401330376940131,2.563747228381375,0.6236141906873616,0.0,6.805535319558964,7.938816493458185,8.759294232147893,1.9401330376940131,8.745668357252978,9.878949531152198,10.699427269841905,74.0,55.99999999999999,252.43497146374995,285.14599926717705,308.8282687167167,-234.8282687167167,234.8282687167167
2022,3546405,Santa Cruz do Rio Pardo,46442,159,3.423625166874812,12.660953447310623,9.237328280435811,0.0,14.638792000055695,14.397267268339089,11.029794207825582,3.423625166874812,18.06241716693051,17.8208924352139,14.453419374700394,588.0,159.00000000000003,838.8547780665867,827.6378864762039,671.2457025998357,-83.24570259983568,83.24570259983568
2022,3546504,Santa Ernestina,6118,91,14.874141876430206,4.576659038901602,-10.297482837528603,0.0,-11.420484337152892,-12.229853029570652,-10.075839729592392,14.874141876430206,3.453657539277314,2.6442888468595545,4.798302146837814,28.000000000000004,91.0,21.129476825298607,16.177759165086755,29.35601253435375,-1.356012534353745,1.356012534353745
2022,3546603,Santa Fé do Sul,34794,251,7.213887451859517,5.891820428809565,-1.3220670230499518,0.0,6.759366966373433,6.17154287776437,1.6189499634865097,7.213887451859517,13.97325441823295,13.385430329623887,8.832837415346026,205.0,251.00000000000003,486.1854142279972,465.7326628889335,307.32974502954966,-102.32974502954966,102.32974502954966
2022,3546702,Santa Gertrudes,23611,-322,-13.63771123628817,25.36953115073483,39.007242387023,0.0,28.824122084110275,29.07364496678932,37.881665562178384,-13.63771123628817,15.186410847822104,15.43593373050115,24.243954325890215,599.0,-322.0,358.56634652792775,364.4578313108626,572.4240055885939,26.5759944114061,26.5759944114061
2022,3546801,Santa Isabel,53174,618,11.622221386391846,6.412908564335954,-5.209312822055892,0.0,-2.0950142246373993,-1.5198827131478119,1.3987916084219125,11.622221386391846,9.527207161754447,10.102338673244034,13.02101299481376,341.0,618.0,506.59971361913097,537.1817566110783,692.3793449862269,-351.3793449862269,351.3793449862269
2022,3546900,Santa Lúcia,7149,41,5.735067841656176,1.1190376276402294,-4.616030214015947,0.0,-2.4065681683302844,-1.1866245122681185,-0.25656551296266084,5.735067841656176,3.3284996733258914,4.548443329388057,5.478502328693515,8.0,41.0,23.795444164606796,32.51682136179522,39.16581314782994,-31.165813147829937,31.165813147829937
2022,3547007,Santa Maria da Serra,5243,202,38.527560556933054,-2.860957467098989,-41.388518024032045,0.0,-25.486283687092385,-23.70112910304602,-30.903101240801778,38.527560556933054,13.041276869840669,14.826431453887032,7.624459316131276,-14.999999999999998,202.0,68.37541462857463,77.73498011272972,39.97504019447628,-54.97504019447628,54.97504019447628
2022,3547106,Santa Mercedes,2956,33,11.163734776725304,23.004059539918806,11.840324763193502,0.0,-4.84849969372244,-4.984787214564532,-4.603125334035904,11.163734776725304,6.3152350830028645,6.178947562160772,6.5606094426894,67.99999999999999,33.0,18.667834905356468,18.264968993747242,19.393161512589867,48.606838487410116,48.606838487410116
2022,3547205,Santana da Ponte Pensa,1670,0,0.0,24.550898203592816,24.550898203592816,0.0,3.0856912054687156,2.6073960956520663,4.196578311326129,0.0,3.0856912054687156,2.6073960956520663,4.196578311326129,41.0,0.0,5.153104313132755,4.354351479738951,7.008285779914636,33.99171422008536,33.99171422008536
2022,3547304,Santana de Parnaíba,154105,4187,27.16978683365238,24.57415398591869,-2.5956328477336896,0.0,-8.235654782862866,-8.352879638635965,-12.871163948550114,27.16978683365238,18.934132050789515,18.816907195016416,14.298622885102267,3787.0,4187.0,2917.844419686918,2899.779483288005,2203.489279708685,1583.510720291315,1583.510720291315
2022,3547403,Santa Rita d'Oeste,2733,-2,-0.7317965605561654,9.879253567508233,10.6110501280644,0.0,3.529308469851233,3.4397670857068388,4.197310922413838,-0.7317965605561654,2.7975119092950678,2.7079705251506736,3.4655143618576725,27.0,-2.0,7.64560004810342,7.400883445236791,9.471250750957019,17.52874924904298,17.52874924904298
2022,3547502,Santa Rita do Passa Quatro,24833,1540,62.01425522490235,27.664800869810332,-34.349454355092014,0.0,-38.701368386707586,-36.87290927454596,-61.36348945819539,62.01425522490235,23.312886838194764,25.14134595035639,0.6507657667069608,687.0,1540.0,578.9289188528907,624.3350439852003,16.16046628463396,670.8395337153661,670.8395337153661
2022,3547601,Santa Rosa de Viterbo,23411,285,12.173764469693731,6.150954679424202,-6.022809790269531,0.0,-4.61242210320762,-3.78787056114526,-3.4088994158574293,12.173764469693731,7.5613423664861115,8.385893908548471,8.764865053836303,144.0,284.99999999999994,177.01858614180637,196.32216229302827,205.1942557753617,-61.19425577536171,61.19425577536171
2022,3547650,Santa Salete,1645,-7,-4.25531914893617,1.82370820668693,6.0790273556231,0.0,6.587622546335943,7.330965348649593,8.157619624095659,-4.25531914893617,2.332303397399773,3.0756461997134226,3.902300475159489,2.9999999999999996,-7.0,3.8366390887226265,5.059437998528581,6.41928428163736,-3.4192842816373603,3.4192842816373603
2022,3547700,Santo Anastácio,17963,61,3.3958692868674496,-0.4453599064744196,-3.841229193341869,0.0,1.507014282658396,2.4383044760581862,1.3807033471886196,3.3958692868674496,4.902883569525846,5.834173762925635,4.77657263405607,-7.999999999999999,61.0,88.07049755939278,104.7992633034332,85.80157422554917,-93.80157422554917,93.80157422554917
2022,3547809,Santo André,748919,10295,13.746479926400584,7.978165863063963,-5.768314063336622,0.0,1.200583810533478,0.9322025885992522,-1.956684573732621,13.746479926400584,14.947063736934062,14.678682514999835,11.789795352667962,5975.0,10294.999999999998,11194.140026800922,10993.14423045116,8829.601745724738,-2854.601745724738,2854.601745724738
2022,3547908,Santo Antônio da Alegria,6775,32,4.723247232472325,-0.5904059040590406,-5.313653136531365,0.0,3.3942759457908043,3.528348647732188,1.6999756172443936,4.723247232472325,8.117523178263129,8.251595880204512,6.423222849716718,-4.0,32.0,54.9962195327327,55.90456208838557,43.51733480683077,-47.51733480683077,47.51733480683077
2022,3548005,Santo Antônio de Posse,23244,105,4.517294785751162,6.367234555154019,1.849939769402857,0.0,9.94223794689239,9.851997162117698,7.468926901283085,4.517294785751162,14.459532732643552,14.36929194786886,11.986221687034247,148.0,105.0,336.0973788375667,333.99982203626377,278.60773689342403,-130.60773689342403,130.60773689342403
2022,3548054,Santo Antônio do Aracanguá,8379,65,7.757488960496479,-1.1934598400763816,-8.95094880057286,0.0,-2.730285754073787,-2.7260024761807715,-1.9162132234096927,7.757488960496479,5.027203206422692,5.031486484315708,5.841275737086787,-10.000000000000002,65.0,42.12293566661574,42.158825252081314,48.94404940105019,-58.94404940105019,58.94404940105019
2022,3548104,Santo Antônio do Jardim,6126,18,2.9382957884427032,12.07966046359778,9.141364675155078,0.0,5.524501312741447,5.301200397699364,7.430011295794053,2.9382957884427032,8.462797101184151,8.239496186142066,10.368307084236756,74.0,18.0,51.84309504185411,50.475153636306295,63.516249198034366,10.483750801965634,10.483750801965634
2022,3548203,Santo Antônio do Pinhal,7133,37,5.187158278424225,2.5234824057198937,-2.6636758727043315,0.0,2.2734014776823437,2.0027868677419263,1.4021886663641279,5.187158278424225,7.460559756106569,7.189945146166151,6.589346944788353,18.0,37.0,53.21617274030816,51.285878727603155,47.001811757175325,-29.001811757175325,29.001811757175325
2022,3548302,Santo Expedito,3000,28,9.333333333333334,1.0,-8.333333333333334,0.0,-8.177788636119725,-8.40517060931598,-8.44632279836721,9.333333333333334,1.1555446972136085,0.9281627240173531,0.8870105349661248,3.0,28.0,3.4666340916408256,2.7844881720520593,2.6610316048983744,0.3389683951016256,0.3389683951016256
2022,3548401,Santópolis do Aguapeí,3899,-9,-2.308284175429597,1.02590407796871,3.334188253398308,0.0,6.772899002213129,8.335114681744209,12.859951058527761,-2.308284175429597,4.4646148267835315,6.026830506314612,10.551666883098164,4.000000000000001,-8.999999999999998,17.40753320962899,23.49861214412067,41.140949177199744,-37.140949177199744,37.140949177199744
2022,3548500,Santos,418608,6111,14.598383212934296,13.344226579520695,-1.254156633413599,0.0,0.6286684585102158,0.7721207695791414,-1.8374166728485537,14.598383212934296,15.227051671444512,15.370503982513437,12.760966540085743,5585.999999999999,6111.0,6374.165646080044,6434.215931111985,5341.842681412212,244.1573185877869,244.1573185877869
2022,3548609,São Bento do Sapucaí,11674,241,20.644166523899266,2.7411341442521846,-17.903032379647076,0.0,-15.614932152678854,-15.83572556520016,-19.11661720848211,20.644166523899266,5.0292343712204115,4.808440958699105,1.5275493154171542,32.00000000000001,241.00000000000003,58.71128204962709,56.133739751853355,17.832610708179857,14.16738929182015,14.16738929182015
2022,3548708,São Bernardo do Campo,810729,12982,16.01274901970942,5.73927909326051,-10.27346992644891,0.0,0.14904857562918927,0.3983093003866003,-4.772910329279772,16.01274901970942,16.161797595338612,16.41105832009602,11.23983869042965,4653.0,12982.0,13102.838002671277,13304.920900793128,9112.46318165334,-4459.46318165334,4459.46318165334
2022,3548807,São Caetano do Sul,165655,1642,9.912166852796474,-5.656333947058647,-15.56850079985512,0.0,24.186605134943925,23.00955650580812,15.144587514208697,9.912166852796474,34.0987719877404,32.921723358604595,25.05675436700517,-937.0000000000001,1642.0,5648.632073629136,5453.648082969644,4150.776644666242,-5087.776644666242,5087.776644666242
2022,3548906,São Carlos,254857,3413,13.391823650125364,2.640696547475643,-10.75112710264972,0.0,2.687198209815266,2.61595256295424,0.2813491954927093,13.391823650125364,16.07902185994063,16.007776213079605,13.673172845618073,673.0,3413.0,4097.851274158889,4079.693822336829,3484.703811915685,-2811.703811915685,2811.703811915685
2022,3549003,São Francisco,2602,-5,-1.921598770176787,-1.1529592621060722,0.7686395080707147,0.0,2.9377898107591696,4.276596219980859,3.9639809023210573,-1.921598770176787,1.0161910405823826,2.354997449804072,2.0423821321442706,-3.0,-5.0,2.6441290875953594,6.127703364390196,5.314278307839392,-8.314278307839391,8.314278307839391
2022,3549102,São João da Boa Vista,92547,306,3.306428085189147,4.667898473208208,1.3614703880190606,0.0,8.651501537350821,8.473922492821494,5.605780762508623,3.306428085189147,11.957929622539968,11.78035057801064,8.91220884769777,432.0,306.0,1106.6705127772066,1090.2361049431506,824.7981922278855,-392.79819222788547,392.79819222788547
2022,3549201,São João das Duas Pontes,2580,1,0.3875968992248062,3.488372093023256,3.10077519379845,0.0,2.666899712946808,2.8240931627209176,4.8017807008874716,0.3875968992248062,3.054496612171614,3.211690061945724,5.1893776001122776,9.0,1.0000000000000002,7.880601259402765,8.286160359819966,13.388594208289677,-4.3885942082896765,4.3885942082896765
2022,3549250,São João de Iracema,1846,-26,-14.084507042253522,-4.333694474539545,9.750812567713975,0.0,6.309351456841767,12.56009471674286,17.46421748244228,-14.084507042253522,-7.775155585411755,-1.5244123255106619,3.3797104401887577,-8.0,-26.0,-14.3529372106701,-2.814065152892682,6.238945472588447,-14.238945472588448,14.238945472588448
2022,3549300,São João do Pau d'Alho,2242,21,9.36663693131133,3.568242640499554,-5.7983942908117765,0.0,-5.49590166912215,-6.222410754604299,-5.48696252665437,9.36663693131133,3.8707352621891804,3.144226176707031,3.87967440465696,8.0,21.000000000000004,8.678188457828142,7.049355088177164,8.698230015240904,-0.6982300152409042,0.6982300152409042
2022,3549409,São Joaquim da Barra,48558,527,10.853000535442153,10.564685530705548,-0.2883150047366047,0.0,-1.4196080592957339,-0.9370383989925993,0.6583453388913775,10.853000535442153,9.43339247614642,9.915962136449552,11.51134587433353,513.0,527.0,458.06667185671785,481.4992894217173,558.9679329658876,-45.9679329658876,45.9679329658876
2022,3549508,São José da Bela Vista,7626,55,7.212168895882508,-0.3933910306845004,-7.605559926567008,0.0,-4.113678080733847,-3.2127663177859707,-3.4232634005100215,7.212168895882508,3.0984908151486605,3.999402578096537,3.7889054953724863,-3.0,55.00000000000001,23.629090956323687,30.499444060564194,28.894193307710584,-31.894193307710584,31.894193307710584
2022,3549607,São José do Barreiro,3853,11,2.854918245522969,3.1144562678432397,0.2595380223202701,0.0,-1.173213554963926,-1.0553195750340882,-1.4953374906035515,2.854918245522969,1.6817046905590431,1.799598670488881,1.3595807549194177,12.000000000000002,11.0,6.479608172723993,6.9338536773936585,5.238464648704516,6.761535351295485,6.761535351295485
2022,3549706,São José do Rio Pardo,52205,-78,-1.4941097596015709,7.278996264725601,8.773106024327172,0.0,16.136107345199402,16.04668166677434,5.878920378157595,-1.4941097596015709,14.641997585597831,14.55257190717277,4.384810618556024,380.0,-78.00000000000001,764.3854839561347,759.7170164139544,228.90903834171723,151.09096165828277,151.09096165828277
2022,3549805,São José do Rio Preto,480393,4456,9.27573882217268,8.26614875737157,-1.0095900648011096,0.0,7.013387970113722,6.63700884945223,-0.8621257853429731,9.27573882217268,16.289126792286403,15.91274767162491,8.413613036829707,3971.0000000000005,4456.000000000001,7825.182487126842,7644.372592214906,4041.8408076017336,-70.8408076017331,70.8408076017331
2022,3549904,São José dos Campos,697054,8756,12.56143713399536,9.056687143320316,-3.504749990675043,0.0,1.4863479169348741,1.7763587176398792,-0.4984439594869152,12.56143713399536,14.047785050930234,14.337795851635239,12.062993174508446,6312.999999999999,8756.000000000002,9792.064760891122,9994.21794956575,8408.55764426381,-2095.557644263811,2095.557644263811
2022,3549953,São Lourenço da Serra,16067,1181,73.50469907263334,-7.46872471525487,-80.97342378788821,0.0,-44.226807822903986,-42.24549484510087,-55.42516013304923,73.50469907263334,29.277891249729358,31.25920422753247,18.07953893958411,-120.0,1181.0,470.4078787094016,502.24163432376423,290.48395214229794,-410.48395214229794,410.48395214229794
2022,3550001,São Luiz do Paraitinga,10337,18,1.7413175969817165,0.7739189319918738,-0.9673986649898424,0.0,3.045229257501206,3.31329000636633,4.73992583347058,1.7413175969817165,4.786546854482923,5.054607603348046,6.481243430452297,7.999999999999999,18.000000000000004,49.478534834789976,52.249478795808756,66.99661334058538,-58.996613340585384,58.996613340585384
2022,3550100,São Manuel,37289,-24,-0.6436214433210867,6.597119794041138,7.240741237362225,0.0,9.50168426883467,10.017998370292364,7.757470681829119,-0.6436214433210867,8.858062825513583,9.374376926971278,7.113849238508032,246.0,-24.000000000000004,330.308304700576,349.561141229832,265.268324254726,-19.268324254725997,19.268324254725997
2022,3550209,São Miguel Arcanjo,32039,164,5.1187615094104055,5.649364836605387,0.5306033271949815,0.0,2.090491140474653,2.2306423791961443,1.3242255235722198,5.1187615094104055,7.209252649885059,7.34940388860655,6.442987032982625,181.0,163.99999999999997,230.9772456496674,235.46755118706525,206.42686154973032,-25.42686154973032,25.42686154973032
2022,3550308,São Paulo,11451999,204313,17.840815389522824,11.885173933389272,-5.955641456133552,0.0,2.892433759380652,3.2229877511285414,-3.761525935885356,17.840815389522824,20.733249148903475,21.063803140651366,14.079289453637468,136109.0,204313.0,237437.14851999347,241222.6525029363,161236.00874376684,-25127.00874376684,25127.00874376684
2022,3550407,São Pedro,38256,488,12.75616896695943,8.129443747386032,-4.626725219573398,0.0,-3.081769043126453,-3.381000689854782,-2.8388713544997684,12.75616896695943,9.674399923832977,9.375168277104649,9.917297612459663,311.00000000000006,488.0,370.1038434861544,358.65643760891544,379.3961374622569,-68.39613746225683,68.39613746225683
2022,3550506,São Pedro do Turvo,7217,87,12.05487044478315,10.53069142302896,-1.5241790217541915,0.0,2.2112693794088187,2.4770643175471356,-2.401078685377317,12.05487044478315,14.266139824191969,14.531934762330286,9.653791759405832,76.0,87.0,102.95873111119344,104.87697317973767,69.67141512763189,6.328584872368111,6.328584872368111
2022,3550605,São Roque,79484,886,11.146897488802775,15.235770721151424,4.088873232348648,0.0,2.4274739049151686,3.306415288685364,-0.6262836776812872,11.146897488802775,13.574371393717943,14.45331277748814,10.520613811121487,1210.9999999999998,885.9999999999998,1078.945335858277,1148.8071128058673,836.2204681631803,374.7795318368195,374.7795318368195
2022,3550704,São Sebastião,81595,2198,26.93792511796066,12.978736442183957,-13.959188675776703,0.0,-13.483752102709452,-12.314269371480158,-12.103385654464164,26.93792511796066,13.454173015251207,14.623655746480502,14.834539463496496,1059.0,2198.0,1097.7932471794222,1193.2171906340766,1210.4242475239964,-151.42424752399643,151.42424752399643
2022,3550803,São Sebastião da Grama,10441,60,5.74657599846758,1.3408677329757686,-4.405708265491811,0.0,7.925771991825793,8.41682283779415,7.433196953604813,5.74657599846758,13.672347990293373,14.163398836261731,13.179772952072392,14.0,60.0,142.7529853666531,147.88004724940873,137.61000939258784,-123.61000939258784,123.61000939258784
2022,3550902,São Simão,13442,48,3.5708971879184648,6.3978574616872494,2.8269602737687847,0.0,4.571935898265918,5.389176077848945,7.047281482144061,3.5708971879184648,8.142833086184384,8.96007326576741,10.618178670062525,86.0,48.0,109.45596234449049,120.44130483844552,142.72955768298047,-56.72955768298047,56.72955768298047
2022,3551009,São Vicente,329911,194,0.5880373797781826,1.9126370445362535,1.3245996647580711,0.0,3.497465795643369,4.345055075943001,7.429568298219426,0.5880373797781826,4.085503175421552,4.933092455721184,8.017605677997608,630.9999999999999,194.0,1347.8524381064997,1627.4814651594313,2645.0963068338688,-2014.0963068338688,2014.0963068338688
2022,3551108,Sarapuí,10369,204,19.674028353746746,25.267624650400236,5.593596296653487,0.0,-10.543545301693435,-10.36545117286208,-16.017070186880797,19.674028353746746,9.130483052053311,9.308577180884665,3.656958166865948,262.00000000000006,204.0,94.67397876674077,96.5206367885931,37.91899923223301,224.08100076776705,224.08100076776705
2022,3551207,Sarutaiá,3704,-95,-25.64794816414687,22.408207343412528,48.0561555075594,0.0,30.20834422516738,31.126248182267798,32.409861938971375,-25.64794816414687,4.5603960610205085,5.478300018120926,6.761913774824503,83.0,-95.00000000000001,16.891707010019964,20.29162326711991,25.04612862194996,57.95387137805004,57.95387137805004
2022,3551306,Sebastianópolis do Sul,3130,26,8.30670926517572,69.00958466453675,60.70287539936103,0.0,7.368111848862179,8.007737432162465,4.82037232817325,8.30670926517572,15.674821114037897,16.314446697338184,13.127081593348969,216.00000000000003,26.0,49.062190086938614,51.06421816266851,41.08776538718227,174.91223461281777,174.91223461281777
2022,3551405,Serra Azul,12746,55,4.315079240546054,5.648831005805743,1.3337517652596889,0.0,-1.648556437296952,-0.7194520648940067,0.9251821984938627,4.315079240546054,2.6665228032491024,3.5956271756520475,5.240261439039917,72.0,55.00000000000001,33.98749965021306,45.82986398086099,66.79237230200279,5.207627697997211,5.207627697997211
2022,3551504,Serrana,43909,675,15.372702634995104,15.144958892254436,-0.2277437427406692,0.0,-7.581759755843335,-7.267360783447168,-7.150126160042944,15.372702634995104,7.7909428791517685,8.105341851547937,8.22257647495216,665.0,675.0,342.092510880675,355.89745535961833,361.0451104386744,303.9548895613256,303.9548895613256
2022,3551603,Serra Negra,29894,158,5.285341540108383,5.78711447113133,0.5017729310229475,0.0,3.53413751004084,3.428308823684614,1.0475550639854774,5.285341540108383,8.819479050149223,8.713650363792997,6.33289660409386,173.0,158.0,263.64950672516085,260.48586397522786,189.31561108278186,-16.315611082781857,16.315611082781857
2022,3551702,Sertãozinho,126887,2629,20.719222615397957,19.91535775926612,-0.8038648561318347,0.0,0.43883388024444137,0.43850802133543687,6.3592192582673555,20.719222615397957,21.1580564956424,21.157730636733394,27.078441873665312,2527.0,2629.0000000000005,2684.6823145625767,2684.6409673031903,3435.90225402377,-908.9022540237702,908.9022540237702
2022,3551801,Sete Barras,12730,-29,-2.27808326787117,10.840534171249017,13.118617439120186,0.0,7.915938750314827,8.106999855144718,9.858080634880212,-2.27808326787117,5.637855482443657,5.828916587273548,7.5799973670090415,137.99999999999997,-28.999999999999996,71.76990029150774,74.20210815599226,96.4933664820251,41.506633517974876,41.506633517974876
2022,3551900,Severínia,14576,53,3.636114160263447,6.79198682766191,3.155872667398464,0.0,8.117095431047456,9.219907802651075,8.272877378601576,3.636114160263447,11.753209591310902,12.856021962914522,11.908991538865024,99.0,53.00000000000001,171.3147830029477,187.38937613144205,173.5854606704966,-74.58546067049659,74.58546067049659
2022,3552007,Silveiras,6186,-21,-3.394762366634336,17.13546718396379,20.53022955059813,0.0,5.972991742961058,6.877709891201886,5.646707476011724,-3.394762366634336,2.5782293763267226,3.48294752456755,2.2519451093773886,106.0,-21.0,15.948926921957105,21.545513386974864,13.930532446608526,92.06946755339148,92.06946755339148
2022,3552106,Socorro,40122,337,8.399381885249987,2.6419420766661683,-5.757439808583818,0.0,0.9383293139209163,1.1047963355521344,0.36508550544190954,8.399381885249987,9.337711199170904,9.504178220802121,8.764467390691896,106.0,337.0,374.64764873313504,381.3266385750227,351.64796064934023,-245.64796064934023,245.64796064934023
2022,3552205,Sorocaba,723682,9647,13.330440718437105,8.552098850047397,-4.778341868389708,0.0,4.2982242692978225,3.8707585440508634,-0.6451732931654883,13.330440718437105,17.62866498773493,17.201199262487968,12.685267425271617,6189.0,9647.0,12757.54753565399,12448.198284675818,9180.099700855413,-2991.099700855413,2991.099700855413
2022,3552304,Sud Mennucci,7355,147,19.986403806934057,-2.447314751869477,-22.43371855880353,0.0,-10.89661323579259,-10.344307183945531,-16.078464383141032,19.986403806934057,9.089790571141467,9.642096622988525,3.9079394237930245,-18.000000000000004,147.0,66.8554096507455,70.91762066208061,28.742894461997693,-46.74289446199769,46.74289446199769
2022,3552403,Sumaré,279545,3905,13.969128405086838,6.786027294353324,-7.1831011107335145,0.0,-3.0251809091207384,-2.7844280758155593,-0.5155413554349002,13.969128405086838,10.9439474959661,11.18470032927128,13.453587049651938,1897.0,3905.0,3059.3258027598436,3126.62705354614,3760.882991794951,-1863.882991794951,1863.882991794951
2022,3552502,Suzano,307429,2775,9.026474405472484,6.385214147006301,-2.6412602584661817,0.0,2.5311081114483964,2.380252689920745,0.2659668751378791,9.026474405472484,11.557582516920881,11.40672709539323,9.292441280610364,1963.0,2775.0000000000005,3553.1360355944694,3506.758704209645,2856.7659304567637,-893.7659304567637,893.7659304567637
2022,3552551,Suzanápolis,3408,52,15.258215962441314,105.6338028169014,90.3755868544601,0.0,6.4678159275660505,7.415664118209647,2.4708539080285474,15.258215962441314,21.726031890007363,22.67388008065096,17.72906987046986,359.99999999999994,52.0,74.0423166811451,77.27258331485848,60.42067011856128,299.57932988143864,299.57932988143864
2022,3552601,Tabapuã,11323,24,2.119579616709353,4.062527598692926,1.9429479819835729,0.0,4.145000671053853,4.773164114078846,3.711026897663787,2.119579616709353,6.264580287763206,6.892743730788199,5.830606514373139,46.0,24.0,70.93384259834278,78.04653726371478,66.01995756224706,-20.019957562247058,20.019957562247058
2022,3552700,Tabatinga,14769,261,17.672151127361364,-5.823007651161216,-23.49515877852258,0.0,-2.1444287954385883,-1.45258405640382,-5.976840164280285,17.672151127361364,15.527722331922774,16.219567070957545,11.695310963081079,-86.0,260.99999999999994,229.32893112016745,239.546786070972,172.72804761374445,-258.7280476137445,258.7280476137445
2022,3552809,Taboão da Serra,273542,1470,5.373946231291721,3.85315600529352,-1.520790225998201,0.0,8.183601563311843,8.425432242706322,6.3692364710263805,5.373946231291721,13.557547794603565,13.799378473998043,11.743182702318101,1054.0,1470.0,3708.5587388314484,3774.709586534373,3212.253682757498,-2158.253682757498,2158.253682757498
2022,3552908,Taciba,6260,42,6.7092651757188495,10.543130990415335,3.8338658146964857,0.0,-2.4127729059360608,-2.4817636583444314,-2.086541414085908,6.7092651757188495,4.296492269782789,4.227501517374418,4.622723761632941,66.0,42.0,26.896041608840257,26.464159498763856,28.938250747822213,37.06174925217779,37.06174925217779
2022,3553005,Taguaí,12669,-50,-3.9466414081616543,-1.8154550477543607,2.131186360407293,0.0,25.517907505443322,25.374690906254255,13.679747849652957,-3.9466414081616543,21.57126609728167,21.4280494980926,9.733106441491302,-22.999999999999996,-50.0,273.2863701864615,271.4719590913352,123.3087255072533,-146.30872550725329,146.30872550725329
2022,3553104,Taiaçu,5677,12,2.113792496036639,0.1761493746697199,-1.9376431213669192,0.0,1.0735213078261672,1.8090167709479577,1.8120649657486607,2.113792496036639,3.187313803862806,3.9228092669845966,3.9258574617852995,0.9999999999999998,12.0,18.09438046452915,22.269788208671553,22.287092810555148,-21.287092810555148,21.287092810555148
2022,3553203,Taiúva,6548,5,0.7635919364691509,8.39951130116066,7.635919364691508,0.0,5.556327124123988,4.787454973093288,6.060341694180404,0.7635919364691509,6.319919060593139,5.551046909562439,6.823933630649555,55.0,5.0,41.38283000876387,36.34825516381485,44.683117413493285,10.316882586506715,10.316882586506715
2022,3553302,Tambaú,21435,-105,-4.89853044086774,14.229064613949149,19.127595054816886,0.0,16.911123160068914,17.133238525887535,19.92933166625622,-4.89853044086774,12.012592719201175,12.234708085019795,15.030801225388482,305.0,-105.0,257.48992493607716,262.2509678023993,322.18522426620206,-17.185224266202056,17.185224266202056
2022,3553401,Tanabi,25265,59,2.335246388284188,6.09538887789432,3.760142489610132,0.0,7.341006195572688,7.490074504607173,6.1728721134053135,2.335246388284188,9.676252583856876,9.82532089289136,8.508118501689502,154.0,59.000000000000014,244.47052153114396,248.2367323589002,214.95761394518527,-60.95761394518527,60.95761394518527
2022,3553500,Tapiraí,7996,20,2.501250625312656,-10.25512756378189,-12.756378189094546,0.0,3.1917836845755714,3.0296644771715115,1.8361543706508054,2.501250625312656,5.693034309888228,5.530915102484167,4.337404995963461,-82.0,19.999999999999996,45.52150234186627,44.2251971594634,34.68189034772384,-116.68189034772384,116.68189034772384
2022,3553609,Tapiratiba,11816,153,12.948544346648612,7.447528774542993,-5.50101557210562,0.0,-5.843684724318578,-5.3015557046187975,-3.88514833173474,12.948544346648612,7.104859622330034,7.6469886420298145,9.063396014913872,88.0,153.0,83.95102129745167,90.35681779422428,107.09308731222231,-19.09308731222231,19.09308731222231
2022,3553658,Taquaral,2619,84,32.07331042382589,7.636502481863307,-24.43680794196258,0.0,-26.902897417608465,-26.065786845864704,-17.70000801996614,32.07331042382589,5.170413006217423,6.007523577961184,14.373302403859746,20.0,84.0,13.54131166328343,15.733704250680342,37.643678995708676,-17.643678995708676,17.643678995708676
2022,3553708,Taquaritinga,52260,406,7.76884806735553,3.980099502487562,-3.788748564867968,0.0,2.728547468148027,3.219247690092465,1.5965796675819577,7.76884806735553,10.497395535503557,10.988095757447995,9.365427734937487,207.99999999999997,406.0,548.593890685416,574.2378842842322,489.43725342783307,-281.43725342783307,281.43725342783307
2022,3553807,Taquarituba,24350,241,9.897330595482549,2.997946611909651,-6.899383983572896,0.0,2.24902026999726,1.9179126374362494,-0.2748997968228625,9.897330595482549,12.146350865479809,11.815243232918798,9.622430798659686,73.0,241.00000000000006,295.76364357443333,287.70117272157273,234.30618994736335,-161.30618994736335,161.30618994736335
2022,3553856,Taquarivaí,6876,165,23.99650959860384,-1.0180337405468296,-25.01454333915067,0.0,-11.129770323514471,-11.77682223998174,-13.629482139039094,23.99650959860384,12.866739275089369,12.2196873586221,10.367027459564746,-7.0,165.0,88.4716992555145,84.02257027788556,71.28368081196719,-78.28368081196719,78.28368081196719
2022,3553906,Tarabai,6536,22,3.3659730722154224,-7.649938800489596,-11.015911872705018,0.0,2.6730929753419628,3.518938740316859,1.0997586557600034,3.3659730722154224,6.039066047557386,6.884911812532281,4.465731727975426,-50.0,22.0,39.471335686835076,44.99978360671099,29.188022574047384,-79.18802257404738,79.18802257404738
2022,3553955,Tarumã,14882,413,27.7516462841016,18.209918021771266,-9.54172826233033,0.0,-6.346383523282163,-5.9147853256001985,-7.06042995965486,27.7516462841016,21.405262760819436,21.8368609585014,20.691216324446742,271.0,413.0,318.55312040651484,324.97616478441785,307.92668134041645,-36.92668134041645,36.92668134041645
2022,3554003,Tatuí,123942,947,7.64067063626535,6.890319665650062,-0.7503509706152878,0.0,3.254224475384202,3.1744713601168,1.8555054394717203,7.64067063626535,10.894895111649552,10.815141996382149,9.49617607573707,854.0,947.0,1350.3350899280688,1340.4503293155963,1176.975055179004,-322.9750551790039,322.9750551790039
2022,3554102,Taubaté,310739,4120,13.25871551366259,10.429974995092346,-2.8287405185702443,0.0,-0.4375115168592084,-0.2658219307701861,-0.6599512097919253,13.25871551366259,12.821203996803382,12.992893582892403,12.598764303870665,3241.0000000000005,4119.999999999999,3984.0481087626863,4037.3987590544025,3914.927421020466,-673.9274210204658,673.9274210204658
2022,3554201,Tejupá,4127,-89,-21.565301671916647,-7.026896050399806,14.53840562151684,0.0,32.169823185002365,32.28188546289318,44.716895207767195,-21.565301671916647,10.604521513085718,10.716583790976532,23.151593535850548,-29.0,-89.0,43.764860284504756,44.22734130536015,95.54662652245521,-124.54662652245521,124.54662652245521
2022,3554300,Teodoro Sampaio,22173,111,5.006088485996482,4.825688900915528,-0.1803995850809547,0.0,0.8432540024366317,1.128917584095162,0.6051811350802628,5.006088485996482,5.849342488433114,6.135006070091644,5.611269621076745,107.00000000000001,111.0,129.69747099602745,136.03148959214204,124.41868130813467,-17.41868130813465,17.41868130813465
2022,3554409,Terra Roxa,7904,53,6.705465587044534,0.5060728744939271,-6.199392712550607,0.0,2.4288853616959605,3.5978133792501863,1.2985413029553476,6.705465587044534,9.134350948740494,10.30327896629472,8.004006889999882,4.0,53.0,72.19790989884487,81.43711694959346,63.26367045855907,-59.26367045855907,59.26367045855907
2022,3554508,Tietê,37663,300,7.965377160608555,3.2658046358495074,-4.699572524759048,0.0,9.772690628235214,10.237237485299051,9.013438429820676,7.965377160608555,17.738067788843768,18.202614645907605,16.97881559042923,123.0,300.0,668.0688471312228,685.5650754088181,639.4731315823361,-516.4731315823361,516.4731315823361
2022,3554607,Timburi,2464,-5,-2.029220779220779,-8.116883116883116,-6.087662337662337,0.0,9.90173362882653,10.247965269016348,6.18687939660949,-2.029220779220779,7.8725128496057515,8.218744489795569,4.157658617388711,-20.0,-5.0,19.397871661428574,20.25098642285628,10.244470833245785,-30.244470833245785,30.244470833245785
2022,3554656,Torre de Pedra,2046,7,3.421309872922776,-8.308895405669599,-11.730205278592376,0.0,-1.5718479482878351,-0.749372089932875,-0.24604470576378795,3.421309872922776,1.849461924634941,2.671937782989901,3.1752651671589884,-17.0,7.0,3.7839990978030897,5.466784703997337,6.49659253200729,-23.49659253200729,23.49659253200729
2022,3554706,Torrinha,9335,221,23.674343867166577,14.783074450990894,-8.891269416175684,0.0,-13.97184190132247,-13.222989729185535,-14.120270643063972,23.674343867166577,9.702501965844107,10.451354137981042,9.554073224102606,138.0,221.0,90.57285585115473,97.56339087805303,89.18727354699782,48.812726453002185,48.812726453002185
2022,3554755,Trabiju,1682,-18,-10.70154577883472,14.863258026159334,25.564803804994057,0.0,22.25555891184064,22.150446351085574,23.301717441169426,-10.70154577883472,11.55401313300592,11.448900572250853,12.600171662334706,25.0,-18.0,19.433850089715957,19.257050762525935,21.193488736046977,3.8065112639530234,3.8065112639530234
2022,3554805,Tremembé,51173,120,2.344986614034745,-0.7816622046782483,-3.1266488187129933,0.0,3.039935152345139,2.724389345036772,1.2925797527556864,2.344986614034745,5.384921766379884,5.069375959071516,3.6375663667904314,-40.0,120.0,275.5626015509578,259.4151759535667,186.14518368776675,-226.14518368776675,226.14518368776675
2022,3554904,Três Fronteiras,6804,-13,-1.9106407995296883,5.584950029394474,7.495590828924162,0.0,6.013041598945455,5.670257847284096,5.972237185952567,-1.9106407995296883,4.102400799415767,3.759617047754407,4.061596386422878,38.0,-13.0,27.912735039224877,25.580434392920985,27.63510181322126,10.364898186778738,10.364898186778738
2022,3554953,Tuiuti,6778,66,9.737385659486574,6.0489820005901445,-3.688403658896429,0.0,-6.220961755117061,-6.236259248648894,-5.811532935757547,9.737385659486574,3.5164239043695122,3.5011264108376796,3.925852723729027,41.0,66.0,23.834321223816556,23.730634812657794,26.609429761435344,14.390570238564656,14.390570238564656
2022,3555000,Tupã,63928,472,7.383306219496934,2.518458265548742,-4.864847953948192,0.0,3.4585341682351443,3.53954064810637,1.899363463172219,7.383306219496934,10.841840387732077,10.922846867603305,9.282669682669152,160.99999999999997,472.0,693.0971723069363,698.2757545521441,593.4225074736736,-432.4225074736736,432.4225074736736
2022,3555109,Tupi Paulista,15854,310,19.55342500315378,7.253689920524789,-12.299735082628992,0.0,-12.778785842723124,-12.817221478650378,-18.408827075852315,19.55342500315378,6.774639160430656,6.736203524503402,1.144597927301465,115.00000000000001,310.00000000000006,107.40512924946762,106.79577067747694,18.146455539437426,96.85354446056259,96.85354446056259
2022,3555208,Turiúba,1818,-17,-9.350935093509351,4.950495049504951,14.3014301430143,0.0,14.341696484531013,15.43000733060434,22.831326739596378,-9.350935093509351,4.990761391021662,6.079072237094989,13.480391646087027,9.000000000000002,-17.0,9.073204208877382,11.051753327038691,24.507352012586217,-15.507352012586216,15.507352012586216
2022,3555307,Turmalina,1669,-1,-0.5991611743559018,16.177351707609347,16.77651288196525,0.0,4.64481012184721,4.892858303958578,6.128070699915079,-0.5991611743559018,4.045648947491308,4.293697129602676,5.528909525559177,27.0,-1.0,6.752188093362994,7.166180509306866,9.227749998158266,17.772250001841734,17.772250001841734
2022,3555356,Ubarana,5365,95,17.707362534948743,-6.710158434296365,-24.417520969245107,0.0,-7.69298724049981,-6.304194208654229,-7.613194658712134,17.707362534948743,10.014375294448932,11.403168326294514,10.09416787623661,-36.0,95.0,53.72712345471852,61.17799807057006,54.15521065600941,-90.15521065600942,90.15521065600942
2022,3555406,Ubatuba,92981,977,10.507523042341983,7.37785138899345,-3.1296716533485327,0.0,1.101663761551348,1.0246809782405761,0.039629782708533526,10.507523042341983,11.609186803893332,11.53220402058256,10.547152825050517,685.9999999999999,976.9999999999999,1079.4337982128059,1072.275862037787,980.6848168260221,-294.68481682602226,294.68481682602226
2022,3555505,Ubirajara,5132,-175,-34.09976617303195,-8.768511301636789,25.331254871395164,0.0,54.93402831050094,52.831334091015826,50.92461333600668,-34.09976617303195,20.83426213746899,18.731567917983874,16.824847162974727,-45.0,-174.99999999999997,106.92143328949086,96.13040655509324,86.3451156403863,-131.3451156403863,131.3451156403863
2022,3555604,Uchoa,10394,99,9.524725803348083,-3.4635366557629403,-12.988262459111024,0.0,-1.5128690771473312,-1.657211519376216,0.7254185761146796,9.524725803348083,8.011856726200753,7.867514283971867,10.250144379462762,-36.0,98.99999999999997,83.27523881213062,81.77494346760359,106.54000068013596,-142.54000068013596,142.54000068013596
2022,3555703,União Paulista,1603,13,8.109794135995008,-7.485963817841547,-15.595757953836555,0.0,-1.781137358442017,-0.8217645435029749,3.209676300994425,8.109794135995008,6.328656777552991,7.288029592492033,11.319470436989434,-12.0,12.999999999999998,10.144836814417445,11.682711436764729,18.14511111049406,-30.14511111049406,30.14511111049406
2022,3555802,Urânia,8833,31,3.509566398732028,-4.415260953243519,-7.924827351975546,0.0,2.241465951007065,2.4542966697285435,3.8578349800578065,3.509566398732028,5.751032349739093,5.963863068460571,7.367401378789834,-39.0,31.0,50.79886874524541,52.678802483712225,65.07625637885062,-104.07625637885062,104.07625637885062
2022,3555901,Uru,1387,16,11.535688536409516,-2.1629416005767843,-13.6986301369863,0.0,-4.956086276123388,-6.168492132343831,-4.908091563932725,11.535688536409516,6.579602260286128,5.367196404065686,6.627596972476791,-3.0,16.0,9.12590833501686,7.444301412439105,9.19247700082531,-12.19247700082531,12.19247700082531
2022,3556008,Urupês,13744,84,6.111757857974389,6.40279394644936,0.2910360884749705,0.0,4.33603229601355,4.333232103819191,1.634270905256797,6.111757857974389,10.447790153987938,10.444989961793581,7.746028763231186,88.0,84.0,143.5944278764102,143.555942034891,106.46141932184942,-18.46141932184942,18.46141932184942
2022,3556107,Valentim Gentil,14098,-35,-2.482621648460775,23.6203716839268,26.102993332387573,0.0,14.8221367344212,14.41725762992407,9.851740122975606,-2.482621648460775,12.339515085960425,11.934635981463295,7.369118474514831,333.0,-35.0,173.96248368187008,168.25449806666953,103.8898322537101,229.1101677462899,229.1101677462899
2022,3556206,Valinhos,126373,1688,13.357283596970872,1.2898324800392489,-12.067451116931622,0.0,5.169618996024217,5.27904989693615,-2.41541752226687,13.357283596970872,18.52690259299509,18.63633349390702,10.941866074704002,163.0,1688.0,2341.300261384569,2355.129372625512,1382.7564414585688,-1219.7564414585688,1219.7564414585688
2022,3556305,Valparaíso,24241,135,5.569077183284518,22.93634751041624,17.36727032713172,0.0,4.027212523931341,4.661290991353875,1.0107602359389578,5.569077183284518,9.59628970721586,10.230368174638393,6.579837419223476,556.0000000000001,135.0,232.62365879261966,247.99435492140927,159.50183887939627,396.49816112060387,396.49816112060387
2022,3556354,Vargem,10512,53,5.041856925418569,7.039573820395738,1.9977168949771693,0.0,0.5172401221001415,0.6331921840781294,0.9625084983394817,5.041856925418569,5.55909704751871,5.6750491094966975,6.00436542375805,74.0,52.99999999999999,58.43722816351668,59.65611623902928,63.11788933454462,10.882110665455379,10.882110665455379
2022,3556404,Vargem Grande do Sul,40133,548,13.6545984601201,2.1677920912964392,-11.48680636882366,0.0,-0.9919281874860999,-0.5699946327966279,-1.1460213212611867,13.6545984601201,12.662670272634001,13.084603827323473,12.508577138858914,87.0,548.0,508.19094605162036,525.1244054019729,502.0067263138248,-415.0067263138248,415.0067263138248
2022,3556453,Vargem Grande Paulista,50415,802,15.907963899633046,11.643360111078051,-4.264603788554995,0.0,-2.384979569089424,-1.9039053826491141,-1.9894083806919083,15.907963899633046,13.522984330543622,14.004058516983932,13.918555518941137,587.0,802.0,681.7612550243566,706.0146101337449,701.7039764874173,-114.70397648741732,114.70397648741732
2022,3556503,Várzea Paulista,115771,803,6.936106624284147,3.688315726736402,-3.2477908975477447,0.0,1.7245890341147985,2.114132565492077,0.5521295554505011,6.936106624284147,8.660695658398945,9.050239189776224,7.488236179734648,427.0,803.0,1002.6573970685042,1047.7552412395833,866.92059076406,-439.92059076405997,439.92059076405997
2022,3556602,Vera Cruz,10176,45,4.422169811320755,-1.0809748427672956,-5.50314465408805,0.0,0.17955284609996514,0.5021818562211093,0.8036497025643056,4.422169811320755,4.60172265742072,4.924351667541864,5.22581951388506,-11.0,45.0,46.82712976191325,50.11020256890601,53.17793937329437,-64.17793937329438,64.17793937329438
2022,3556701,Vinhedo,76540,1687,22.0407629997387,1.058270185523909,-20.98249281421479,0.0,3.8709571021571128,4.093498863406741,6.5934358525294,22.0407629997387,25.911720101895813,26.13426186314544,28.6341988522681,80.99999999999999,1687.0,1983.2830565991055,2000.316403005152,2191.6615801526004,-2110.6615801526004,2110.6615801526004
2022,3556800,Viradouro,17414,28,1.6079016882967727,-16.8255426668198,-18.43344435511657,0.0,6.5907329890569555,7.143229813040951,8.783349807226198,1.6079016882967727,8.198634677353729,8.751131501337724,10.39125149552297,-293.0,28.0,142.77102427143785,152.39220396429513,180.95325354303702,-473.953253543037,473.953253543037
2022,3556909,Vista Alegre do Alto,8109,401,49.45122703169319,15.414971019854482,-34.0362560118387,0.0,-26.01164210174439,-24.156337562625225,-46.1750646923643,49.45122703169319,23.439584929948804,25.294889469067968,3.2761623393288914,125.0,401.0000000000001,190.07159419695486,205.11625870467216,26.56640040961798,98.43359959038202,98.43359959038202
2022,3556958,Vitória Brasil,1794,-5,-2.787068004459309,5.574136008918618,8.361204013377927,0.0,5.94133088682914,6.640200135222339,5.9252771347574065,-2.787068004459309,3.1542628823698307,3.85313213076303,3.1382091302980974,10.0,-5.0,5.658747610971476,6.912519042588876,5.629947179754787,4.370052820245213,4.370052820245213
2022,3557006,Votorantim,127923,1154,9.02105172642918,5.174988078766133,-3.846063647663047,0.0,0.9391489848446404,0.7031976231811281,0.2880477679130667,9.02105172642918,9.96020071127382,9.724249349610307,9.309099494342247,662.0,1154.0,1274.138755588281,1243.9551495501992,1190.8479346147433,-528.8479346147433,528.8479346147433
2022,3557105,Votuporanga,96634,-506,-5.236252250760602,7.336962145828591,12.573214396589194,0.0,16.658434593086405,16.417711186231056,22.519765249976402,-5.236252250760602,11.422182342325803,11.181458935470454,17.2835129992158,709.0,-506.0,1103.7711684683118,1080.509102770252,1670.1749951662198,-961.1749951662198,961.1749951662198
2022,3557154,Zacarias,2692,13,4.829123328380387,13.7444279346211,8.915304606240712,0.0,4.347415591427691,4.441338807964577,4.69715340596367,4.829123328380387,9.176538919808078,9.270462136344964,9.526276734344057,37.0,13.000000000000002,24.703242772123343,24.956084071040646,25.6447369688542,11.3552630311458,11.3552630311458
2022,3557204,Chavantes,12211,75,6.142003111948243,126.11579723200391,119.97379412005569,0.0,5.902501658336261,5.788368190863319,3.3061302912744357,6.142003111948243,12.044504770284505,11.930371302811562,9.448133403222679,1539.9999999999998,75.0,147.0754477499441,145.681763978632,115.37115698675213,1424.6288430132477,1424.6288430132477
2022,3557303,Estiva Gerbi,11295,111,9.827357237715804,-1.5936254980079685,-11.420982735723772,0.0,-1.3505363866997593,-1.2738063955368597,1.2364678360337287,9.827357237715804,8.476820851016043,8.553550842178943,11.063825073749532,-18.000000000000004,111.0,95.74569151222622,96.61235676241117,124.96590420800096,-142.96590420800098,142.96590420800098
