ano,codigo_ibge,municipio,vab_agropecuaria,vab_industria,vab_servicos,vab_administracao_publica,pib,pib_per_capita,admissoes,desligamentos,saldo_empregos,crescimento_pib_pct,crescimento_pib_per_capita_pct,saldo_empregos_ano_anterior,admissoes_ano_anterior,desligamentos_ano_anterior,saldo_empregos_proximo_ano,participacao_agro_pct,participacao_industria_pct,participacao_servicos_pct,participacao_adm_publica_pct,populacao_2022,admissoes_por_1000_hab,desligamentos_por_1000_hab,saldo_por_1000_hab,movimentacoes_por_1000_hab,saldo_por_1000_ano_anterior,admissoes_por_1000_ano_anterior,desligamentos_por_1000_ano_anterior,saldo_por_1000_proximo_ano,variacao_saldo_por_1000_proximo_ano,setor_dominante
2020,3500105,Adamantina,40457.977,162984.916,722511.327,224408.922,1243768.277,35423.89,2917,3258,-341,,,,,,813.0,3.252854872419294,13.104122288206582,58.09050933046108,18.04266326371339,34687,84.09490587251709,93.92567820797416,-9.830772335457088,178.02058408049126,,,,23.438175685415285,33.26894802087237,Serviços
2021,3500105,Adamantina,54224.142,178323.41,785582.034,228217.171,1370865.929,38997.12,4413,3600,813,10.218756528069894,10.08706271389168,-341.0,2917.0,3258.0,650.0,3.955466457580915,13.008085344281687,57.30553348663755,16.647665258299668,34687,127.22345547323204,103.78527978781676,23.438175685415285,231.00873526104883,-9.830772335457088,84.09490587251709,93.92567820797416,18.739008850578028,-4.699166834837257,Serviços
2020,3500204,Adolfo,48342.164,20639.392,42483.841,21488.596,136757.511,38479.88,256,234,22,,,,,,-90.0,35.348818245163876,15.091962298143901,31.06508789853597,15.712918320076769,4351,58.83704895426339,53.78074005975638,5.05630889450701,112.61778901401976,,,,-20.68490002298322,-25.741208917490237,Agropecuária
2021,3500204,Adolfo,22826.148,17782.937,42622.327,27140.209,115489.988,32578.28,278,368,-90,-15.551265041669271,-15.336846164800932,22.0,256.0,234.0,77.0,19.764611976581037,15.397816995184035,36.90564674749122,23.500053528449584,4351,63.8933578487704,84.57825787175362,-20.68490002298322,148.47161572052403,5.05630889450701,58.83704895426339,53.78074005975638,17.697081130774535,38.38198115375776,Serviços
2020,3500303,Aguaí,111006.271,317117.243,395815.082,150363.055,1143458.326,31201.11,2664,2469,195,,,,,,444.0,9.707941992806829,27.733170137413477,34.615610643601194,13.149850027853136,32072,83.06310800698428,76.98303816413072,6.080069842853579,160.04614617111497,,,,13.84385133449738,7.763781491643801,Serviços
2021,3500303,Aguaí,121795.919,358840.73,437984.526,151739.51,1314737.257,35551.7,3356,2912,444,14.979026966305042,13.943702643912337,195.0,2664.0,2469.0,382.0,9.263898041340742,27.293721851224607,33.31346424299285,11.541432266568833,32072,104.6395609877775,90.79570965328011,13.84385133449738,195.43527064105763,6.080069842853579,83.06310800698428,76.98303816413072,11.910700922923422,-1.9331504115739584,Serviços
2020,3500402,Águas da Prata,21848.09,24933.908,94598.396,34095.809,186999.226,22746.53,435,480,-45,,,,,,132.0,11.683518946757566,13.333695830377396,50.58758692402287,18.23312840877748,7369,59.03107612973266,65.13773917763605,-6.106663047903379,124.1688153073687,,,,17.912878273849913,24.01954132175329,Serviços
2021,3500402,Águas da Prata,25096.376,25550.804,106278.688,36922.718,209003.992,25297.02,530,398,132,11.767303250763185,11.212655292917216,-45.0,435.0,480.0,9.0,12.007606055677636,12.225031567818093,50.85007562917745,17.666034819086136,7369,71.92292034197312,54.01004206812322,17.912878273849913,125.93296241009637,-6.106663047903379,59.03107612973266,65.13773917763605,1.2213326095806758,-16.69154566426924,Serviços
2020,3500501,Águas de Lindóia,7179.034,31183.14,310169.778,112904.399,492384.597,26179.53,1215,1445,-230,,,,,,418.0,1.4580135210850227,6.333086004313006,62.99339579056734,22.930124071285682,17930,67.76352481873954,80.59118795315115,-12.8276631344116,148.3547127718907,,,,23.312883435582823,36.14054656999443,Serviços
2021,3500501,Águas de Lindóia,10298.965,41438.678,372529.721,114950.716,585603.941,30971.23,1912,1494,418,18.93222179734433,18.30323157062026,-230.0,1215.0,1445.0,279.0,1.7586912038899685,7.076229358914099,63.614619868140544,19.629430055355453,17930,106.63692136084774,83.32403792526492,23.312883435582823,189.96095928611268,-12.8276631344116,67.76352481873954,80.59118795315115,15.560513106525375,-7.752370329057445,Serviços
2020,3500550,Águas de Santa Bárbara,64377.975,10098.392,76382.749,39064.33,200451.011,32812.41,463,426,37,,,,,,209.0,32.116562884284974,5.037835404082846,38.10544462656764,19.488217996565755,7177,64.51163438762714,59.35627699595931,5.155357391667828,123.86791138358645,,,,29.120802563745297,23.96544517207747,Serviços
2021,3500550,Águas de Santa Bárbara,70378.677,9944.378,82958.154,41021.111,217295.581,35378.64,889,680,209,8.403335017352443,7.820912880218178,37.0,463.0,426.0,-194.0,32.38845294327453,4.5764290070859746,38.177561466378826,18.87802357103617,7177,123.86791138358645,94.74710881984116,29.120802563745297,218.61502020342763,5.155357391667828,64.51163438762714,59.35627699595931,-27.03079281036645,-56.15159537411175,Serviços
2020,3500600,Águas de São Pedro,0.0,13013.73,89456.201,27476.433,136433.225,38748.43,255,364,-109,,,,,,38.0,0.0,9.53853432695738,65.56775374913258,20.139106878108322,2780,91.72661870503596,130.93525179856115,-39.20863309352518,222.66187050359716,,,,13.669064748201436,52.877697841726615,Serviços
2021,3500600,Águas de São Pedro,0.0,8858.841,98194.675,31514.802,147855.135,41208.23,497,459,38,8.37179506678083,6.348128169321954,-109.0,255.0,364.0,74.0,0.0,5.991568030423833,66.41275935394465,21.31464828732529,2780,178.7769784172662,165.10791366906474,13.669064748201436,343.8848920863309,-39.20863309352518,91.72661870503596,130.93525179856115,26.61870503597122,12.949640287769784,Serviços
2020,3500709,Agudos,66100.915,947909.604,751773.136,210774.674,2308691.114,61728.06,3020,2754,266,,,,,,511.0,2.863133773035347,41.05831214283437,32.562742215327816,9.129617761417,37680,80.14861995753715,73.08917197452229,7.059447983014862,153.23779193205945,,,,13.561571125265392,6.502123142250532,Indústria
2021,3500709,Agudos,85373.367,1120495.303,780808.117,207612.863,2638622.611,70209.74,3912,3401,511,14.29084622881258,13.740396182870484,266.0,3020.0,2754.0,828.0,3.2355277577055523,42.46515959989247,29.59150405764487,7.8682287544454015,37680,103.82165605095544,90.26008492569,13.561571125265392,194.08174097664545,7.059447983014862,80.14861995753715,73.08917197452229,21.97452229299363,8.412951167728236,Indústria
2020,3500758,Alambari,38016.937,9869.913,38618.517,29382.173,121301.595,19791.42,241,208,33,,,,,,69.0,31.3408385108209,8.136672069316155,31.83677593027528,24.222412739090526,6141,39.24442273245399,33.87070509688976,5.37371763556424,73.11512782934375,,,,11.235955056179774,5.862237420615534,Serviços
2021,3500758,Alambari,35450.074,11402.717,42753.369,32355.482,129389.561,20765.46,296,227,69,6.667650165688266,4.921526600921,33.0,241.0,208.0,-8.0,27.397939776609952,8.81270244050059,33.04236344074155,25.006253788897236,6141,48.20061879172773,36.96466373554796,11.235955056179774,85.16528252727569,5.37371763556424,39.24442273245399,33.87070509688976,-1.3027194268034523,-12.538674482983229,Serviços
2020,3500808,Alfredo Marcondes,7222.646,19792.209,33505.628,24196.006,111137.811,26562.57,726,265,461,,,,,,-188.0,6.49881974011527,17.808708685111675,30.147820708831485,21.771173808704944,4445,163.32958380202476,59.617547806524186,103.71203599550056,222.9471316085489,,,,-42.2947131608549,-146.00674915635545,Serviços
2021,3500808,Alfredo Marcondes,9081.353,21154.99,35648.145,24617.494,120354.905,28649.11,215,403,-188,8.293391706266373,7.855188711032102,461.0,726.0,265.0,-22.0,7.545478100788662,17.577173111473936,29.619187518780393,20.454084526093887,4445,48.368953880764906,90.6636670416198,-42.2947131608549,139.0326209223847,103.71203599550056,163.32958380202476,59.617547806524186,-4.949381327334083,37.34533183352082,Serviços
2020,3500907,Altair,43707.678,4912.175,25389.694,28017.011,111752.906,26696.82,158,124,34,,,,,,-7.0,39.11099904641406,4.395568022186376,22.719493307851877,25.07049883785572,3451,45.783830773688784,35.931614024920314,9.852216748768472,81.7154447986091,,,,-2.028397565922921,-11.880614314691394,Agropecuária
2021,3500907,Altair,48058.627,5048.541,24150.276,29230.491,112274.385,26662.17,169,176,-7,0.4666357401032606,-0.129790739121749,34.0,158.0,124.0,24.0,42.80462279975972,4.4966098010690505,21.510049687646923,26.03487073209085,3451,48.97131266299623,50.99971022891915,-2.028397565922921,99.97102289191538,9.852216748768472,45.783830773688784,35.931614024920314,6.954505940307158,8.982903506230079,Agropecuária
2020,3501004,Altinópolis,254970.541,23014.279,269738.279,74223.042,654362.275,40385.25,1171,1052,119,,,,,,127.0,38.96473723213949,3.517054677395637,41.221551013160095,11.342805787512734,16818,69.62777975978118,62.55202758948745,7.0757521702937325,132.17980734926866,,,,7.55143298846474,0.4756808181710079,Serviços
2021,3501004,Altinópolis,386045.395,28793.595,296402.138,82123.3,833396.279,51377.61,1675,1548,127,27.360074203544205,27.21874941965199,119.0,1171.0,1052.0,-39.0,46.32194848088589,3.454970429499602,35.565570121773966,9.854051676177452,16818,99.59567130455464,92.0442383160899,7.55143298846474,191.63990962064457,7.0757521702937325,69.62777975978118,62.55202758948745,-2.31894398858366,-9.870376977048402,Agropecuária
2020,3501103,Alto Alegre,38962.384,9478.337,36756.461,25561.669,116733.562,28555.18,216,206,10,,,,,,19.0,33.377191042966714,8.11963315228914,31.487483436854262,21.897446254574156,3841,56.23535537620411,53.63186670137985,2.6034886748242645,109.86722207758396,,,,4.946628482166103,2.3431398073418386,Agropecuária
2021,3501103,Alto Alegre,38450.218,7851.695,34981.123,26679.913,113584.879,27853.08,263,244,19,-2.697324527799472,-2.458748290152601,10.0,216.0,206.0,29.0,33.85152877611465,6.912623466368265,30.79734143133612,23.4889654634399,3841,68.47175214787815,63.52512366571206,4.946628482166103,131.9968758135902,2.6034886748242645,56.23535537620411,53.63186670137985,7.550117156990368,2.6034886748242645,Agropecuária
2020,3501152,Alumínio,1196.211,1016746.549,579483.304,108690.833,2287256.583,121876.52,1117,903,214,,,,,,180.0,0.05229894227393726,44.45266685674678,25.335299428450696,4.752017495887561,17301,64.56274203803248,52.19351482573262,12.369227212299869,116.7562568637651,,,,10.404022888850356,-1.9652043234495125,Indústria
2021,3501152,Alumínio,1155.379,2236917.868,793351.243,117203.345,3982313.077,210670.96,1533,1353,180,74.10871638094659,72.85606776432407,214.0,1117.0,903.0,795.0,0.02901276162019845,56.1713211580326,19.92187022115439,2.9430972084267397,17301,88.60759493670886,78.20357204785851,10.404022888850356,166.81116698456736,12.369227212299869,64.56274203803248,52.19351482573262,45.951101092422405,35.54707820357205,Indústria
2020,3501202,Álvares Florence,49099.52,4404.442,30723.621,24804.147,112202.646,30765.74,70,71,-1,,,,,,13.0,43.75968103283411,3.925435056139407,27.38226066433407,22.106561551142033,3915,17.879948914431672,18.13537675606641,-0.2554278416347382,36.01532567049808,,,,3.3205619412515963,3.5759897828863343,Agropecuária
2021,3501202,Álvares Florence,60047.108,4639.805,30252.83,25587.09,124350.991,34389.1,121,108,13,10.82714662540134,11.777256129707904,-1.0,70.0,71.0,25.0,48.28840326652483,3.7312167459928007,24.32857973765565,20.5765067043173,3915,30.90676883780332,27.58620689655172,3.3205619412515963,58.49297573435504,-0.2554278416347382,17.879948914431672,18.13537675606641,6.385696040868455,3.0651340996168583,Agropecuária
2020,3501301,Álvares Machado,27963.35,104337.579,301060.741,108636.628,618885.472,24757.4,684,867,-183,,,,,,173.0,4.518340026569569,16.858947853925386,48.64563067332755,17.5535915633838,27255,25.096312603192075,31.81067694001101,-6.7143643368189325,56.90698954320308,,,,6.347459181801504,13.061823518620436,Serviços
2021,3501301,Álvares Machado,43126.087,121125.549,335572.053,111961.378,709875.985,28306.72,1060,887,173,14.702318460627884,14.33640042977049,-183.0,684.0,867.0,250.0,6.075157902404601,17.062916841735394,47.27192637739394,15.771963042248851,27255,38.891946431847366,32.54448725004586,6.347459181801504,71.43643368189323,-6.7143643368189325,25.096312603192075,31.81067694001101,9.1726288754357,2.825169693634196,Serviços
2020,3501400,Álvaro de Carvalho,8770.93,3414.623,17326.235,22199.039,53435.469,10131.87,35,40,-5,,,,,,9.0,16.414060106780386,6.390180649485831,32.42459610488307,41.54364023641301,4808,7.2795341098169715,8.319467554076539,-1.0399334442595674,15.59900166389351,,,,1.8718801996672212,2.9118136439267888,Administração pública
2021,3501400,Álvaro de Carvalho,11040.51,2988.031,19064.229,23331.816,58586.473,11012.49,69,60,9,9.63967210618102,8.691584080727432,-5.0,35.0,40.0,-8.0,18.844810814946992,5.100206322370695,32.540325477521066,39.82457861902696,4808,14.351081530782029,12.479201331114808,1.8718801996672212,26.83028286189684,-1.0399334442595674,7.2795341098169715,8.319467554076539,-1.663893510815308,-3.535773710482529,Administração pública
2020,3501509,Alvinlândia,15024.491,3338.67,16610.47,21069.149,57564.04,17783.14,20,18,2,,,,,,26.0,26.10048043882952,5.799923007488704,28.855636261805113,36.60123403430336,2885,6.932409012131715,6.239168110918544,0.6932409012131716,13.17157712305026,,,,9.01213171577123,8.31889081455806,Administração pública
2021,3501509,Alvinlândia,14785.63,3008.25,17207.521,21289.36,58404.989,17965.24,53,27,26,1.4608929463602705,1.0240036349036252,2.0,20.0,18.0,5.0,25.315696917604075,5.150673001582108,29.462416301456713,36.451269599588485,2885,18.370883882149045,9.358752166377815,9.01213171577123,27.72963604852686,0.6932409012131716,6.932409012131715,6.239168110918544,1.7331022530329288,-7.279029462738302,Administração pública
2020,3501608,Americana,14753.037,2930088.847,6326469.03,1103165.049,11956360.558,49402.77,27042,27867,-825,,,,,,6918.0,0.12339070010839331,24.506527992244912,52.912999731903874,9.226595698988623,237240,113.98583712696004,117.4633282751644,-3.47749114820435,231.44916540212444,,,,29.160343955488116,32.63783510369246,Serviços
2021,3501608,Americana,14187.998,4499621.881,7144793.007,1169763.33,15217279.783,62271.47,40739,33821,6918,27.273510272472667,26.048539383520406,-825.0,27042.0,27867.0,3418.0,0.09323609871358307,29.56916048837294,46.95184099185594,7.687072503633681,237240,171.72062046872367,142.56027651323555,29.160343955488116,314.2808969819592,-3.47749114820435,113.98583712696004,117.4633282751644,14.407351205530263,-14.752992749957848,Serviços
2020,3501707,Américo Brasiliense,19098.193,321396.532,449220.795,188238.534,1081155.019,26349.07,3803,3004,799,,,,,,355.0,1.7664620396124708,29.727146093931232,41.550081820412835,17.410873620520093,33019,115.17611072412852,90.9779218025985,24.19818892153003,206.15403252672704,,,,10.751385565886308,-13.446803355643722,Serviços
2021,3501707,Américo Brasiliense,21524.539,363182.168,506588.317,206818.123,1230443.649,29617.13,4580,4225,355,13.808253892959987,12.402942494744607,799.0,3803.0,3004.0,672.0,1.749331553500505,29.51635926563265,41.171191985241414,16.808418911998462,33019,138.70801659650502,127.95663103061877,10.751385565886308,266.66464762712377,24.19818892153003,115.17611072412852,90.9779218025985,20.351918592325628,9.60053302643932,Serviços
2020,3501806,Américo de Campos,27871.924,3802.999,42784.738,31217.746,109058.041,18234.08,58,95,-37,,,,,,7.0,25.55696374557104,3.4871330578916226,39.231163156506724,28.624891584106116,5870,9.88074957410562,16.183986371379895,-6.303236797274276,26.06473594548552,,,,1.192504258943782,7.495741056218058,Serviços
2021,3501806,Américo de Campos,38291.032,3852.177,46794.721,33232.582,126802.294,21158.4,122,115,7,16.270467392679457,16.037661346226393,-37.0,58.0,95.0,-19.0,30.197428447154117,3.0379395186651754,36.90368645854309,26.2081867383251,5870,20.783645655877343,19.59114139693356,1.192504258943782,40.3747870528109,-6.303236797274276,9.88074957410562,16.183986371379895,-3.2367972742759794,-4.429301533219761,Serviços
2020,3501905,Amparo,96318.592,1826308.164,1729657.407,353011.356,4591224.954,63173.01,7493,6665,828,,,,,,700.0,2.0978843982820887,39.77823309243148,37.67311391468796,7.688827263679314,68008,110.17821432772617,98.00317609692976,12.175038230796378,208.18139042465592,,,,10.29290671685684,-1.8821315139395371,Indústria
2021,3501905,Amparo,120904.072,2105977.151,1830744.15,372174.994,5152155.514,70437.56,8830,8130,700,12.217448842520827,11.499452060302318,828.0,7493.0,6665.0,466.0,2.3466696933247886,40.87565185634263,35.533557654176036,7.223675469202849,68008,129.83766615692272,119.54475944006587,10.29290671685684,249.38242559698855,12.175038230796378,110.17821432772617,98.00317609692976,6.8521350429361245,-3.4407716739207164,Indústria
2020,3502002,Analândia,36527.707,58488.369,63273.625,33886.396,198922.533,39343.86,237,195,42,,,,,,604.0,18.362779947106343,29.40258608108514,31.808173787933818,17.03497109600952,4589,51.64523861407714,42.492917847025495,9.152320767051645,94.13815646110264,,,,131.6190891261713,122.46676835911964,Serviços
2021,3502002,Analândia,46530.602,55494.842,61449.911,35351.738,208314.004,40726.1,1091,487,604,4.721170024514021,3.513229256102468,42.0,237.0,195.0,-432.0,22.33676138259049,26.639995840126048,29.498694192446134,16.97040876810183,4589,237.74242754412725,106.123338417956,131.6190891261713,343.86576596208323,9.152320767051645,51.64523861407714,42.492917847025495,-94.13815646110264,-225.75724558727396,Serviços
2020,3502101,Andradina,173300.766,741263.757,1212051.424,289117.058,2632786.216,46026.12,5640,5670,-30,,,,,,1022.0,6.58240934819601,28.155106270884545,46.03683415820497,10.9814103493468,59783,94.3412006757774,94.84301557298896,-0.5018148972115819,189.1842162487664,,,,17.09516083167456,17.59697572888614,Serviços
2021,3502101,Andradina,170531.469,808159.873,1295767.928,297745.612,2845285.223,49703.65,7487,6465,1022,8.071259478213566,7.990093451283742,-30.0,5640.0,5670.0,538.0,5.99347536835677,28.40347485964503,45.54087996259909,10.464526002284728,59783,125.23627118077046,108.1411103490959,17.09516083167456,233.37738152986637,-0.5018148972115819,94.3412006757774,94.84301557298896,8.999213823327702,-8.095947008346856,Serviços
2020,3502200,Angatuba,159394.023,461682.965,465887.273,123432.821,1319743.035,51797.29,1809,1604,205,,,,,,-197.0,12.07765593549808,34.98279231305055,35.30136251107399,9.352792000148726,24022,75.30596952793273,66.77212555157772,8.533843976355008,142.07809507951043,,,,-8.200815918741155,-16.734659895096165,Serviços
2021,3502200,Angatuba,198300.809,508780.547,497926.495,127711.898,1474152.0,57306.48,1754,1951,-197,11.69992649364504,10.63605837293804,205.0,1809.0,1604.0,285.0,13.451856321464817,34.51343870916975,33.77714747190249,8.663414491857013,24022,73.01640163183748,81.21721755057864,-8.200815918741155,154.2336191824161,8.533843976355008,75.30596952793273,66.77212555157772,11.864124552493548,20.064940471234703,Indústria
2020,3502309,Anhembi,46327.777,19334.964,42584.507,38169.661,155830.264,22852.36,218,248,-30,,,,,,101.0,29.72964032198521,12.407707914811722,27.327494612984804,24.494382554597998,5674,38.42086711314769,43.70814240394783,-5.2872752908001415,82.12900951709553,,,,17.800493479027143,23.087768769827285,Agropecuária
2021,3502309,Anhembi,56225.58,19234.224,44275.513,38943.673,169558.184,24534.54,320,219,101,8.809533942649296,7.361077805530813,-30.0,218.0,248.0,33.0,33.16005082951348,11.343730834012705,26.11228308507951,22.9677341908781,5674,56.39760310186817,38.59710962284103,17.800493479027143,94.9947127247092,-5.2872752908001415,38.42086711314769,43.70814240394783,5.816002819880155,-11.984490659146989,Agropecuária
2020,3502408,Anhumas,26245.845,5886.908,24657.866,23535.783,82843.283,19991.14,38,37,1,,,,,,15.0,31.681319292959458,7.1060776285266245,29.764472274716592,28.410007604358224,4023,9.445687298036292,9.197116579666917,0.248570718369376,18.64280387770321,,,,3.728560775540642,3.4799900571712654,Agropecuária
2021,3502408,Anhumas,42784.181,7637.856,26549.261,25164.508,105620.787,25316.58,75,60,15,27.49469018508115,26.639001077477342,1.0,38.0,37.0,8.0,40.50734918307321,7.231394706422704,25.13639762975824,23.825336578868704,4023,18.64280387770321,14.914243102162564,3.728560775540642,33.557046979865774,0.248570718369376,9.445687298036292,9.197116579666917,1.9885657469550089,-1.7399950285856327,Agropecuária
2020,3502507,Aparecida,2590.19,40865.78,710563.399,175127.37,974271.954,26924.75,1850,3375,-1525,,,,,,496.0,0.265859033441909,4.194494138132606,72.93275723299737,17.975203872080257,32569,56.80248088673278,103.62614756363412,-46.82366667690135,160.4286284503669,,,,15.229205686388898,62.05287236329025,Serviços
2021,3502507,Aparecida,3002.998,39568.222,762868.88,183286.905,1041067.256,28750.03,3183,2687,496,6.855919615233019,6.779190150326375,-1525.0,1850.0,3375.0,951.0,0.28845379418983474,3.800736385853634,73.27757890792792,17.605673787515606,32569,97.73097116890295,82.50176548251405,15.229205686388898,180.23273665141696,-46.82366667690135,56.80248088673278,103.62614756363412,29.199545580152904,13.970339893764006,Serviços
2020,3502606,Aparecida d'Oeste,22419.894,45981.835,52480.971,22960.863,155265.19,37341.32,127,117,10,,,,,,-48.0,14.439742739502654,29.615031546993887,33.80086096568071,14.788158891249223,4086,31.081742535487027,28.634361233480178,2.4473813020068524,59.7161037689672,,,,-11.747430249632892,-14.194811551639743,Serviços
2021,3502606,Aparecida d'Oeste,27847.111,38503.623,49290.585,24954.089,151539.639,36763.62,105,153,-48,-2.3994760190613307,-1.5470797497249666,10.0,127.0,117.0,76.0,18.376123358720687,25.408284759078782,32.52652924691209,16.467037380232906,4086,25.697503671071956,37.44493392070485,-11.747430249632892,63.142437591776805,2.4473813020068524,31.081742535487027,28.634361233480178,18.60009789525208,30.34752814488497,Serviços
2020,3502705,Apiaí,154165.136,170226.05,233035.771,109192.223,715303.358,29526.27,1695,1438,257,,,,,,783.0,21.55241329092153,23.79774232794808,32.57859317920328,15.26516292406389,24585,68.9444783404515,58.49094976611755,10.453528574333944,127.43542810656903,,,,31.848688224527155,21.39515965019321,Serviços
2021,3502705,Apiaí,259420.988,190903.342,257956.291,116332.264,897712.778,37278.88,2402,1619,783,25.50098751248977,26.25665212707191,257.0,1695.0,1438.0,185.0,28.897994364963804,21.26552575371719,28.734835609079408,12.958739905560304,24585,97.70185072198495,65.8531624974578,31.848688224527155,163.55501321944274,10.453528574333944,68.9444783404515,58.49094976611755,7.524913565182021,-24.323774659345133,Agropecuária
2020,3502754,Araçariguama,1722.27,860554.097,1632801.63,132874.541,3333378.559,145817.08,3475,3367,108,,,,,,661.0,0.05166739899223069,25.81627264255767,48.98338430813672,3.986182146676489,21522,161.4626893411393,156.44456834866648,5.018120992472818,317.90725768980576,,,,30.712759037264195,25.694638044791372,Serviços
2021,3502754,Araçariguama,1760.733,1504367.05,2112508.413,135830.003,4814503.906,206250.44,4670,4009,661,44.43315755424826,41.44463734975354,108.0,3475.0,3367.0,698.0,0.03657143154055216,31.246564118998972,43.87800808235547,2.821266856398724,21522,216.98726884118577,186.2745098039216,30.712759037264195,403.2617786451073,5.018120992472818,161.4626893411393,156.44456834866648,32.43193011801878,1.719171080754581,Serviços
2020,3502804,Araçatuba,138510.879,1235548.721,5286662.228,752642.651,8207616.701,41425.62,19012,18547,465,,,,,,910.0,1.6875895164929438,15.053684473952872,64.41166078522994,9.170051166111344,200124,95.00109931842258,92.67753992524634,2.323559393176231,187.67863924366893,,,,4.547180747936279,2.223621354760048,Serviços
2021,3502804,Araçatuba,136998.286,1312463.577,5822666.385,803250.216,9017953.471,45268.58,20960,20050,910,9.872985051814997,9.276771234805905,465.0,19012.0,18547.0,2041.0,1.519172686359051,14.553896083192598,64.56749198944718,8.907233981447096,200124,104.73506426015872,100.18788351222244,4.547180747936279,204.92294777238112,2.323559393176231,95.00109931842258,92.67753992524634,10.19867682037137,5.651496072435091,Serviços
2020,3502903,Araçoiaba da Serra,31343.098,287559.798,449091.325,157793.246,1021043.32,29360.57,2077,1982,95,,,,,,591.0,3.0697128501854363,28.163329837954382,43.9835721171948,15.454118636220059,32443,64.01997349197053,61.09176093456215,2.928212557408377,125.1117344265327,,,,18.216564436087907,15.28835187867953,Serviços
2021,3502903,Araçoiaba da Serra,29828.131,358400.839,522977.879,167090.539,1205883.673,34075.1,3124,2533,591,18.10308626278463,16.0573517475989,95.0,2077.0,1982.0,530.0,2.473549619076732,29.721012650280738,43.36884980778739,13.856273431774044,32443,96.29195820361866,78.07539376753074,18.216564436087907,174.3673519711494,2.928212557408377,64.01997349197053,61.09176093456215,16.33634374133095,-1.8802206947569573,Serviços
2020,3503000,Aramina,38131.586,4316.897,73888.433,30178.571,155749.611,27541.93,249,260,-11,,,,,,-14.0,24.482620377138538,2.771690389647265,47.44052490763524,19.376337960805564,5420,45.9409594095941,47.97047970479705,-2.029520295202952,93.91143911439114,,,,-2.5830258302583027,-0.5535055350553506,Serviços
2021,3503000,Aramina,27475.441,3773.778,76856.653,29777.843,150276.697,26415.31,348,362,-14,-3.513918246640124,-4.090563007022386,-11.0,249.0,260.0,3.0,18.283234558981558,2.5112196869751537,51.14342711431834,19.815343026869964,5420,64.20664206642067,66.78966789667896,-2.5830258302583027,130.99630996309963,-2.029520295202952,45.9409594095941,47.97047970479705,0.5535055350553505,3.1365313653136533,Serviços
2020,3503109,Arandu,85693.748,9210.569,49387.79,32806.39,182397.467,28656.32,632,607,25,,,,,,-51.0,46.98187393139621,5.049724182847341,27.077015274559706,17.986209205416213,6885,91.79375453885258,88.16267247639796,3.631082062454612,179.95642701525054,,,,-7.407407407407407,-11.03848946986202,Agropecuária
2021,3503109,Arandu,92862.428,9501.675,50612.103,35295.107,194817.975,30569.27,732,783,-51,6.809583600193303,6.675490781789151,25.0,632.0,607.0,75.0,47.66625256216732,4.877206530865542,25.979175176212564,18.11696636308842,6885,106.31808278867102,113.72549019607844,-7.407407407407407,220.04357298474943,3.631082062454612,91.79375453885258,88.16267247639796,10.893246187363834,18.30065359477124,Agropecuária
2020,3503158,Arapeí,2481.603,1842.196,15791.742,18411.016,39781.981,16171.54,17,16,1,,,,,,6.0,6.238007604498127,4.630729676332609,39.695715504966934,46.27978682107359,2330,7.296137339055794,6.86695278969957,0.4291845493562231,14.163090128755366,,,,2.575107296137339,2.145922746781116,Administração pública
2021,3503158,Arapeí,2768.908,1887.547,17210.205,21324.697,45568.033,18584.03,18,12,6,14.544403909900817,14.918121588914834,1.0,17.0,16.0,14.0,6.07642642814975,4.1422613084922935,37.7681542672689,46.79749288278474,2330,7.725321888412017,5.150214592274678,2.575107296137339,12.875536480686696,0.4291845493562231,7.296137339055794,6.86695278969957,6.008583690987125,3.433476394849786,Administração pública
2020,3503208,Araraquara,116285.0,1829033.057,6370002.432,1199386.814,10653868.741,44700.48,26984,27961,-977,,,,,,4664.0,1.091481440469532,17.16778291027004,59.79050978435553,11.25775850217038,242228,111.39917763429496,115.43256766352364,-4.033390029228661,226.83174529781857,,,,19.25458658784286,23.28797661707152,Serviços
2021,3503208,Araraquara,124542.96,2194729.915,6924500.954,1257072.962,11953237.471,49692.93,35095,30431,4664,12.196214929883189,11.168672014260238,-977.0,26984.0,27961.0,1743.0,1.0419182276111913,18.36096639362081,57.929920415282275,10.516589878263618,242228,144.8841587264891,125.62957213864622,19.25458658784286,270.5137308651353,-4.033390029228661,111.39917763429496,115.43256766352364,7.1956999190845,-12.058886668758358,Serviços
2020,3503307,Araras,146274.235,1470293.065,3445285.143,594081.464,6418948.482,47370.22,12070,12161,-91,,,,,,1110.0,2.2787881131961387,22.90551278177403,53.6736687116474,9.255121234668293,130866,92.23174850610548,92.92711628688888,-0.6953677807833967,185.1588647929944,,,,8.481958644720555,9.177326425503953,Serviços
2021,3503307,Araras,174528.66,1569122.471,3673554.205,611475.853,6942567.272,50772.4,15154,14044,1110,8.157392000704334,7.18210723952728,-91.0,12070.0,12161.0,1464.0,2.513892241331097,22.601473050587675,52.913483745642274,8.807633099446328,130866,115.79783901089664,107.31588036617607,8.481958644720555,223.11371937707275,-0.6953677807833967,92.23174850610548,92.92711628688888,11.187015726009813,2.7050570812892563,Serviços
2020,3503356,Arco-Íris,46394.913,4392.571,15632.772,15822.518,84018.257,47387.62,93,73,20,,,,,,70.0,55.22003747352198,5.2281148846018075,18.606398844955805,18.832237855160457,2044,45.49902152641879,35.714285714285715,9.784735812133071,81.2133072407045,,,,34.24657534246575,24.46183953033268,Agropecuária
2021,3503356,Arco-Íris,28248.212,3645.73,13120.455,14986.793,62095.903,35382.28,169,99,70,-26.09236942394556,-25.33433837782949,20.0,93.0,73.0,18.0,45.49126534161199,5.87112808392528,21.129340852004358,24.134914343704768,2044,82.68101761252446,48.4344422700587,34.24657534246575,131.11545988258317,9.784735812133071,45.49902152641879,35.714285714285715,8.806262230919765,-25.44031311154599,Agropecuária
2020,3503406,Arealva,85741.499,19536.019,88330.343,41041.143,244561.03,28394.41,571,476,95,,,,,,160.0,35.059346536118206,7.988197874371073,36.1179142073453,16.781554690050168,8130,70.23370233702337,58.54858548585486,11.68511685116851,128.78228782287823,,,,19.68019680196802,7.995079950799509,Serviços
2021,3503406,Arealva,66917.908,18060.968,87290.859,41911.349,227079.326,26206.5,842,682,160,-7.148196914283522,-7.7054251171269295,95.0,571.0,476.0,-116.0,29.46895658832456,7.9535941550222855,38.440689664544806,18.456699576429074,8130,103.5670356703567,83.88683886838868,19.68019680196802,187.45387453874537,11.68511685116851,70.23370233702337,58.54858548585486,-14.268142681426813,-33.94833948339483,Serviços
2020,3503505,Areias,7370.489,1648.837,20707.568,24849.427,56513.733,14505.58,106,83,23,,,,,,35.0,13.041943274212658,2.917586420985497,36.64165663945788,43.97059914622876,3577,29.633771316745875,23.20380206877272,6.429969247973162,52.83757338551859,,,,9.784735812133071,3.3547665641599096,Administração pública
2021,3503505,Areias,8333.767,1480.002,19688.428,26213.31,58113.412,14877.99,147,112,35,2.830602253792014,2.5673568378513645,23.0,106.0,83.0,80.0,14.340522631849598,2.5467477283901347,33.87931859860509,45.10716046065236,3577,41.0958904109589,31.31115459882583,9.784735812133071,72.40704500978474,6.429969247973162,29.633771316745875,23.20380206877272,22.365110427732738,12.580374615599666,Administração pública
2020,3503604,Areiópolis,18842.468,10733.214,60778.405,49557.257,146373.337,13118.24,478,454,24,,,,,,-54.0,12.87288271633788,7.3327658028319735,41.52286628540825,33.856751520258086,10130,47.18657453109575,44.81737413622902,2.3692003948667324,92.00394866732478,,,,-5.330700888450148,-7.699901283316881,Serviços
2021,3503604,Areiópolis,22630.239,12987.426,65257.559,53409.163,163060.489,14577.19,469,523,-54,11.400404159672872,11.121537645293888,24.0,478.0,454.0,127.0,13.878431948036168,7.964790293251236,40.020460750611385,32.754202644394134,10130,46.29812438302073,51.62882527147087,-5.330700888450148,97.9269496544916,2.3692003948667324,47.18657453109575,44.81737413622902,12.537018756169791,17.86771964461994,Serviços
2020,3503703,Ariranha,24100.185,180514.43,569510.637,48536.64,1007824.287,103250.11,424,969,-545,,,,,,-312.0,2.391308218195381,17.911299849434965,56.50892167872513,4.815982371736592,7602,55.77479610628782,127.46645619573796,-71.69166008945015,183.2412523020258,,,,-41.04183109707972,30.64982899237044,Serviços
2021,3503703,Ariranha,22472.846,198111.9,676702.037,52038.896,1136911.24,115410.74,404,716,-312,12.808478091379838,11.777837331117611,-545.0,424.0,969.0,-406.0,1.9766579139458593,17.425450028975,59.52109656335177,4.577217127345843,7602,53.14390949750066,94.18574059458038,-41.04183109707972,147.32965009208104,-71.69166008945015,55.77479610628782,127.46645619573796,-53.40699815837937,-12.365167061299658,Serviços
2020,3503802,Artur Nogueira,188296.789,234436.294,636882.639,244223.125,1483276.241,26802.97,2800,2647,153,,,,,,796.0,12.694654157815775,15.805302311182912,42.93756088013817,16.465114066368976,51456,54.41542288557214,51.44200870646766,2.973414179104477,105.8574315920398,,,,15.46952736318408,12.496113184079602,Serviços
2021,3503802,Artur Nogueira,207404.495,318941.386,689121.712,248271.341,1721737.239,30610.29,4368,3572,796,16.076641114350608,14.204843716946304,153.0,2800.0,2647.0,172.0,12.046233902709936,18.524393779462187,40.02478986864732,14.419815949627607,51456,84.88805970149254,69.41853233830845,15.46952736318408,154.306592039801,2.973414179104477,54.41542288557214,51.44200870646766,3.3426616915422884,-12.126865671641792,Serviços
2020,3503901,Arujá,43543.617,1062329.113,4926620.814,430418.799,7774011.438,85281.56,7884,7825,59,,,,,,1812.0,0.5601177377634827,13.665134422201245,63.372955562147446,5.536637068683459,86678,90.95733634832368,90.27665612958305,0.6806802187406262,181.23399247790672,,,,20.904958582339237,20.224278363598607,Serviços
2021,3503901,Arujá,44134.148,1393204.769,4787584.375,456647.894,8293370.162,89703.63,11015,9203,1812,6.680704397492021,5.185259275275933,59.0,7884.0,7825.0,1293.0,0.5321618007866269,16.79901827345929,57.72785106031543,5.506180058046226,86678,127.07953575301693,106.17457717067768,20.904958582339237,233.2541129236946,0.6806802187406262,90.95733634832368,90.27665612958305,14.917280047993724,-5.987678534345511,Serviços
2020,3503950,Aspásia,10239.936,2157.65,11971.381,14517.119,40104.275,22059.56,8,7,1,,,,,,0.0,25.533277936080378,5.380099752457811,29.85063562425701,36.198432710727225,1842,4.3431053203040175,3.800217155266015,0.5428881650380022,8.143322475570033,,,,0.0,-0.5428881650380022,Administração pública
2021,3503950,Aspásia,10329.13,2056.231,11473.173,14201.728,39545.858,21788.35,14,14,0,-1.3924126542619208,-1.2294442862867738,1.0,8.0,7.0,1.0,26.119372602814682,5.199611549710212,29.0123253868964,35.912049246725154,1842,7.60043431053203,7.60043431053203,0.0,15.20086862106406,0.5428881650380022,4.3431053203040175,3.800217155266015,0.5428881650380022,0.5428881650380022,Administração pública
2020,3504008,Assis,60662.813,608160.636,2264948.684,461089.551,3776892.321,35940.62,6878,6860,18,,,,,,1197.0,1.6061568041722312,16.10214388741108,59.968579760841955,12.208173064301665,101409,67.82435484030016,67.64685580175329,0.1774990385468745,135.47121064205348,,,,11.803686063367156,11.62618702482028,Serviços
2021,3504008,Assis,56956.795,675200.021,2381900.859,491705.084,4082515.789,38598.78,9433,8236,1197,8.091929608389803,7.395977031002787,18.0,6878.0,6860.0,784.0,1.3951396135065872,16.538822037609023,58.34394726452338,12.044168581658852,101409,93.0193572562593,81.21567119289215,11.803686063367156,174.23502844915146,0.1774990385468745,67.82435484030016,67.64685580175329,7.731069234486092,-4.072616828881064,Serviços
2020,3504107,Atibaia,285052.359,1569730.69,3630967.233,674577.158,7374355.377,51179.52,13597,13790,-193,,,,,,2943.0,3.8654545980934762,21.28634449725408,49.23775770726596,9.14760848255225,158647,85.70600137411991,86.92253871803437,-1.2165373439144769,172.62854009215428,,,,18.55061866912075,19.76715601303523,Serviços
2021,3504107,Atibaia,305859.573,1833695.583,4034661.197,744743.295,8361032.444,57512.36,19580,16637,2943,13.379841580151709,12.373777636054427,-193.0,13597.0,13790.0,2401.0,3.6581555573258093,21.931449199385504,48.25553810516944,8.907312583560643,158647,123.41865903546868,104.86804036634793,18.55061866912075,228.2866994018166,-1.2165373439144769,85.70600137411991,86.92253871803437,15.134228822480097,-3.416389846640655,Serviços
2020,3504206,Auriflama,31913.612,29676.534,178473.293,68936.336,326164.622,21383.64,592,740,-148,,,,,,265.0,9.784510596002042,9.098636700089441,54.71877725598333,21.135442457643368,13692,43.2369266725095,54.04615834063687,-10.809231668127374,97.28308501314636,,,,19.35436751387672,30.16359918200409,Serviços
2021,3504206,Auriflama,36448.745,40184.864,189741.791,69482.265,358543.955,23409.76,953,688,265,9.927297694475287,9.475094043857824,-148.0,592.0,740.0,-125.0,10.165767541667242,11.207792919002078,52.92009204282917,19.379008913983782,13692,69.60268770084721,50.248320186970496,19.35436751387672,119.8510078878177,-10.809231668127374,43.2369266725095,54.04615834063687,-9.129418638621091,-28.483786152497807,Serviços
2020,3504305,Avaí,261264.678,12550.829,80091.13,31401.608,394601.27,72590.37,900,787,113,,,,,,-110.0,66.20979146874008,3.180635733889047,20.29672382960146,7.957807130220336,4483,200.7584207004238,175.55208565692618,25.206335043497656,376.31050635735,,,,-24.537140307829574,-49.743475351327234,Agropecuária
2021,3504305,Avaí,249016.016,11779.377,71769.962,33327.197,376093.832,68793.46,816,926,-110,-4.690161792941017,-5.230597391912994,113.0,900.0,787.0,166.0,66.2111406283313,3.1320314234773203,19.082993629100518,8.861404831547464,4483,182.0209681017176,206.5581084095472,-24.537140307829574,388.5790765112648,25.206335043497656,200.7584207004238,175.55208565692618,37.02877537363373,61.56591568146331,Agropecuária
2020,3504404,Avanhandava,45236.732,169472.661,143982.284,59394.503,458955.293,33116.05,913,868,45,,,,,,62.0,9.856457195276317,36.92574496575203,31.37174495991705,12.941239355093352,11263,81.06188404510344,77.06650093225606,3.995383112847376,158.12838497735947,,,,5.504750066589718,1.509366953742342,Indústria
2021,3504404,Avanhandava,38333.36,7235.928,81275.776,62365.673,199389.023,14178.27,1147,1085,62,-56.555894214297695,-57.18610764266874,45.0,913.0,868.0,10.0,19.225411420968747,3.6290503314217055,40.762412482456476,31.278388379484667,11263,101.8378762319098,96.33312616532008,5.504750066589718,198.17100239722987,3.995383112847376,81.06188404510344,77.06650093225606,0.8878629139660836,-4.616887152623635,Serviços
2020,3504503,Avaré,157390.646,391875.546,1596390.342,413276.872,2798701.741,30676.76,8236,8479,-243,,,,,,942.0,5.6237020077660365,14.002047458618419,57.04038835626679,14.766735088117416,92805,88.7452184688325,91.36361187436022,-2.61839340552772,180.10883034319272,,,,10.150315176983998,12.768708582511715,Serviços
2021,3504503,Avaré,154849.966,483492.486,1879750.021,428688.601,3278921.999,35721.22,10644,9702,942,17.15867936068147,16.44391389442692,-243.0,8236.0,8479.0,1086.0,4.722587668972481,14.74547080252152,57.32829331021851,13.074071329868191,92805,114.69209633101666,104.54178115403263,10.150315176983998,219.2338774850493,-2.61839340552772,88.7452184688325,91.36361187436022,11.701955713593016,1.5516405366090191,Serviços
2020,3504602,Bady Bassitt,18008.046,76994.989,247677.254,84977.956,464717.824,26165.07,1710,1180,530,,,,,,356.0,3.8750495612580584,16.56811618226203,53.296267371057404,18.285925697569112,27260,62.72927366104182,43.286867204695525,19.442406456346298,106.01614086573734,,,,13.05942773294204,-6.382978723404259,Serviços
2021,3504602,Bady Bassitt,19642.938,82367.89,305637.979,92624.609,551848.518,30636.12,2464,2108,356,18.74916121142796,17.08785797248009,530.0,1710.0,1180.0,697.0,3.559480067318038,14.92581520351206,55.38439789739545,16.78442651901803,27260,90.38884812912691,77.32942039618489,13.05942773294204,167.71826852531183,19.442406456346298,62.72927366104182,43.286867204695525,25.568598679383715,12.509170946441676,Serviços
2020,3504701,Balbinos,14350.223,5113.278,13876.26,26737.53,61938.69,10437.93,17,49,-32,,,,,,-8.0,23.168431557076843,8.255386092279316,22.403218408397077,43.16773570768125,3887,4.373552868536146,12.60612297401595,-8.232570105479805,16.979675842552098,,,,-2.0581425263699518,6.174427579109854,Administração pública
2021,3504701,Balbinos,16589.312,4811.167,13341.383,28648.209,65400.429,10674.14,25,33,-8,5.588976776874022,2.262996590320099,-32.0,17.0,49.0,-14.0,25.365754099258282,7.356476209047498,20.399534382259173,43.8043135772091,3887,6.431695394906097,8.489837921276049,-2.0581425263699518,14.921533316182146,-8.232570105479805,4.373552868536146,12.60612297401595,-3.601749421147414,-1.5436068947774628,Administração pública
2020,3504800,Bálsamo,34463.019,35512.024,114695.636,42884.448,246920.218,27018.3,461,448,13,,,,,,-8.0,13.957147486399837,14.381983090586772,46.45048385628754,17.367734544929,9596,48.04085035431429,46.68611921634014,1.3547311379741558,94.72696957065445,,,,-0.8336807002917883,-2.188411838265944,Serviços
2021,3504800,Bálsamo,37092.377,46855.998,122318.312,44542.767,278641.735,30257.55,606,614,-8,12.846869023904706,11.98909627918856,13.0,461.0,448.0,-634.0,13.311852583748806,16.815857825461787,43.898058558959235,15.985676732884254,9596,63.15131304710296,63.984993747394746,-0.8336807002917883,127.1363067944977,1.3547311379741558,48.04085035431429,46.68611921634014,-66.06919549812422,-65.23551479783242,Serviços
2020,3504909,Bananal,10673.793,34306.093,91698.869,56366.922,203995.075,18556.82,258,270,-12,,,,,,66.0,5.232377791473642,16.817118256408886,44.95151120682693,27.631511201924848,9969,25.88022870899789,27.08396027685826,-1.2037315678603673,52.96418898585616,,,,6.620523623232019,7.824255191092386,Serviços
2021,3504909,Bananal,11795.709,36130.381,93761.83,59069.421,216018.384,19568.66,341,275,66,5.893921213539088,5.452658375734631,-12.0,258.0,270.0,68.0,5.460511638676087,16.725604705940214,43.40456041926506,27.344626835093816,9969,34.2060387200321,27.58551509680008,6.620523623232019,61.79155381683218,-1.2037315678603673,25.88022870899789,27.08396027685826,6.821145551208747,0.2006219279767274,Serviços
2020,3505005,Barão de Antonina,23565.906,2770.738,20461.123,20576.225,68934.816,19706.92,145,131,14,,,,,,19.0,34.18578211625312,4.019359390181008,29.68184175613089,29.848813986824887,3531,41.0648541489663,37.099971679410935,3.9648824695553673,78.16482582837723,,,,5.380911922967997,1.41602945341263,Agropecuária
2021,3505005,Barão de Antonina,28042.81,2887.531,21294.932,20522.39,74956.416,21264.23,201,182,19,8.735208635357772,7.902351052320711,14.0,145.0,131.0,30.0,37.412154284431104,3.8522799702696564,28.40975214183133,27.379097207635965,3531,56.92438402718777,51.54347210421977,5.380911922967997,108.46785613140754,3.9648824695553673,41.0648541489663,37.099971679410935,8.496176720475786,3.1152647975077885,Agropecuária
2020,3505104,Barbosa,24951.851,4163.895,52233.404,32429.856,119481.863,15999.18,269,273,-4,,,,,,119.0,20.88337959711927,3.4849598888494064,43.71659655156198,27.142074274486326,5640,47.695035460992905,48.40425531914894,-0.7092198581560284,96.09929078014184,,,,21.099290780141843,21.80851063829787,Serviços
2021,3505104,Barbosa,13932.561,4509.921,49617.647,34220.36,109124.812,14488.16,369,250,119,-8.66830390818395,-9.44435902339995,-4.0,269.0,273.0,1.0,12.767546394490006,4.132809869124906,45.46871246843477,31.358917713416083,5640,65.42553191489361,44.326241134751776,21.099290780141843,109.7517730496454,-0.7092198581560284,47.695035460992905,48.40425531914894,0.1773049645390071,-20.921985815602834,Serviços
2020,3505203,Bariri,56623.91,330728.749,649896.359,164591.413,1362187.567,38308.89,2798,2948,-150,,,,,,274.0,4.156836501209969,24.27923708982142,47.70975559785006,12.082874413726021,31595,88.55831618927046,93.3059028327267,-4.747586643456243,181.86421902199717,,,,8.672258268713405,13.419844912169648,Serviços
2021,3505203,Bariri,88983.09,426105.012,723694.352,179472.67,1623405.551,45290.86,3610,3336,274,19.176359433032463,18.225456284429026,-150.0,2798.0,2948.0,1827.0,5.481260671135897,26.24760102227838,44.578777715415114,11.055319472663305,31595,114.25858521918023,105.58632695046686,8.672258268713405,219.8449121696471,-4.747586643456243,88.55831618927046,93.3059028327267,57.82560531729704,49.15334704858363,Serviços
2020,3505302,Barra Bonita,13289.464,377617.169,672168.177,168509.126,1359750.059,37639.1,3310,3642,-332,,,,,,319.0,0.9773460873959043,27.771072080534477,49.43321550537988,12.392654435619335,34346,96.37221219355963,106.0385488848774,-9.666336691317769,202.41076107843708,,,,9.28783555581436,18.954172247132128,Serviços
2021,3505302,Barra Bonita,20125.292,405060.551,732206.507,181639.088,1515652.893,41955.79,3722,3403,319,11.465550817085868,11.468632353058394,-332.0,3310.0,3642.0,609.0,1.3278298806374529,26.725152762269033,48.309643347871734,11.98421411913605,34346,108.36778664182148,99.0799510860071,9.28783555581436,207.44773772782855,-9.666336691317769,96.37221219355963,106.0385488848774,17.731322424736504,8.443486868922145,Serviços
2020,3505351,Barra do Chapéu,84068.637,5163.242,25710.146,25962.071,143890.207,24980.94,279,280,-1,,,,,,83.0,58.42554455425866,3.5883206422797076,17.867891454211335,18.04297286194049,5179,53.87140374589689,54.06449121452018,-0.1930874686232863,107.93589496041707,,,,16.026259895732768,16.219347364356054,Agropecuária
2021,3505351,Barra do Chapéu,70754.163,4986.453,25568.106,27781.296,133738.024,23082.16,373,290,83,-7.055506564112446,-7.600914937548387,-1.0,279.0,280.0,40.0,52.90504591274655,3.728523011525877,19.118052768597806,20.772922441264722,5179,72.02162579648581,55.99536590075304,16.026259895732768,128.01699169723884,-0.1930874686232863,53.87140374589689,54.06449121452018,7.723498744931454,-8.302761150801313,Agropecuária
2020,3505401,Barra do Turvo,4408.499,5269.681,48939.598,42669.642,109150.782,14301.73,114,96,18,,,,,,12.0,4.038907389596163,4.827891200999365,44.836690221788785,39.09238323184895,6876,16.579406631762655,13.961605584642234,2.617801047120419,30.541012216404887,,,,1.7452006980802792,-0.8726003490401399,Serviços
2021,3505401,Barra do Turvo,5097.223,5416.054,60596.92,42933.558,125820.885,16542.32,137,125,12,15.27254564241234,15.666566212619038,18.0,114.0,96.0,59.0,4.051174016142074,4.304574713490531,48.16125717125579,34.12275950848701,6876,19.924374636416523,18.17917393833624,1.7452006980802792,38.10354857475276,2.617801047120419,16.579406631762655,13.961605584642234,8.580570098894706,6.835369400814426,Serviços
2020,3505500,Barretos,230405.173,969829.775,2807115.956,573484.018,5013749.45,40817.61,10131,9272,859,,,,,,973.0,4.595466432811078,19.3434032687852,55.98835729615487,11.438226495342722,122485,82.71216883700045,75.69906519165612,7.013103645344328,158.41123402865657,,,,7.94382985671715,0.9307262113728214,Serviços
2021,3505500,Barretos,251329.34,1315471.882,3146637.758,625247.805,5903515.961,47783.95,12207,11234,973,17.74652921677209,17.066996328300444,859.0,10131.0,9272.0,2081.0,4.2572822985546255,22.282854669832574,53.30107987828645,10.591108910868243,122485,99.66118300200024,91.7173531452831,7.94382985671715,191.3785361472833,7.013103645344328,82.71216883700045,75.69906519165612,16.98983549006001,9.04600563334286,Serviços
2020,3505609,Barrinha,27064.422,84584.222,255760.413,152826.176,553900.113,16693.79,3127,2946,181,,,,,,411.0,4.8861557101722415,15.270663430971352,46.17446485337691,27.5909270305565,32092,97.43861398479372,91.79857908513026,5.640034899663467,189.237193069924,,,,12.80693007603141,7.166895176367943,Serviços
2021,3505609,Barrinha,30338.226,112693.333,272051.402,165926.345,624816.297,18630.66,4039,3628,411,12.803063645520506,11.60233835456177,181.0,3127.0,2946.0,463.0,4.855543324600574,18.03623457664069,43.54102210621436,26.556020673065127,32092,125.85691137978314,113.04998130375172,12.80693007603141,238.9068926835349,5.640034899663467,97.43861398479372,91.79857908513026,14.42727159416677,1.6203415181353602,Serviços
2020,3505708,Barueri,421.033,5420828.663,32115177.3,2311400.64,51600337.852,186294.91,132669,122256,10413,,,,,,33576.0,0.0008159500839076019,10.505413120642759,62.23830819114538,4.479429275501171,316473,419.2111175360931,386.3078366874899,32.9032808486032,805.5189542235831,,,,106.09435876046298,73.19107791185978,Serviços
2021,3505708,Barueri,464.12,5741034.37,36185003.015,2282410.141,58027666.618,207460.98,204925,171349,33576,12.45598194421682,11.361593293128625,10413.0,132669.0,122256.0,16492.0,0.0007998253713273237,9.89361576055369,62.35819071135204,3.933313665747165,316473,647.5275931912043,541.4332344307413,106.09435876046298,1188.9608276219456,32.9032808486032,419.2111175360931,386.3078366874899,52.11187052291981,-53.98248823754317,Serviços
2020,3505807,Bastos,409943.876,102542.109,305674.73,104498.869,978211.778,46686.0,1723,1900,-177,,,,,,-84.0,41.907477012610656,10.482608296707708,31.24831829616347,10.682642690487008,21503,80.12835418313725,88.3597637538948,-8.231409570757569,168.48811793703206,,,,-3.906431660698507,4.3249779100590615,Agropecuária
2021,3505807,Bastos,461927.562,123142.997,306440.458,110153.086,1067216.916,50936.28,1834,1918,-84,9.098759593957784,9.103971211926476,-177.0,1723.0,1900.0,59.0,43.28338082677093,11.538703627520087,28.7139805793708,10.321527362296795,21503,85.29042459191741,89.19685625261592,-3.906431660698507,174.48728084453333,-8.231409570757569,80.12835418313725,88.3597637538948,2.743803190252523,6.65023485095103,Agropecuária
2020,3505906,Batatais,204605.811,356534.198,1027215.412,299147.102,2077090.477,32980.16,4489,4394,95,,,,,,859.0,9.850596941521676,17.165077879272374,49.454533799781125,14.402218165867604,58402,76.86380603403992,75.23714941269134,1.6266566213485838,152.10095544673126,,,,14.70840039724667,13.081743775898088,Serviços
2021,3505906,Batatais,200057.769,532695.391,1109478.862,309286.69,2416802.575,38097.08,6125,5266,859,16.355190193286905,15.515146075701258,95.0,4489.0,4394.0,502.0,8.27778698473126,22.04132834474491,45.90688844329785,12.79735023453457,58402,104.87654532379028,90.1681449265436,14.70840039724667,195.04469025033387,1.6266566213485838,76.86380603403992,75.23714941269134,8.595596041231465,-6.112804356015205,Serviços
2020,3506003,Bauru,50107.609,2453066.192,9636450.184,1494724.975,15129057.649,39887.1,47663,45771,1892,,,,,,5708.0,0.3312011241051223,16.214269579190496,63.694979605269396,9.879828669294536,379146,125.71146735030833,120.72130524916524,4.990162101143095,246.43277259947357,,,,15.054886508099782,10.064724406956689,Serviços
2021,3506003,Bauru,49289.643,2524991.881,10733608.532,1570814.18,16721368.423,43806.93,60660,54952,5708,10.524850991662715,9.827312589784665,1892.0,47663.0,45771.0,5721.0,0.29477039051542464,15.100390214038406,64.19096966511471,9.394052808736442,379146,159.99113797850958,144.9362514704098,15.054886508099782,304.92738944891937,4.990162101143095,125.71146735030833,120.72130524916524,15.089174091247171,0.034287583147389,Serviços
2020,3506102,Bebedouro,100646.678,329017.216,2061914.855,354570.444,3269355.235,42155.31,14467,16668,-2201,,,,,,2312.0,3.078487064437952,10.063672875853761,63.06793562615107,10.845271269519907,76373,189.4255823393084,218.2446676181373,-28.819085278828904,407.6702499574457,,,,30.272478493708512,59.09156377253741,Serviços
2021,3506102,Bebedouro,117188.252,535906.051,2466710.36,370865.661,4080484.537,52575.43,17662,15350,2312,24.81006937748691,24.718404395555392,-2201.0,14467.0,16668.0,745.0,2.8719200118855883,13.133392520928453,60.451408101978544,9.088765259055803,76373,231.25973838922133,200.9872598955128,30.272478493708512,432.2469982847341,-28.819085278828904,189.4255823393084,218.2446676181373,9.754756262029774,-20.51772223167874,Serviços
2020,3506201,Bento de Abreu,42480.962,69271.344,55304.699,23433.271,207555.226,69069.96,194,164,30,,,,,,-10.0,20.46730541007915,33.37489753209105,26.645775230925768,11.290137787231625,2606,74.44359171143515,62.93169608595549,11.511895625479662,137.37528779739063,,,,-3.837298541826554,-15.349194167306216,Indústria
2021,3506201,Bento de Abreu,36684.157,77654.509,53272.578,22863.965,210459.776,69504.55,201,211,-10,1.399410680220603,0.6292026229637315,30.0,194.0,164.0,54.0,17.43048372340755,36.89755376343268,25.31247491207061,10.863817036467815,2606,77.12970069071373,80.96699923254029,-3.837298541826554,158.09669992325405,11.511895625479662,74.44359171143515,62.93169608595549,20.72141212586339,24.558710667689944,Indústria
2020,3506300,Bernardino de Campos,31828.872,63436.03,125284.679,55960.603,301537.458,27024.33,784,671,113,,,,,,370.0,10.555528394750878,21.037528942755763,41.54862876107419,18.558425003370562,11607,67.54544671319032,57.80994227621263,9.735504436977685,125.35538898940294,,,,31.877315413112772,22.14181097613509,Serviços
2021,3506300,Bernardino de Campos,37651.106,75862.582,169941.979,58597.339,377950.244,33842.25,1275,905,370,25.3410592855764,25.228821584105862,113.0,784.0,671.0,662.0,9.961921336926032,20.07210822173725,44.96411411233273,15.503982317841816,11607,109.8475058154562,77.97019040234342,31.877315413112772,187.8176962177996,9.735504436977685,67.54544671319032,57.80994227621263,57.03454811751529,25.15723270440252,Serviços
2020,3506359,Bertioga,7488.372,141954.953,1215761.735,428141.571,1902030.899,29387.25,4211,3958,253,,,,,,1283.0,0.39370401416386247,7.463335799362322,63.91913694142358,22.509706399885356,64188,65.60416277185767,61.66261606530816,3.941546706549511,127.26677883716584,,,,19.98815978064436,16.046613074094846,Serviços
2021,3506359,Bertioga,8254.705,141038.881,1318462.442,454875.988,2067677.07,31255.51,5611,4328,1283,8.70891062217176,6.357382878629325,253.0,4211.0,3958.0,427.0,0.39922602614149993,6.8211271018254305,63.76539456424886,21.999372851777093,64188,87.41509316383124,67.42693338318689,19.98815978064436,154.84202654701815,3.941546706549511,65.60416277185767,61.66261606530816,6.652333769551941,-13.335826011092417,Serviços
2020,3506409,Bilac,109048.761,9730.775,102224.459,37065.516,268529.571,33082.37,419,378,41,,,,,,58.0,40.60959118725885,3.6237256715387964,38.06823159896979,13.803141256275275,7319,57.24825795873753,51.6463997813909,5.601858177346632,108.89465774012844,,,,7.924579860636698,2.322721683290067,Agropecuária
2021,3506409,Bilac,124813.102,10506.76,103764.105,37895.962,292576.746,35693.15,464,406,58,8.955131053331922,7.891756243582293,41.0,419.0,378.0,160.0,42.65995288634456,3.5911124666073087,35.46560224577793,12.952485977815886,7319,63.39663888509359,55.47205902445689,7.924579860636698,118.86869790955048,5.601858177346632,57.24825795873753,51.6463997813909,21.860909960377104,13.936330099740406,Agropecuária
2020,3506508,Birigui,72686.617,587188.31,2133007.487,529094.576,3671918.443,29402.87,13052,13409,-357,,,,,,1192.0,1.979527000077218,15.991322223384143,58.089729391083864,14.409213717931152,118979,109.70003109792484,112.70056060313163,-3.000529505206801,222.4005917010565,,,,10.018574706460804,13.019104211667605,Serviços
2021,3506508,Birigui,80294.46,720788.391,2179371.339,547944.686,3947388.396,31305.12,13849,12657,1192,7.5020716629789375,6.469606538409356,-357.0,13052.0,13409.0,1867.0,2.0341160267219878,18.25988017116317,55.21046120539895,13.881195135377297,118979,116.39869220618765,106.38011749972684,10.018574706460804,222.77880970591448,-3.000529505206801,109.70003109792484,112.70056060313163,15.691844779330804,5.67327007287,Serviços
2020,3506607,Biritiba Mirim,503358.351,47261.269,288621.588,127264.6,996877.898,30267.12,881,864,17,,,,,,265.0,50.493480897697665,4.740928562546985,28.952551619315763,12.766317746167946,29683,29.68028838055453,29.10756998955631,0.5727183909982144,58.78785837011084,,,,8.927669036148638,8.354950645150423,Agropecuária
2021,3506607,Biritiba Mirim,471703.726,46492.911,280352.889,132717.148,971015.868,29190.32,1236,971,265,-2.594302677578275,-3.5576559646243178,17.0,881.0,864.0,124.0,48.57837462240113,4.788069127620065,28.872122303978664,13.667866033266513,29683,41.63999595728195,32.71232692113331,8.927669036148638,74.35232287841525,0.5727183909982144,29.68028838055453,29.10756998955631,4.177475322575211,-4.7501937135734265,Agropecuária
2020,3506706,Boa Esperança do Sul,97432.631,30395.482,139082.187,72884.665,361999.2,24104.35,703,698,5,,,,,,185.0,26.91515091746059,8.396560544885181,38.42057855376476,20.133929853988626,12978,54.16859300354446,53.78332562798583,0.3852673755586377,107.95191863153028,,,,14.254892895669592,13.869625520110956,Serviços
2021,3506706,Boa Esperança do Sul,98617.081,33976.541,144513.832,77746.827,380753.261,25197.09,1004,819,185,5.1806912832956575,4.533372607019071,5.0,703.0,698.0,56.0,25.90052170295135,8.92350623886055,37.954719447563704,20.419215004438268,12978,77.36168901217445,63.10679611650485,14.254892895669592,140.4684851286793,0.3852673755586377,54.16859300354446,53.78332562798583,4.314994606256742,-9.939898289412852,Serviços
2020,3506805,Bocaina,30017.289,27234.187,100090.921,63585.562,236483.08,18991.57,1050,1020,30,,,,,,105.0,12.693207903077042,11.516336390747279,42.32477055018059,26.887996384350206,11259,93.25872635225151,90.59419131361578,2.664535038635758,183.85291766586727,,,,9.325872635225153,6.661337596589394,Serviços
2021,3506805,Bocaina,43685.843,33095.832,111188.154,71175.229,281963.936,22429.71,1312,1207,105,19.2321818541944,18.10350592394414,30.0,1050.0,1020.0,264.0,15.49341508695637,11.737611720670548,39.43346641323662,25.24267110528632,11259,116.52899902300382,107.20312638777868,9.325872635225153,223.7321254107825,2.664535038635758,93.25872635225151,90.59419131361578,23.447908339994672,14.12203570476952,Serviços
2020,3506904,Bofete,30541.158,31039.916,85141.804,52841.905,210809.462,17683.87,475,398,77,,,,,,336.0,14.487565079028569,14.72415692612507,40.388037231459755,25.066192237614075,10460,45.41108986615679,38.04971319311663,7.361376673040153,83.46080305927342,,,,32.122370936902485,24.76099426386233,Serviços
2021,3506904,Bofete,33004.035,24084.799,84052.911,57485.84,212434.109,17546.39,1047,711,336,0.7706708155253539,-0.777431636853243,77.0,475.0,398.0,-74.0,15.536127957681224,11.337538549423812,39.5665796776543,27.060550808250856,10460,100.09560229445506,67.97323135755258,32.122370936902485,168.06883365200764,7.361376673040153,45.41108986615679,38.04971319311663,-7.074569789674952,-39.19694072657744,Serviços
2020,3507001,Boituva,28294.776,917016.302,1300143.215,316330.699,2971679.979,47799.26,6822,7176,-354,,,,,,1373.0,0.952147478865523,30.858514661076835,43.751118027100325,10.644844035542766,61081,111.68775887755602,117.48334179204664,-5.795582914490595,229.17110066960268,,,,22.478348422586404,28.273931337077,Serviços
2021,3507001,Boituva,29902.417,1115746.09,1412349.422,331520.89,3393228.685,53597.04,9230,7857,1373,14.185535083823384,12.129434639783131,-354.0,6822.0,7176.0,1154.0,0.8812378939322801,32.881547151013784,41.62258288819105,9.770072128221443,61081,151.1108200586107,128.6324716360243,22.478348422586404,279.743291694635,-5.795582914490595,111.68775887755602,117.48334179204664,18.892945433113407,-3.585402989472996,Serviços
2020,3507100,Bom Jesus dos Perdões,13652.837,403365.135,437778.661,108091.45,1129289.147,43459.27,1784,1598,186,,,,,,145.0,1.2089761985466063,35.7184992055892,38.765860998750924,9.57163630653399,22006,81.06879941834046,72.61655912023994,8.452240298100518,153.6853585385804,,,,6.589112060347178,-1.86312823775334,Serviços
2021,3507100,Bom Jesus dos Perdões,14056.192,575826.055,524790.85,114518.447,1463036.18,55196.42,2120,1975,145,29.553727128841324,27.007241493011747,186.0,1784.0,1598.0,130.0,0.9607549144820192,39.35829221940363,35.86998443196395,7.827451471500862,22006,96.33736253748977,89.74825047714259,6.589112060347178,186.0856130146324,8.452240298100518,81.06879941834046,72.61655912023994,5.907479778242298,-0.6816322821048804,Indústria
2020,3507159,Bom Sucesso de Itararé,7468.811,13077.28,20063.64,22435.556,65836.317,16525.18,69,212,-143,,,,,,3.0,11.344515216426824,19.86332254886008,30.475034015040663,34.07778111281651,3555,19.409282700421944,59.634317862165965,-40.22503516174402,79.0436005625879,,,,0.8438818565400844,41.0689170182841,Administração pública
2021,3507159,Bom Sucesso de Itararé,5368.545,12078.165,19547.589,23248.737,63856.52,15912.41,198,195,3,-3.007150293659344,-3.7080987922673225,-143.0,69.0,212.0,24.0,8.407199452773186,18.91453683977768,30.611735497017378,36.40777323913048,3555,55.69620253164557,54.85232067510549,0.8438818565400844,110.54852320675106,-40.22503516174402,19.409282700421944,59.634317862165965,6.751054852320675,5.907172995780591,Administração pública
2020,3507209,Borá,13299.088,19800.927,18750.509,11515.927,68106.536,81272.72,442,360,82,,,,,,40.0,19.526889460359577,29.073460732168204,27.531144734772596,16.908695811515067,907,487.3208379272326,396.91289966923927,90.40793825799338,884.2337375964719,,,,44.10143329658214,-46.30650496141124,Indústria
2021,3507209,Borá,13495.84,23466.937,19787.573,11528.515,74195.054,88432.72,599,559,40,8.939697065197993,8.809844188800376,82.0,442.0,360.0,129.0,18.189676093503483,31.62870802681807,26.669665878267303,15.538117945166533,907,660.4189636163176,616.3175303197354,44.10143329658214,1276.7364939360527,90.40793825799338,487.3208379272326,396.91289966923927,142.2271223814774,98.12568908489524,Indústria
2020,3507308,Boracéia,15920.195,207993.367,145713.474,26862.124,441392.129,90672.17,345,361,-16,,,,,,191.0,3.6068144296247744,47.12212867755963,33.01225020258573,6.085773224107491,4715,73.17073170731707,76.56415694591729,-3.393425238600212,149.73488865323438,,,,40.50901378579003,43.90243902439024,Indústria
2021,3507308,Boracéia,25545.06,193575.27,204730.266,28494.395,519153.445,105669.34,736,545,191,17.617286510335582,16.53999237031605,-16.0,345.0,361.0,186.0,4.920522101129465,37.28671587645922,39.43540546090376,5.488626777772803,4715,156.09756097560975,115.58854718981974,40.50901378579003,271.68610816542946,-3.393425238600212,73.17073170731707,76.56415694591729,39.44856839872747,-1.0604453870625647,Serviços
2020,3507407,Borborema,103536.189,33882.539,223439.782,78125.796,470940.072,29135.12,1024,883,141,,,,,,80.0,21.98500300904528,7.19466042804699,47.44548091885458,16.589328588712664,14226,71.98088007872909,62.06945030226346,9.911429776465626,134.05033038099253,,,,5.62350625615071,-4.287923520314916,Serviços
2021,3507407,Borborema,115708.776,37147.716,242451.536,81903.718,518182.236,31833.29,974,894,80,10.031459798986898,9.26088514480119,141.0,1024.0,883.0,-27.0,22.329745784647084,7.168851693325898,46.78885518568799,15.805967922065161,14226,68.4661886686349,62.84268241248418,5.62350625615071,131.3088710811191,9.911429776465626,71.98088007872909,62.06945030226346,-1.8979333614508644,-7.521439617601574,Serviços
2020,3507456,Borebi,19400.099,3229.955,21643.945,20673.793,68863.226,25666.5,186,197,-11,,,,,,-79.0,28.171928802754607,4.690391646769497,31.430338450888147,30.02152847152412,2713,68.55879100626612,72.61334316255068,-4.054552156284556,141.1721341688168,,,,-29.119056395134532,-25.064504238849977,Serviços
2021,3507456,Borebi,22761.505,3665.512,20404.136,22310.19,73943.332,27255.19,186,265,-79,7.377095577834236,6.189741491827872,-11.0,186.0,197.0,93.0,30.78236317508657,4.957190730869418,27.594288015043738,30.172010641879112,2713,68.55879100626612,97.67784740140064,-29.119056395134532,166.2366384076668,-4.054552156284556,68.55879100626612,72.61334316255068,34.27939550313306,63.3984518982676,Agropecuária
2020,3507506,Botucatu,167708.348,1306561.847,2650530.043,506432.787,5073778.366,34252.2,14503,14767,-264,,,,,,1408.0,3.3053936514813858,25.75125976639871,52.23976791657912,9.981373849391355,145155,99.9138851572457,101.73263063621646,-1.818745478970756,201.64651579346216,,,,9.69997588784403,11.518721366814786,Serviços
2021,3507506,Botucatu,165588.281,1498002.597,3160156.426,550504.369,5979359.062,39937.48,19063,17655,1408,17.84825096161875,16.59829149660461,-264.0,14503.0,14767.0,1743.0,2.7693316170347755,25.052895828251902,52.85108977788964,9.206745460371552,145155,131.3285797940133,121.62860390616926,9.69997588784403,252.95718370018253,-1.818745478970756,99.9138851572457,101.73263063621646,12.007853673659191,2.307877785815162,Serviços
2020,3507605,Bragança Paulista,71623.525,1592269.06,3602590.173,710171.921,6831380.172,40058.99,19353,19003,350,,,,,,2266.0,1.0484488228830489,23.308160575315146,52.73590522404321,10.395731215645188,176811,109.45585964674144,107.4763447975522,1.9795148491892471,216.93220444429363,,,,12.815944709322384,10.836429860133135,Serviços
2021,3507605,Bragança Paulista,99838.174,1987758.259,3946313.675,748675.698,7954300.053,46153.09,24933,22667,2266,16.437672223287294,15.212814901224414,350.0,19353.0,19003.0,2249.0,1.2551471950362947,24.98973191551038,49.61233104994109,9.412213431873663,176811,141.01498209953002,128.19903739020762,12.815944709322384,269.2140194897376,1.9795148491892471,109.45585964674144,107.4763447975522,12.719796845218903,-0.0961478641034787,Serviços
2020,3507704,Braúna,28995.458,9317.536,43418.012,30597.35,116872.819,20357.57,104,126,-22,,,,,,-17.0,24.809410988880142,7.972372087645117,37.149794427393765,26.180039346873286,5356,19.41747572815534,23.52501867064974,-4.107542942494399,42.942494398805074,,,,-3.1740104555638537,0.9335324869305448,Serviços
2021,3507704,Braúna,36630.741,6689.06,43388.546,29032.923,120686.813,20826.02,100,117,-17,3.263371271980686,2.301109611805341,-22.0,104.0,126.0,2.0,30.35190016990506,5.542494522578868,35.951356176751474,24.056417000588127,5356,18.6706497386109,21.84466019417476,-3.1740104555638537,40.51530993278566,-4.107542942494399,19.41747572815534,23.52501867064974,0.3734129947722181,3.547423450336072,Serviços
2020,3507753,Brejo Alegre,12688.333,3946.085,21117.894,20559.774,60615.977,20981.65,12,35,-23,,,,,,-29.0,20.932324492600358,6.509975084621667,34.838824754074324,33.9180774072156,2565,4.678362573099415,13.64522417153996,-8.966861598440545,18.32358674463938,,,,-11.306042884990251,-2.3391812865497084,Serviços
2021,3507753,Brejo Alegre,22314.874,3598.637,24671.31,20677.961,75675.127,25996.26,18,47,-29,24.84353258877605,23.899979267598106,-23.0,12.0,35.0,-1.0,29.487725867972447,4.7553762281760035,32.60161030188956,27.32464657773221,2565,7.017543859649123,18.32358674463938,-11.306042884990251,25.341130604288495,-8.966861598440545,4.678362573099415,13.64522417153996,-0.3898635477582846,10.916179337231968,Serviços
2020,3507803,Brodowski,74142.919,140383.471,388685.961,122273.949,811581.387,32107.5,2083,2375,-292,,,,,,360.0,9.135611065954622,17.29752225083989,47.89241932183445,15.066135197109935,25201,82.65545018054839,94.24229197254076,-11.586841791992384,176.89774215308918,,,,14.285147414785127,25.87198920677751,Serviços
2021,3507803,Brodowski,93166.358,147133.404,414073.83,134494.493,894830.751,34947.5,2453,2093,360,10.257672900524527,8.845285369461964,-292.0,2083.0,2375.0,61.0,10.411617827827643,16.442595857995947,46.27398304509095,15.030159932445144,25201,97.33740724574422,83.05225983095909,14.285147414785127,180.3896670767033,-11.586841791992384,82.65545018054839,94.24229197254076,2.420538867505257,-11.86460854727987,Serviços
2020,3507902,Brotas,93570.821,235947.125,436082.612,126836.471,986667.551,40049.83,2358,2615,-257,,,,,,321.0,9.483520655479628,23.913538532899416,44.19752241350441,12.855036214725986,23898,98.6693447150389,109.4233827098502,-10.75403799481128,208.0927274248891,,,,13.432086367060004,24.186124361871286,Serviços
2021,3507902,Brotas,109572.985,280079.79,482124.959,131686.685,1123986.566,45209.02,2896,2575,321,13.917455262497036,12.881927339017407,-257.0,2358.0,2615.0,298.0,9.748602724847869,24.918428606912723,42.894192295889056,11.716037271570022,23898,121.18168884425477,107.74960247719474,13.432086367060004,228.9312913214495,-10.75403799481128,98.6693447150389,109.4233827098502,12.46966273328312,-0.9624236337768864,Serviços
2020,3508009,Buri,270441.755,50215.35,222048.833,93788.311,674027.211,33760.44,1800,1670,130,,,,,,281.0,40.12326959304318,7.45004788834853,32.943600699823975,13.914617907020968,20250,88.88888888888889,82.46913580246913,6.419753086419752,171.35802469135805,,,,13.876543209876544,7.45679012345679,Agropecuária
2021,3508009,Buri,225588.326,54818.881,250755.84,99504.385,684130.186,34121.21,2586,2305,281,1.4988972010508306,1.0686175891072347,130.0,1800.0,1670.0,301.0,32.97447337018981,8.012931182077676,36.65323430122699,14.5446564171925,20250,127.70370370370372,113.82716049382717,13.876543209876544,241.5308641975309,6.419753086419752,88.88888888888889,82.46913580246913,14.864197530864198,0.9876543209876552,Serviços
2020,3508108,Buritama,61218.516,252030.493,273339.612,82252.233,709785.516,41073.17,1251,1270,-19,,,,,,98.0,8.624931704016344,35.5079791456325,38.51017044422192,11.588322267201631,17210,72.6902963393376,73.794305636258,-1.1040092969203952,146.4846019755956,,,,5.694363742010459,6.798373038930855,Serviços
2021,3508108,Buritama,72979.446,155316.735,274828.036,82493.996,627565.183,36037.97,1300,1202,98,-11.583827951766768,-12.25909760556586,-19.0,1251.0,1270.0,233.0,11.628982610400806,24.74910004687115,43.792747501736415,13.145088069680247,17210,75.53747821034281,69.84311446833237,5.694363742010459,145.3805926786752,-1.1040092969203952,72.6902963393376,73.794305636258,13.538640325392214,7.844276583381754,Serviços
2020,3508207,Buritizal,42135.548,96632.126,48874.315,31797.703,229390.773,50817.63,405,670,-265,,,,,,70.0,18.368458089637286,42.125550533804606,21.30613815055238,13.861805592328686,4356,92.97520661157024,153.81083562901745,-60.8356290174472,246.7860422405877,,,,16.069788797061527,76.90541781450872,Indústria
2021,3508207,Buritizal,39267.935,119328.791,42011.06,32876.518,244488.126,53769.11,730,660,70,6.581499683947611,5.8079843550358445,-265.0,405.0,670.0,-13.0,16.061285119425392,48.807601805578074,17.183272123407743,13.447081679541363,4356,167.58494031221304,151.51515151515153,16.069788797061527,319.10009182736457,-60.8356290174472,92.97520661157024,153.81083562901745,-2.9843893480257115,-19.05417814508724,Indústria
2020,3508306,Cabrália Paulista,13378.94,13402.829,26826.527,24664.051,81956.421,19315.68,323,223,100,,,,,,98.0,16.324456139928316,16.353604557719766,32.732672648065,30.09410452415925,4299,75.13375203535706,51.87252849499883,23.261223540358223,127.0062805303559,,,,22.79599906955106,-0.4652244708071649,Serviços
2021,3508306,Cabrália Paulista,25609.109,17340.874,29701.611,25045.665,102881.808,24368.03,488,390,98,25.532333824094145,26.15672862669085,100.0,323.0,223.0,-19.0,24.89177581327109,16.855141192697545,28.86964330953437,24.344114364708677,4299,113.51477087694812,90.71877180739708,22.79599906955106,204.2335426843452,23.261223540358223,75.13375203535706,51.87252849499883,-4.419632472668062,-27.21563154221912,Serviços
2020,3508405,Cabreúva,26580.79,1446906.094,2513115.31,277336.979,5400646.081,107094.05,4771,4701,70,,,,,,848.0,0.4921779654014695,26.791351854926337,46.53360491148244,5.13525557573007,47011,101.48688604794624,99.9978728382719,1.4890132096743314,201.4847588862181,,,,18.038331454340472,16.54931824466614,Serviços
2021,3508405,Cabreúva,35185.854,1863557.206,2651030.382,282544.292,5961333.424,116591.7,6776,5928,848,10.381856811031408,8.868513236729768,70.0,4771.0,4701.0,1161.0,0.5902346253330453,31.26074442502111,44.47042621919281,4.739615651466369,47011,144.1364786964753,126.0981472421348,18.038331454340472,270.2346259386101,1.4890132096743314,101.48688604794624,99.9978728382719,24.69634766331284,6.65801620897237,Serviços
2020,3508504,Caçapava,21670.483,1602646.967,1832285.219,405418.748,4514762.147,47514.81,5694,6217,-523,,,,,,1688.0,0.47999168714568385,35.49792690773174,40.584313399932476,8.979847327492003,96202,59.18795867029792,64.62443608240993,-5.436477412112014,123.81239475270785,,,,17.54641275649155,22.98289016860356,Serviços
2021,3508504,Caçapava,23143.72,1890322.691,2018774.412,430221.897,5214553.271,54458.95,8204,6516,1688,15.500066254099387,14.614685400194173,-523.0,5694.0,6217.0,-61.0,0.44382939050043896,36.250903821670825,38.71423508562331,8.250407554423084,96202,85.27889233072078,67.73247957422923,17.54641275649155,153.01137190495,-5.436477412112014,59.18795867029792,64.62443608240993,-0.6340824515082847,-18.180495207999837,Serviços
2020,3508603,Cachoeira Paulista,18537.896,54934.451,383676.675,146136.48,636337.88,18949.34,826,930,-104,,,,,,122.0,2.9132158531879324,8.63290599641813,60.29448930495855,22.965233501422233,31564,26.169053351919903,29.46394626790014,-3.2948929159802307,55.63299961982005,,,,3.86516284374604,7.160055759726271,Serviços
2021,3508603,Cachoeira Paulista,19887.221,54496.617,405443.2,156847.736,673632.424,19914.05,1066,944,122,5.86080841203418,5.090995253660546,-104.0,826.0,930.0,176.0,2.9522363074376003,8.089963466485397,60.187601658556744,23.283875658574296,31564,33.77265238879736,29.907489545051327,3.86516284374604,63.68014193384869,-3.2948929159802307,26.169053351919903,29.46394626790014,5.575972627043467,1.7108097832974272,Serviços
2020,3508702,Caconde,160610.914,51810.01,165892.951,81186.355,476089.811,25045.49,542,510,32,,,,,,97.0,33.73542350394892,10.882402606175498,34.84488581084127,17.052739446255448,17101,31.69405297935793,29.82281737910064,1.871235600257295,61.51687035845857,,,,5.672182913279925,3.80094731302263,Serviços
2021,3508702,Caconde,249083.086,33498.821,185525.681,83830.762,574394.938,30182.07,911,814,97,20.648441686562368,20.509001820287786,32.0,542.0,510.0,77.0,43.36442916215255,5.832018839971045,32.29932381472346,14.594620609278422,17101,53.27173849482486,47.59955558154494,5.672182913279925,100.8712940763698,1.871235600257295,31.69405297935793,29.82281737910064,4.502660663119116,-1.1695222501608091,Agropecuária
2020,3508801,Cafelândia,112371.046,125196.381,230083.32,87138.678,606623.609,33997.85,1382,1570,-188,,,,,,440.0,18.52401461678027,20.638230880328294,37.9285139230379,14.364537862884264,16654,82.98306713101958,94.271646451303,-11.288579320283416,177.25471358232255,,,,26.42007926023778,37.7086585805212,Serviços
2021,3508801,Cafelândia,107405.166,170241.413,243593.291,89667.674,682544.49,38094.8,2030,1590,440,12.515319198531216,12.050614965358108,-188.0,1382.0,1570.0,254.0,15.73599487998211,24.942170875923413,35.68899823658382,13.13726435620336,16654,121.89263840518794,95.47255914495015,26.42007926023778,217.3651975501381,-11.288579320283416,82.98306713101958,94.271646451303,15.251591209319082,-11.1684880509187,Serviços
2020,3508900,Caiabu,18848.354,3910.745,20625.781,22742.288,68003.915,16218.44,48,53,-5,,,,,,20.0,27.71657190619099,5.750764496426419,30.330284660816957,33.442615767048125,3712,12.93103448275862,14.278017241379311,-1.3469827586206895,27.20905172413793,,,,5.387931034482759,6.734913793103448,Administração pública
2021,3508900,Caiabu,19484.968,3832.668,20301.493,24116.477,69806.4,16640.38,64,44,20,2.6505606331635567,2.6016065663528654,-5.0,48.0,53.0,23.0,27.91286758807216,5.490424946709758,29.082566927960762,34.547658953906804,3712,17.241379310344826,11.853448275862068,5.387931034482759,29.094827586206897,-1.3469827586206895,12.93103448275862,14.278017241379311,6.196120689655173,0.8081896551724137,Administração pública
2020,3509007,Caieiras,2952.74,1398427.267,1642341.618,441158.75,4063841.298,39541.15,8199,7727,472,,,,,,-106.0,0.07265884131482143,34.41146355021859,40.41352743790144,10.855708125637538,95032,86.27620170047983,81.30945365771531,4.966748042764543,167.58565535819514,,,,-1.1154137553666137,-6.082161798131157,Serviços
2021,3509007,Caieiras,4923.69,1735180.595,1894172.878,455744.606,4858858.148,46700.03,9697,9803,-106,19.563186446066783,18.10488566973898,472.0,8199.0,7727.0,535.0,0.10133430221721301,35.71169484983285,38.983909805633616,9.379664771394763,95032,102.03931307349104,103.15472682885763,-1.1154137553666137,205.1940399023487,4.966748042764543,86.27620170047983,81.30945365771531,5.629682633218285,6.745096388584898,Serviços
2020,3509106,Caiuá,26537.269,2886.423,23654.82,32561.425,88860.821,14944.64,85,77,8,,,,,,2.0,29.86385754864903,3.2482515550919793,26.62007815570374,36.64317371094287,5466,15.550676911818512,14.087083790706185,1.4635931211123308,29.637760702524695,,,,0.3658982802780827,-1.0976948408342482,Administração pública
2021,3509106,Caiuá,31769.709,2736.099,23348.878,34465.425,96254.924,15997.16,87,85,2,8.320993343061733,7.04279259988867,8.0,85.0,77.0,20.0,33.00580134477069,2.842554839064649,24.25733357807233,35.806401966511345,5466,15.916575192096598,15.550676911818512,0.3658982802780827,31.467252103915115,1.4635931211123308,15.550676911818512,14.087083790706185,3.658982802780827,3.2930845225027445,Administração pública
2020,3509205,Cajamar,322.052,2698508.998,13810305.754,467358.455,21270945.596,272935.38,25345,17882,7463,,,,,,131.0,0.0015140464656191019,12.686361242480231,64.92567851142935,2.1971682118724742,92689,273.44129292580567,192.9247267744824,80.51656615132325,466.36601970028806,,,,1.4133284424257464,-79.1032377088975,Serviços
2021,3509205,Cajamar,276.713,2955318.873,14021896.021,497559.69,22713160.274,287384.67,23919,23788,131,6.780209518617775,5.2940333349234425,7463.0,25345.0,17882.0,-543.0,0.0012182936969663194,13.011482494503355,61.73467651285416,2.1906228987850795,92689,258.0565115601636,256.6431831177378,1.4133284424257464,514.6996946779013,80.51656615132325,273.44129292580567,192.9247267744824,-5.858300337688399,-7.2716287801141455,Serviços
2020,3509254,Cajati,199659.068,575971.594,437660.269,138842.342,1559837.473,54742.66,1911,2337,-426,,,,,,830.0,12.799991759141434,36.92510302962827,28.058068649822722,8.901077477832846,28515,67.01735928458706,81.95686480799579,-14.939505523408732,148.97422409258286,,,,29.1074872873926,44.046992810801335,Indústria
2021,3509254,Cajati,186075.238,621420.512,425561.239,148902.86,1755226.467,61714.65,3257,2427,830,12.526240546344416,12.735935740060844,-426.0,1911.0,2337.0,-323.0,10.601209672848446,35.40400761288202,24.24537499866677,8.483398740819009,28515,114.22058565667191,85.11309836927933,29.1074872873926,199.33368402595124,-14.939505523408732,67.01735928458706,81.95686480799579,-11.327371558828688,-40.43485884622129,Indústria
2020,3509304,Cajobi,29549.465,8215.928,76416.62,48111.62,171316.78,16168.06,275,260,15,,,,,,50.0,17.248435909196985,4.795752056511919,44.6054496237905,28.083425336385616,9133,30.110587977663418,28.46819226979087,1.6423957078725502,58.57878024745428,,,,5.474652359575168,3.832256651702617,Serviços
2021,3509304,Cajobi,23624.544,8703.355,75926.337,52076.02,170916.324,16049.99,383,333,50,-0.233751766756296,-0.7302669584353327,15.0,275.0,260.0,103.0,13.822286512551022,5.092173056565387,44.42310437240623,30.468722226906774,9133,41.93583707434578,36.46118471477061,5.474652359575168,78.3970217891164,1.6423957078725502,30.110587977663418,28.46819226979087,11.277783860724844,5.803131501149676,Serviços
2020,3509403,Cajuru,136031.428,104387.98,261790.222,121775.344,692359.38,26232.69,1726,1639,87,,,,,,436.0,19.64751716081322,15.077138118645838,37.811320184612796,17.58845875678033,23830,72.42971044901385,68.7788501888376,3.650860260176248,141.20856063785146,,,,18.29626521191775,14.6454049517415,Serviços
2021,3509403,Cajuru,145197.576,127357.841,285864.868,131124.944,761749.163,28623.2,2261,1825,436,10.02222039658074,9.11271394584392,87.0,1726.0,1639.0,124.0,19.061074570553878,16.71913107175938,37.52742791001925,17.213664335854347,23830,94.88040285354596,76.5841376416282,18.29626521191775,171.46454049517416,3.650860260176248,72.42971044901385,68.7788501888376,5.203524968527067,-13.092740243390685,Serviços
2020,3509452,Campina do Monte Alegre,29386.665,13789.559,53612.061,32455.37,136453.074,22528.16,107,92,15,,,,,,-5.0,21.536095991505476,10.10571517062342,39.289742201044156,23.785004652954907,5954,17.971111857574737,15.451797111185758,2.5193147463889822,33.422908968760495,,,,-0.8397715821296607,-3.359086328518643,Serviços
2021,3509452,Campina do Monte Alegre,34383.354,15552.313,57611.072,33231.12,151086.917,24817.17,129,134,-5,10.724450956671006,10.16066114587253,15.0,107.0,92.0,44.0,22.757333780263718,10.293619930043315,38.131079211842014,21.994703882931177,5954,21.666106818945245,22.505878401074902,-0.8397715821296607,44.17198522002016,2.5193147463889822,17.971111857574737,15.451797111185758,7.389989922741014,8.229761504870675,Serviços
2020,3509502,Campinas,165109.294,9697647.192,38326944.906,4933521.751,65158381.729,53681.67,139359,145410,-6051,,,,,,22796.0,0.25339686103118014,14.88319220746373,58.82120440836831,7.571584223068942,1139047,122.34701465347786,127.65935031653656,-5.31233566305868,250.0063649700144,,,,20.013221579091997,25.325557242150676,Serviços
2021,3509502,Campinas,170416.993,11136729.652,42630095.744,5182393.178,72946910.167,59634.32,192124,169328,22796,11.953225711456785,11.088794368729582,-6051.0,139359.0,145410.0,14996.0,0.23361783605345068,15.266897016616992,58.43989230853697,7.1043354216590675,1139047,168.6708274548811,148.65760587578913,20.013221579091997,317.3284333306703,-5.31233566305868,122.34701465347786,127.65935031653656,13.16539177048884,-6.847829808603155,Serviços
2020,3509601,Campo Limpo Paulista,11004.449,609059.405,972054.455,355339.31,2219744.295,25949.48,2704,2986,-282,,,,,,751.0,0.49575300293766494,27.438268739868526,43.79128069794183,16.00811907931945,77632,34.83099752679308,38.46352019785655,-3.6325226710634793,73.29451772464964,,,,9.673845836768342,13.30636850783182,Serviços
2021,3509601,Campo Limpo Paulista,10544.411,737110.229,1038525.602,364156.102,2530950.088,29291.03,4182,3431,751,14.01989380943538,12.877136651678557,-282.0,2704.0,2986.0,121.0,0.41661868600231355,29.123854812264476,41.03303367869497,14.38811866447206,77632,53.86953833470734,44.195692497939,9.673845836768342,98.06523083264634,-3.6325226710634793,34.83099752679308,38.46352019785655,1.5586356141797195,-8.115210222588622,Serviços
2020,3509700,Campos do Jordão,6134.743,123802.28,807091.978,249222.617,1261470.023,24071.56,3319,3855,-536,,,,,,839.0,0.48631698638470144,9.814127782884302,63.980274067915765,19.756523140145994,46974,70.6561076340103,82.06667518201559,-11.41056754800528,152.7227828160259,,,,17.86094435219483,29.27151190020011,Serviços
2021,3509700,Campos do Jordão,5938.459,131448.569,930238.697,267718.156,1449808.277,27503.81,5684,4845,839,14.930061798226337,14.2585274905324,-536.0,3319.0,3855.0,901.0,0.40960305539764824,9.06661736488348,64.1628766891086,18.465762697532178,46974,121.0031081023545,103.14216375015968,17.86094435219483,224.14527185251416,-11.41056754800528,70.6561076340103,82.06667518201559,19.180823434240217,1.3198790820453858,Serviços
2020,3509809,Campos Novos Paulista,85037.158,12532.997,56904.677,27335.772,190055.702,38033.96,175,126,49,,,,,,152.0,44.743281630140196,6.594380946276476,29.941052228993374,14.383031770338572,4888,35.80196399345336,25.777414075286416,10.024549918166938,61.57937806873977,,,,31.096563011456627,21.07201309328969,Agropecuária
2021,3509809,Campos Novos Paulista,82320.64,13825.911,58714.153,29105.415,194705.131,38724.17,425,273,152,2.446350701964217,1.8147203183681129,49.0,175.0,126.0,-10.0,42.27964593290559,7.10094845933978,30.155421533292824,14.948458137962477,4888,86.94762684124386,55.85106382978723,31.096563011456627,142.7986906710311,10.024549918166938,35.80196399345336,25.777414075286416,-2.0458265139116203,-33.142389525368245,Agropecuária
2020,3509908,Cananéia,36300.673,24501.5,119418.701,70124.533,262057.978,20896.1,290,323,-33,,,,,,83.0,13.852153358216022,9.349648572805519,45.569572775990814,26.759167393102608,12289,23.598339978842866,26.28366832126292,-2.6853283424200507,49.88200830010579,,,,6.754007649117097,9.439335991537147,Serviços
2021,3509908,Cananéia,38790.803,17593.97,119982.166,73959.37,264410.437,21082.0,421,338,83,0.8976864653973626,0.88963969353133,-33.0,290.0,323.0,43.0,14.670677693407391,6.6540376392177,45.37724280528306,27.971426105241072,12289,34.25827976238913,27.50427211327203,6.754007649117097,61.76255187566116,-2.6853283424200507,23.598339978842866,26.28366832126292,3.4990642037594597,-3.2549434453576374,Serviços
2020,3509957,Canas,2101.647,15050.871,52997.102,32159.812,114442.256,21991.21,201,251,-50,,,,,,99.0,1.836425699262692,13.151497992140246,46.30903291525466,28.101343965117227,4931,40.762522814844864,50.90245386331373,-10.13993104846887,91.6649766781586,,,,20.07706347596837,30.21699452443724,Serviços
2021,3509957,Canas,2281.379,19677.572,63843.677,31054.215,130060.455,24688.77,362,263,99,13.647230966855473,12.266537402898711,-50.0,201.0,251.0,3.0,1.7540912032023876,15.129558019768577,49.087693103949235,23.87675408332225,4931,73.41310079091463,53.33603731494626,20.07706347596837,126.7491381058609,-10.13993104846887,40.762522814844864,50.90245386331373,0.6083958629081322,-19.468667613060237,Serviços
2020,3510005,Cândido Mota,120949.894,242195.5,767374.145,128633.783,1405947.616,44852.54,1734,1400,334,,,,,,536.0,8.602731184545071,17.22649530066133,54.58056447246752,9.149258588024093,29449,58.881456076607016,47.53981459472308,11.341641481883936,106.4212706713301,,,,18.20095758769398,6.859316105810047,Serviços
2021,3510005,Cândido Mota,116464.014,229211.85,832948.84,133277.924,1518347.017,48339.61,2154,1618,536,7.9945653537066175,7.774520684893216,334.0,1734.0,1400.0,316.0,7.670447710307584,15.09614386129492,54.85892425604838,8.777830265925303,29449,73.14340045502395,54.94244286732996,18.20095758769398,128.0858433223539,11.341641481883936,58.881456076607016,47.53981459472308,10.730415294237496,-7.470542293456486,Serviços
2020,3510104,Cândido Rodrigues,31880.591,15862.4,39585.337,17182.068,111481.375,39829.0,370,214,156,,,,,,-172.0,28.597235188389092,14.228744487588173,35.50847574314543,15.412500967089793,2889,128.07199723087572,74.07407407407408,53.99792315680166,202.1460713049498,,,,-59.5361716857044,-113.53409484250604,Serviços
2021,3510104,Cândido Rodrigues,32513.445,12621.04,36235.48,17585.306,107107.735,38184.58,370,542,-172,-3.923202418341176,-4.128700193326463,156.0,370.0,214.0,94.0,30.355832844378604,11.783500043204164,33.83087131849068,16.41833430610777,2889,128.07199723087572,187.60816891658013,-59.5361716857044,315.68016614745585,53.99792315680166,128.07199723087572,74.07407407407408,32.537210107303565,92.07338179300795,Serviços
2020,3510153,Canitar,9383.002,53558.366,42838.672,28747.576,146230.112,27632.3,90,89,1,,,,,,34.0,6.416600433158391,36.62608560403756,29.29538342964546,19.659135595820377,6283,14.324367340442464,14.165207703326436,0.1591596371160273,28.4895750437689,,,,5.411427661944931,5.252268024828903,Indústria
2021,3510153,Canitar,8454.042,62468.977,47861.798,30588.93,164318.829,30627.93,136,102,34,12.370035659960376,10.84104471940448,1.0,90.0,89.0,-15.0,5.144901562072354,38.01693170537382,29.127397201692574,18.61559639035646,6283,21.645710647779723,16.234282985834792,5.411427661944931,37.87999363361452,0.1591596371160273,14.324367340442464,14.165207703326436,-2.3873945567404102,-7.798822218685341,Indústria
2020,3510203,Capão Bonito,269121.647,101388.182,491186.662,209750.497,1129592.607,23973.7,2705,2370,335,,,,,,561.0,23.824664337591578,8.975641427865682,43.48352308222923,18.568685356135656,46337,58.376675227140296,51.14703152987893,7.229643697261368,109.52370675701924,,,,12.106955564667544,4.877311867406176,Serviços
2021,3510203,Capão Bonito,288352.126,118233.748,550333.294,226304.908,1269097.445,26945.89,3530,2969,561,12.350013370793956,12.397710824778809,335.0,2705.0,2370.0,286.0,22.721039045193255,9.316364828076697,43.36414797525654,17.83195678878701,46337,76.18102164576904,64.0740660811015,12.106955564667544,140.25508772687053,7.229643697261368,58.376675227140296,51.14703152987893,6.172173425124631,-5.9347821395429134,Serviços
2020,3510302,Capela do Alto,36061.599,33937.065,148620.891,100160.005,339916.203,16198.06,2779,2510,269,,,,,,587.0,10.608967351874075,9.983950367908765,43.722802763832945,29.46608726386603,22866,121.53415551473805,109.7699641388962,11.76419137584186,231.30411965363425,,,,25.6713023703315,13.90711099448964,Serviços
2021,3510302,Capela do Alto,43696.438,40582.496,172141.942,106830.584,392353.724,18457.62,4282,3695,587,15.426602361759144,13.949571738837864,269.0,2779.0,2510.0,526.0,11.137000957839769,10.34334416053612,43.87417054310921,27.228130501954915,22866,187.2649348377504,161.59363246741887,25.6713023703315,348.85856730516923,11.76419137584186,121.53415551473805,109.7699641388962,23.003586110382223,-2.667716259949273,Serviços
2020,3510401,Capivari,60104.145,819383.981,980835.548,292242.621,2486360.862,44100.83,4276,4450,-174,,,,,,864.0,2.4173540501941826,32.955151181912385,39.44864009848623,11.753829682024652,50068,85.40385076296238,88.87912439082847,-3.4752736278661023,174.28297515379086,,,,17.256531117679955,20.731804745546057,Serviços
2021,3510401,Capivari,60898.208,1045163.303,1086429.183,297785.227,2990809.569,52495.21,5592,4728,864,20.288636082946844,19.03451703743444,-174.0,4276.0,4450.0,408.0,2.036178051294713,34.945832520840106,36.32558870551079,9.956676282120053,50068,111.68810417831747,94.43157306063752,17.256531117679955,206.11967723895503,-3.4752736278661023,85.40385076296238,88.87912439082847,8.148917472237756,-9.1076136454422,Serviços
2020,3510500,Caraguatatuba,15661.68,599608.916,2294859.489,722328.935,3870521.469,31368.45,8233,8809,-576,,,,,,1674.0,0.4046400498082342,15.491682989034466,59.290705590451275,18.662315679820352,134873,61.04261045576209,65.31329472911554,-4.270684273353451,126.35590518487764,,,,12.411676169433468,16.68236044278692,Serviços
2021,3510500,Caraguatatuba,14037.065,976219.397,2522464.931,721398.377,4532235.511,36201.7,11360,9686,1674,17.096250396744672,15.407997526176764,-576.0,8233.0,8809.0,383.0,0.30971614263934927,21.53946754599708,55.656086822448444,15.917054072965186,134873,84.2273842800264,71.81570811059294,12.411676169433468,156.04309239061934,-4.270684273353451,61.04261045576209,65.31329472911554,2.839708466483284,-9.571967702950184,Serviços
2020,3510609,Carapicuíba,300.738,814981.666,3657443.026,1231417.845,6241379.432,15480.26,11005,11573,-568,,,,,,1378.0,0.004818454049726487,13.057717046035217,58.59991474397515,19.72989878946363,386984,28.437868232278337,29.90562917329916,-1.4677609410208174,58.34349740557749,,,,3.5608707336737435,5.0286316746945605,Serviços
2021,3510609,Carapicuíba,331.514,911392.742,3961459.183,1330519.42,6854705.734,16909.54,13613,12235,1378,9.826774812879211,9.23291986051915,-568.0,11005.0,11573.0,2532.0,0.004836298053695561,13.295869689626564,57.79181976187222,19.410306899105755,386984,35.17716494738801,31.616294213714266,3.5608707336737435,66.79345916110228,-1.4677609410208174,28.437868232278337,29.90562917329916,6.5429061666632204,2.982035432989477,Serviços
2020,3510708,Cardoso,73103.182,16765.334,137418.965,59912.265,299516.585,24254.32,269,295,-26,,,,,,15.0,24.40705645732439,5.597464327392754,45.88025234061746,20.002987480643185,11345,23.71088585279859,26.00264433671221,-2.2917584839136182,49.71353018951079,,,,1.3221683561040103,3.613926840017629,Serviços
2021,3510708,Cardoso,81695.869,16170.172,141886.416,66213.221,321119.823,25957.47,407,392,15,7.212701760738871,7.0220480310311695,-26.0,269.0,295.0,23.0,25.440929879934572,5.035557085493287,44.18488235153269,20.619474805826613,11345,35.874834728955484,34.55266637285148,1.3221683561040103,70.42750110180697,-2.2917584839136182,23.71088585279859,26.00264433671221,2.0273248126928163,0.7051564565888058,Serviços
2020,3510807,Casa Branca,259877.874,105443.717,465472.098,145568.684,1060934.741,34761.95,2739,2249,490,,,,,,266.0,24.495179953768716,9.938756167095862,43.87377281672031,13.720795292535342,28083,97.53231492361928,80.08403660577574,17.448278317843535,177.61635152939502,,,,9.471922515400776,-7.976355802442757,Serviços
2021,3510807,Casa Branca,264213.818,131200.656,508921.118,149670.015,1179141.595,38464.9,2909,2643,266,11.141764844893508,10.652308055215553,490.0,2739.0,2249.0,44.0,22.407301983100684,11.126793979310007,43.160305781596996,12.693133346720758,28083,103.58579923797316,94.11387672257236,9.471922515400776,197.69967596054556,17.448278317843535,97.53231492361928,80.08403660577574,1.5667841754798275,-7.90513833992095,Serviços
2020,3510906,Cássia dos Coqueiros,183305.881,8111.302,38925.126,21233.056,254686.031,101671.07,80,86,-6,,,,,,2.0,71.97327638279462,3.184824062847797,15.283573208614648,8.3369535096332,2799,28.5816362986781,30.725259021078955,-2.143622722400857,59.30689531975706,,,,0.7145409074669524,2.8581636298678097,Agropecuária
2021,3510906,Cássia dos Coqueiros,218852.843,8449.43,40743.244,20775.1,293111.124,117809.94,115,113,2,15.087240100734078,15.873610851149689,-6.0,80.0,86.0,36.0,74.66548523078231,2.8826712151668454,13.900272171178326,7.087789680749203,2799,41.08610217934977,40.37156127188282,0.7145409074669524,81.45766345123258,-2.143622722400857,28.5816362986781,30.725259021078955,12.861736334405144,12.147195426938191,Agropecuária
2020,3511003,Castilho,108194.785,409906.775,411649.812,122334.852,1160987.521,54591.03,1825,1695,130,,,,,,225.0,9.319203095896155,35.30673393000234,35.45686792959078,10.53713754775147,19977,91.35505831706465,84.84757471091756,6.507483606147069,176.20263302798216,,,,11.262952395254542,4.755468789107473,Serviços
2021,3511003,Castilho,111293.316,532894.123,471492.896,124161.215,1388287.047,64508.48,1865,1640,225,19.578119651468672,18.16681238657707,130.0,1825.0,1695.0,593.0,8.016592551266525,38.385010085021705,33.96220522397484,8.943482925112963,19977,93.35736096510988,82.09440856985533,11.262952395254542,175.45176953496522,6.507483606147069,91.35505831706465,84.84757471091756,29.68413675727086,18.42118436201632,Indústria
2020,3511102,Catanduva,60442.837,965009.245,2935407.454,491898.813,4867594.43,39736.44,17956,13943,4013,,,,,,1245.0,1.2417393821366502,19.825177690492183,60.305095180249026,10.105583365128473,115791,155.0725013170281,120.41523089013826,34.65727042688982,275.4877322071664,,,,10.75213099463689,-23.90513943225293,Serviços
2021,3511102,Catanduva,53856.422,910267.106,3239255.171,506725.006,5218361.311,42386.42,16801,15556,1245,7.206164894062472,6.668891324940018,4013.0,17956.0,13943.0,1789.0,1.0320562105669804,17.4435431306991,62.07418340642378,9.710423939635099,115791,145.09763280393122,134.34550180929432,10.75213099463689,279.44313461322554,34.65727042688982,155.0725013170281,120.41523089013826,15.450250883056542,4.698119888419653,Serviços
2020,3511201,Catiguá,22132.809,6838.537,63766.251,33922.019,134507.636,17123.82,267,265,2,,,,,,94.0,16.454685888613792,5.0841254841472345,47.40716058677888,25.21940018334721,7003,38.12651720691133,37.84092531772098,0.2855918891903469,75.9674425246323,,,,13.422818791946307,13.137226902755962,Serviços
2021,3511201,Catiguá,22122.727,12343.407,72450.596,35461.173,152901.809,19342.42,414,320,94,13.675188671072934,12.956221216994802,2.0,267.0,265.0,-18.0,14.468584214069041,8.072767144305008,47.38374024077112,23.192121291383806,7003,59.11752106240183,45.69470227045552,13.422818791946307,104.81222333285734,0.2855918891903469,38.12651720691133,37.84092531772098,-2.570327002713123,-15.993145794659432,Serviços
2020,3511300,Cedral,29657.671,116476.978,146031.126,53477.38,393438.411,42096.98,2565,3180,-615,,,,,,235.0,7.538072077055028,29.60488217303216,37.116641872569986,13.592312927473671,12618,203.2810271041369,252.02092249167856,-48.73989538754161,455.3019495958155,,,,18.624187668410205,67.36408305595181,Serviços
2021,3511300,Cedral,37045.843,172293.312,187027.413,54598.596,533104.147,56401.2,4479,4244,235,35.49875459414662,33.97920705950877,-615.0,2565.0,3180.0,-65.0,6.949081752312837,32.318884212318835,35.08271583563577,10.241637831416082,12618,354.9690917736567,336.3449041052465,18.624187668410205,691.3139958789031,-48.73989538754161,203.2810271041369,252.02092249167856,-5.151371057219844,-23.77555872563005,Serviços
2020,3511409,Cerqueira César,108894.469,210120.385,347125.36,92768.444,827673.229,40992.19,1633,1455,178,,,,,,108.0,13.156698221539312,25.386877047342555,41.93990428075087,11.20834174038508,21469,76.06316083655504,67.77213656900648,8.29102426754856,143.8352974055615,,,,5.030509106153057,-3.260515161395502,Serviços
2021,3511409,Cerqueira César,107438.999,239459.606,417797.78,93132.469,956913.985,46928.25,2119,2011,108,15.614949411393852,14.480953567008736,178.0,1633.0,1455.0,214.0,11.227654803268445,25.02415156990312,43.66095454232493,9.732585212452506,21469,98.7004518142438,93.66994270809072,5.030509106153057,192.37039452233452,8.29102426754856,76.06316083655504,67.77213656900648,9.967860636266243,4.937351530113188,Serviços
2020,3511508,Cerquilho,66203.936,549142.417,857484.49,203779.073,1973322.501,39623.36,4352,4126,226,,,,,,892.0,3.354947605698031,27.828315783239532,43.453844445875504,10.326698899786175,44695,97.3710705895514,92.3145765745609,5.056494014990491,189.6856471641123,,,,19.95748965208636,14.900995637095871,Serviços
2021,3511508,Cerquilho,75194.103,742604.22,931036.135,215221.715,2343905.897,46293.89,5755,4863,892,18.77966707480421,16.834841871057883,226.0,4352.0,4126.0,208.0,3.208068339955203,31.682339335827013,39.721566304843854,9.182182410798381,44695,128.7616064436738,108.80411679158745,19.95748965208636,237.5657232352612,5.056494014990491,97.3710705895514,92.3145765745609,4.653764403177089,-15.303725248909274,Serviços
2020,3511607,Cesário Lange,51013.665,95524.157,250297.769,82329.959,524250.453,28530.64,1525,1418,107,,,,,,1976.0,9.730781291284837,18.221091932942976,47.74392994182115,15.704318142000728,19048,80.06089878202435,74.4435111297774,5.617387652246955,154.50440991180176,,,,103.73792524149516,98.1205375892482,Serviços
2021,3511607,Cesário Lange,62225.298,88444.887,445274.14,90871.279,740569.082,39826.25,3812,1836,1976,41.262459147555575,39.59115533335389,107.0,1525.0,1418.0,1776.0,8.402362387578044,11.942827367454154,60.12594244381376,12.270466214251163,19048,200.1259974800504,96.38807223855522,103.73792524149516,296.5140697186056,5.617387652246955,80.06089878202435,74.4435111297774,93.23813523729524,-10.499790004199909,Serviços
2020,3511706,Charqueada,20605.376,126973.716,170882.208,70457.232,431577.631,24850.44,972,996,-24,,,,,,142.0,4.774430952840556,29.42082881028651,39.594778720123244,16.325505989906137,15535,62.56839394914708,64.11329256517541,-1.5448986160283231,126.6816865143225,,,,9.140650144834243,10.685548760862568,Serviços
2021,3511706,Charqueada,21621.043,174764.359,187873.344,74413.247,515122.578,29370.12,1286,1144,142,19.358034568756423,18.18752504985828,-24.0,972.0,996.0,146.0,4.197261763199205,33.92675189632243,36.47158016824493,14.445735865221579,15535,82.78081750885099,73.64016736401673,9.140650144834243,156.4209848728677,-1.5448986160283231,62.56839394914708,64.11329256517541,9.398133247505632,0.2574831026713866,Serviços
2020,3511904,Clementina,22596.242,8944.766,61735.446,37761.361,138236.694,15785.85,501,348,153,,,,,,16.0,16.34605208368192,6.470616260542227,44.65923208493398,27.316452605557828,6982,71.75594385562877,49.84245201947866,21.9134918361501,121.5983958751074,,,,2.2916069894013176,-19.621884846748785,Serviços
2021,3511904,Clementina,29694.728,23717.113,77579.417,42157.702,186410.592,20959.14,329,313,16,34.848849900880886,32.77169110310816,153.0,501.0,348.0,41.0,15.929742876413375,12.723050093634164,41.617494031669615,22.61550781406241,6982,47.121168719564594,44.82956173016328,2.2916069894013176,91.95073044972789,21.9134918361501,71.75594385562877,49.84245201947866,5.872242910340876,3.580635920939559,Serviços
2020,3512001,Colina,81200.508,386682.747,518183.241,109669.432,1238365.701,66812.28,2063,2031,32,,,,,,651.0,6.557070171955612,31.225246846529064,41.84412089107109,8.855981065321835,18486,111.59796602834578,109.86692632262252,1.73103970572325,221.4648923509683,,,,35.21583901330737,33.48479930758412,Serviços
2021,3512001,Colina,81769.326,459502.574,687096.536,112413.987,1541673.004,82881.19,3115,2464,651,24.49254713329629,24.05083317018968,32.0,2063.0,2031.0,978.0,5.303934478183288,29.80544984622433,44.56824074996905,7.291688101713688,18486,168.50589635399763,133.29005734069025,35.21583901330737,301.79595369468785,1.73103970572325,111.59796602834578,109.86692632262252,52.90490100616683,17.689061992859465,Serviços
2020,3512100,Colômbia,133523.97,74189.902,93002.627,49951.269,376083.017,60502.42,2531,3772,-1241,,,,,,85.0,35.50385525651109,19.72700139235482,24.729281248028276,13.281979441257247,6629,381.80721074068487,569.0149343792427,-187.20772363855784,950.8221451199277,,,,12.822446824558758,200.0301704631166,Agropecuária
2021,3512100,Colômbia,113624.842,80643.52,94802.617,53138.69,373218.645,59974.07,2782,2697,85,-0.7616329029821567,-0.8732708542897982,-1241.0,2531.0,3772.0,92.0,30.44457813730072,21.607580725234133,25.40136144591597,14.237951590012338,6629,419.67114195202896,406.8486951274702,12.822446824558758,826.5198370794992,-187.20772363855784,381.80721074068487,569.0149343792427,13.878413033640063,1.055966209081307,Agropecuária
2020,3512209,Conchal,53784.631,233397.06,347715.903,131435.972,856783.314,30303.94,2753,2458,295,,,,,,72.0,6.277506823621451,27.24108373567135,40.58387894795066,15.340631622057943,28101,97.96804384185616,87.47019679014981,10.497847051706346,185.438240632006,,,,2.562186399060532,-7.935660652645814,Serviços
2021,3512209,Conchal,46361.614,238864.193,349403.836,126418.659,859274.273,30159.5,2638,2566,72,0.2907338365835565,-0.4766376913365011,295.0,2753.0,2458.0,-42.0,5.395438389902778,27.79836432970919,40.66266697129428,14.71225928348026,28101,93.87566278780116,91.3134763887406,2.562186399060532,185.18913917654172,10.497847051706346,97.96804384185616,87.47019679014981,-1.49460873278531,-4.056795131845842,Serviços
2020,3512308,Conchas,70653.582,26029.455,178386.103,85024.74,384550.394,21341.38,929,1137,-208,,,,,,196.0,18.37303591476752,6.768802062389774,46.388225258195945,22.11016847898484,15232,60.99002100840336,74.64548319327731,-13.655462184873947,135.63550420168067,,,,12.867647058823527,26.52310924369748,Serviços
2021,3512308,Conchas,86114.502,32691.414,188775.724,93455.353,432993.289,23872.16,1367,1171,196,12.59728133317164,11.858558350022342,-208.0,929.0,1137.0,117.0,19.88818399446371,7.5500971563556964,43.59784061225946,21.583556922056594,15232,89.7452731092437,76.87762605042018,12.867647058823527,166.62289915966386,-13.655462184873947,60.99002100840336,74.64548319327731,7.681197478991597,-5.186449579831932,Serviços
2020,3512407,Cordeirópolis,54560.78,944122.446,1740542.782,179780.548,3419941.328,137756.44,3912,3527,385,,,,,,750.0,1.59537181393423,27.606393076694324,50.89393691493177,5.256831353452974,24514,159.58227951374724,143.87696826303338,15.705311250713876,303.4592477767806,,,,30.594762176715346,14.88945092600147,Serviços
2021,3512407,Cordeirópolis,60273.844,1298662.354,1915957.766,197078.759,4107826.495,163554.17,5160,4410,750,20.1139464401946,18.727059148741063,385.0,3912.0,3527.0,235.0,1.4672928390077973,31.61434290325351,46.641642930442224,4.797640777668726,24514,210.4919637758016,179.89720159908623,30.594762176715346,390.3891653748879,15.705311250713876,159.58227951374724,143.87696826303338,9.586358815370808,-21.008403361344534,Serviços
2020,3512506,Coroados,64251.078,28847.419,64229.438,29268.317,199835.587,32604.93,370,245,125,,,,,,-13.0,32.151970009225636,14.435576482180826,32.14114110716426,14.64619862727453,5400,68.51851851851852,45.37037037037037,23.148148148148145,113.88888888888889,,,,-2.4074074074074074,-25.555555555555557,Agropecuária
2021,3512506,Coroados,63907.789,37004.816,68661.543,30611.128,218777.214,35303.73,430,443,-13,9.47860552985491,8.277275859816303,125.0,370.0,245.0,158.0,29.211355164253987,16.914383049050073,31.38422952949753,13.991917823763858,5400,79.62962962962963,82.03703703703704,-2.4074074074074074,161.66666666666666,23.148148148148145,68.51851851851852,45.37037037037037,29.25925925925926,31.666666666666668,Serviços
2020,3512605,Coronel Macedo,55233.363,9434.782,30126.158,28565.154,127041.376,27409.14,183,198,-15,,,,,,55.0,43.47667251337076,7.426542672207832,23.713658454077198,22.48492176281214,4280,42.7570093457944,46.26168224299065,-3.504672897196261,89.01869158878505,,,,12.850467289719626,16.35514018691589,Agropecuária
2021,3512605,Coronel Macedo,65678.684,10818.532,31399.016,28508.377,141157.631,30746.6,369,314,55,11.111541329653107,12.176449169875458,-15.0,183.0,198.0,91.0,46.528610273999284,7.664149591742582,22.243938055321998,20.196128822819365,4280,86.21495327102805,73.36448598130842,12.850467289719626,159.57943925233644,-3.504672897196261,42.7570093457944,46.26168224299065,21.261682242990656,8.41121495327103,Agropecuária
2020,3512704,Corumbataí,28398.696,13358.775,158361.09,29656.325,272105.333,66955.05,313,290,23,,,,,,63.0,10.436655425639895,4.909413149943666,58.198451406316245,10.898840045887672,4195,74.61263408820024,69.12991656734208,5.482717520858165,143.74255065554232,,,,15.01787842669845,9.535160905840286,Serviços
2021,3512704,Corumbataí,38854.123,19007.579,200435.336,31662.99,345025.593,84731.24,387,324,63,26.79854128401078,26.54943876526117,23.0,313.0,290.0,33.0,11.261229250318252,5.509034513854165,58.09288935850043,9.176997487255969,4195,92.25268176400476,77.23480333730632,15.01787842669845,169.48748510131108,5.482717520858165,74.61263408820024,69.12991656734208,7.866507747318237,-7.151370679380213,Serviços
2020,3512803,Cosmópolis,22310.354,656019.339,778888.526,307542.838,1960247.963,26679.48,3672,3617,55,,,,,,164.0,1.1381393793597325,33.46614057927732,39.73418366970138,15.688976282843866,59773,61.43241931975975,60.51227142689843,0.9201478928613251,121.94469074665818,,,,2.7437137168955887,1.8235658240342636,Serviços
2021,3512803,Cosmópolis,26685.294,652548.775,827086.144,332129.065,2109639.73,28255.87,4589,4425,164,7.621064774446595,5.908623406453195,55.0,3672.0,3617.0,471.0,1.2649218546903267,30.93176364288513,39.20508948700923,15.743402073680135,59773,76.77379418801131,74.03008047111572,2.7437137168955887,150.80387465912705,0.9201478928613251,61.43241931975975,60.51227142689843,7.879811955230623,5.136098238335034,Serviços
2020,3512902,Cosmorama,68764.447,107086.709,129432.845,40040.254,401036.267,54951.53,1106,785,321,,,,,,110.0,17.146690376509017,26.702499951207653,32.27459849659931,9.98419776334094,8719,126.84940933593305,90.03326069503385,36.81614864089919,216.8826700309669,,,,12.616125702488818,-24.20002293841037,Serviços
2021,3512902,Cosmorama,86572.891,139844.676,145772.939,41587.71,506809.049,69530.67,810,700,110,26.37486698927407,26.530908238587724,321.0,1106.0,785.0,-121.0,17.081954469996056,27.593168724183535,28.762891919082527,8.205794683827754,8719,92.90056199105402,80.2844362885652,12.616125702488818,173.18499827961924,36.81614864089919,126.84940933593305,90.03326069503385,-13.8777382727377,-26.49386397522652,Serviços
2020,3513009,Cotia,32464.608,3302719.434,6792401.759,1075677.123,14096442.452,55583.59,28148,27174,974,,,,,,8438.0,0.2303035543226293,23.429453532308862,48.18521965473846,7.630841091025651,274413,102.5753153094059,99.02592078363634,3.5493945257695514,201.60123609304225,,,,30.74927208259084,27.19987755682129,Serviços
2021,3513009,Cotia,31267.793,3684979.104,7573010.285,1172265.337,16114164.611,62486.58,39704,31266,8438,14.313697699760583,12.419115066155316,974.0,28148.0,27174.0,2191.0,0.1940391807755004,22.867949986588354,46.99598438897938,7.274750912000598,274413,144.6870228451276,113.93775076253677,30.74927208259084,258.62477360766434,3.5493945257695514,102.5753153094059,99.02592078363634,7.984315611869699,-22.76495647072114,Serviços
2020,3513108,Cravinhos,65206.912,348236.852,634861.525,151987.07,1422344.465,39977.08,3198,2640,558,,,,,,756.0,4.584466956111085,24.483299268858897,44.634864522779296,10.68567240496134,33281,96.09086265436736,79.32453952705748,16.766323127309878,175.41540218142484,,,,22.715663591839185,5.949340464529307,Serviços
2021,3513108,Cravinhos,65544.974,463804.461,745529.014,165770.606,1753136.873,48891.09,4202,3446,756,23.25684221648796,22.29780164033989,558.0,3198.0,2640.0,811.0,3.7387254246634063,26.455690262582255,42.52543115611031,9.455656803129713,33281,126.25822541389984,103.54256182206063,22.715663591839185,229.80078723596048,16.766323127309878,96.09086265436736,79.32453952705748,24.36825816531955,1.6525945734803642,Serviços
2020,3513207,Cristais Paulista,111706.244,18725.795,96688.43,41151.658,280066.072,32125.04,493,415,78,,,,,,101.0,39.88567526308578,6.686206174948603,34.52343559843978,14.693553455486033,9272,53.17083692838654,44.75841242450388,8.412424503882658,97.92924935289042,,,,10.893011216566006,2.480586712683348,Agropecuária
2021,3513207,Cristais Paulista,154882.564,23523.988,107863.405,43540.115,346565.911,39369.07,693,592,101,23.74433951428434,22.54948165045085,78.0,493.0,415.0,77.0,44.69065164346184,6.787738566705137,31.123489522891933,12.563299972108336,9272,74.74115616911129,63.8481449525453,10.893011216566006,138.5893011216566,8.412424503882658,53.17083692838654,44.75841242450388,8.304572907679034,-2.588438308886971,Agropecuária
2020,3513306,Cruzália,26676.938,4100.362,75084.96,16608.013,137530.3,67219.11,31,25,6,,,,,,12.0,19.397135031334916,2.9814244570105646,54.595212836734895,12.075893821216125,2108,14.705882352941176,11.859582542694495,2.846299810246679,26.565464895635674,,,,5.692599620493358,2.846299810246679,Serviços
2021,3513306,Cruzália,23109.825,5099.345,76365.574,17065.842,137663.972,68116.76,43,31,12,0.0971945818485142,1.3354089335607,6.0,31.0,25.0,5.0,16.787126409515484,3.7041972027365295,55.47244706843123,12.396738051405345,2108,20.39848197343453,14.705882352941176,5.692599620493358,35.10436432637571,2.846299810246679,14.705882352941176,11.859582542694495,2.371916508538899,-3.3206831119544598,Serviços
2020,3513405,Cruzeiro,10797.846,785495.808,1224099.632,336546.318,2736019.227,33135.35,3219,3175,44,,,,,,1241.0,0.3946553406293003,28.709440352189453,44.740169218116385,12.300583076275291,74961,42.94233001160604,42.3553581195555,0.586971892050533,85.29768813116154,,,,16.555275409879805,15.968303517829272,Serviços
2021,3513405,Cruzeiro,12249.688,964748.265,1342170.473,358803.137,3182372.784,38390.41,5078,3837,1241,16.313977350569253,15.859376768315414,44.0,3219.0,3175.0,568.0,0.38492310082551284,30.315375679758834,42.17514930205613,11.274704799008864,74961,67.74189245074105,51.18661704086125,16.555275409879805,118.9285094916023,0.586971892050533,42.94233001160604,42.3553581195555,7.577273515561425,-8.97800189431838,Serviços
2020,3513504,Cubatão,1202.951,8615141.868,4706235.705,800587.129,16070333.378,122090.87,6694,8000,-1306,,,,,,1686.0,0.007485538549230214,53.608980382410586,29.2852400401522,4.981770509477976,112476,59.514918738219706,71.12628471851772,-11.611365980298018,130.64120345673743,,,,14.989864504427612,26.60123048472563,Indústria
2021,3513504,Cubatão,1326.057,12465419.7,5836351.934,796868.344,21946471.662,165607.5,9536,7850,1686,36.56512995582486,35.64282079405283,-1306.0,6694.0,8000.0,1222.0,0.00604223321371539,56.79919711916014,26.59357742732541,3.6309633560813612,112476,84.78253138447313,69.79266688004553,14.989864504427612,154.57519826451866,-11.611365980298018,59.514918738219706,71.12628471851772,10.864539990753585,-4.125324513674029,Indústria
2020,3513603,Cunha,36964.542,15080.539,140500.64,93549.502,296896.194,13835.51,381,414,-33,,,,,,90.0,12.450325314712522,5.079397885444096,47.323152953587545,31.50916175099233,22110,17.23202170963365,18.724559023066483,-1.492537313432836,35.95658073270014,,,,4.07055630936228,5.563093622795115,Serviços
2021,3513603,Cunha,46491.364,15695.85,150424.248,98788.033,326362.259,15269.84,555,465,90,9.92470284075113,10.367019358158824,-33.0,381.0,414.0,228.0,14.245324855408603,4.809333667469191,46.09118972914082,30.269441479751492,22110,25.101763907734057,21.03120759837178,4.07055630936228,46.13297150610583,-1.492537313432836,17.23202170963365,18.724559023066483,10.312075983717774,6.241519674355494,Serviços
2020,3513702,Descalvado,142002.54,538788.466,750788.525,165712.998,1856375.469,54744.19,3044,2652,392,,,,,,412.0,7.6494514375636795,29.023679476341968,40.44378615951211,8.926696175815497,31756,95.85590124700845,83.5117773019272,12.344123945081243,179.36767854893563,,,,12.973926187177227,0.6298022420959821,Serviços
2021,3513702,Descalvado,154764.39,606766.077,817834.082,176024.596,2081161.879,61036.51,4137,3725,412,12.10888711652114,11.494041650812626,392.0,3044.0,2652.0,477.0,7.436441708915235,29.155160063356135,39.29699511856185,8.4579963613681,31756,130.27459377755386,117.30066759037662,12.973926187177227,247.5752613679305,12.344123945081243,95.85590124700845,83.5117773019272,15.020783473989166,2.046857286811939,Serviços
2020,3513801,Diadema,1022.509,3830849.669,6842887.97,1736515.129,14977054.783,35095.04,22739,25280,-2541,,,,,,4945.0,0.006827170059901356,25.57812416729811,45.689142953307176,11.5945034197983,393237,57.82517921762194,64.28693129079919,-6.461752073177244,122.11211050842114,,,,12.575113735482674,19.03686580865992,Serviços
2021,3513801,Diadema,1127.148,5202146.679,7914093.828,1829677.772,18484355.533,43031.91,32353,27408,4945,23.41782680785165,22.61536103107449,-2541.0,22739.0,25280.0,2800.0,0.006097848518373875,28.143511250433594,42.815092005079755,9.898520771976543,393237,82.27353987544407,69.6984261399614,12.575113735482674,151.97196601540546,-6.461752073177244,57.82517921762194,64.28693129079919,7.120387959423961,-5.454725776058713,Serviços
2020,3513850,Dirce Reis,8482.643,18813.368,18705.83,13222.466,65160.187,36220.23,12,22,-10,,,,,,3.0,13.018137900678523,28.872489270173517,28.707452911392046,20.292246859266992,1620,7.407407407407407,13.580246913580249,-6.172839506172839,20.98765432098765,,,,1.851851851851852,8.024691358024691,Indústria
2021,3513850,Dirce Reis,9389.9,21193.812,18683.787,13520.937,69826.774,38685.19,21,18,3,7.161715174328776,6.805478595801295,-10.0,12.0,22.0,-5.0,13.447420612614868,30.351985042299106,26.75733952709887,19.363542414260753,1620,12.962962962962962,11.11111111111111,1.851851851851852,24.074074074074076,-6.172839506172839,7.407407407407407,13.580246913580249,-3.08641975308642,-4.938271604938271,Indústria
2020,3513900,Divinolândia,84040.019,15185.035,176184.929,48657.685,340494.291,30713.9,461,484,-23,,,,,,304.0,24.68177036190013,4.459703261221493,51.743871676250805,14.290308614895395,11158,41.31564796558524,43.37694927406345,-2.061301308478222,84.69259723964869,,,,27.245025990320844,29.306327298799065,Serviços
2021,3513900,Divinolândia,164414.276,18570.639,232712.139,51368.66,491457.375,44568.55,951,647,304,44.33645085696898,45.10872927241412,-23.0,461.0,484.0,150.0,33.454432543615816,3.778687622705835,47.351438972708465,10.452312369918145,11158,85.23032801577344,57.98530202545259,27.245025990320844,143.21563004122604,-2.061301308478222,41.31564796558524,43.37694927406345,13.443269403118835,-13.801756587202007,Serviços
2020,3514007,Dobrada,22881.64,14008.502,44900.622,39989.823,131223.972,14564.26,564,529,35,,,,,,95.0,17.43708840028101,10.675261376785636,34.21678319568013,30.474479922006932,8759,64.39091220458957,60.39502226281539,3.995889941774175,124.78593446740494,,,,10.845986984815616,6.850097043041442,Serviços
2021,3514007,Dobrada,15060.78,20855.94,47907.212,42454.53,138926.575,15286.82,686,591,95,5.869813939178736,4.961185806899904,35.0,564.0,529.0,16.0,10.840820051887121,15.012203388732498,34.48383579599511,30.55896972915369,8759,78.31944285877383,67.47345587395822,10.845986984815616,145.79289873273206,3.995889941774175,64.39091220458957,60.39502226281539,1.826692544811052,-9.019294440004566,Serviços
2020,3514106,Dois Córregos,106115.602,128783.454,328095.648,118783.568,758432.852,27567.35,2224,2150,74,,,,,,112.0,13.991430054772996,16.980205124342373,43.25968306024803,15.661711868989558,24510,90.73847409220728,87.71929824561403,3.0191758465932272,178.4577723378213,,,,4.569563443492452,1.550387596899225,Serviços
2021,3514106,Dois Córregos,111840.072,150386.967,343848.172,124245.704,835299.134,30150.85,2452,2340,112,10.134882975770676,9.371593569929647,74.0,2224.0,2150.0,174.0,13.389223985475843,18.003965391397138,41.16467478583547,14.874396362058242,24510,100.04079967360262,95.47123623011016,4.569563443492452,195.5120359037128,3.0191758465932272,90.73847409220728,87.71929824561403,7.099143206854345,2.529579763361893,Serviços
2020,3514205,Dolcinópolis,12209.558,2646.599,19232.648,16130.34,51745.342,24500.64,17,39,-22,,,,,,24.0,23.595472612781265,5.114661335120754,37.16788266661761,31.172544960665256,2207,7.702763932940644,17.671046669687357,-9.968282736746714,25.373810602628,,,,10.874490258269145,20.842772995015856,Serviços
2021,3514205,Dolcinópolis,17233.571,2883.359,20071.677,16784.083,58946.794,27963.37,64,40,24,13.917101949002486,14.13322264234731,-22.0,17.0,39.0,-20.0,29.235807124641926,4.891460254818948,34.050498149229284,28.473275408328398,2207,28.99864068871772,18.124150430448573,10.874490258269145,47.12279111916629,-9.968282736746714,7.702763932940644,17.671046669687357,-9.062075215224286,-19.93656547349343,Serviços
2020,3514304,Dourado,27870.692,237944.387,195233.777,47527.64,648985.656,73100.43,1038,729,309,,,,,,251.0,4.294500462734419,36.66404408173853,30.08291095419835,7.323372952945512,8096,128.2114624505929,90.04446640316205,38.16699604743083,218.2559288537549,,,,31.002964426877472,-7.164031620553356,Indústria
2021,3514304,Dourado,28552.622,314882.638,231733.8,49515.301,802299.144,90318.49,1067,816,251,23.623555710759803,23.55397909424064,309.0,1038.0,729.0,164.0,3.5588498646086055,39.247535081503216,28.883715224305412,6.171675661167102,8096,131.79347826086956,100.7905138339921,31.002964426877472,232.58399209486169,38.16699604743083,128.2114624505929,90.04446640316205,20.256916996047437,-10.74604743083004,Indústria
2020,3514403,Dracena,47064.309,203797.716,815981.007,191198.625,1359698.524,28903.31,5298,4212,1086,,,,,,2341.0,3.461378251816062,14.988448718798491,60.01190650700449,14.06183956407678,45474,116.50613537405992,92.62435677530016,23.88177859875973,209.1304921493601,,,,51.4799665743062,27.598187975546463,Serviços
2021,3514403,Dracena,53745.88,200347.816,865879.916,194977.933,1444977.941,30557.62,8394,6053,2341,6.271935689767672,5.723600514958305,1086.0,5298.0,4212.0,1041.0,3.7194948431396155,13.86511242250168,59.92340031161763,13.493488548694735,45474,184.58899590975065,133.10902933544443,51.4799665743062,317.6980252451951,23.88177859875973,116.50613537405992,92.62435677530016,22.89220213748516,-28.58776443682104,Serviços
2020,3514502,Duartina,18209.071,30243.639,135038.346,59537.663,257237.436,20689.89,568,720,-152,,,,,,114.0,7.0787017951772775,11.757090830278685,52.495604100174596,23.14502271745548,12328,46.07397793640494,58.40363400389358,-12.329656067488644,104.4776119402985,,,,9.247242050616482,21.576898118105127,Serviços
2021,3514502,Duartina,16210.505,27923.342,130967.207,60937.279,252625.675,20338.59,815,701,114,-1.7928032061398702,-1.69793072848623,-152.0,568.0,720.0,185.0,6.416808188637201,11.05324785376625,51.84239765019926,24.121569986898603,12328,66.10966904607398,56.8624269954575,9.247242050616482,122.97209604153149,-12.329656067488644,46.07397793640494,58.40363400389358,15.006489292667098,5.759247242050616,Serviços
2020,3514601,Dumont,25612.263,49042.228,125208.973,48169.676,283316.43,28266.63,598,524,74,,,,,,126.0,9.040161560697344,17.310054344536248,44.19403879965592,17.00207644152512,9471,63.14011192059972,55.32678703410411,7.813324886495618,118.46689895470384,,,,13.303769401330378,5.49044451483476,Serviços
2021,3514601,Dumont,29209.02,58643.683,154247.591,50164.566,342331.605,33647.69,782,656,126,20.8301279950478,19.03679356187844,74.0,598.0,524.0,125.0,8.532376086046744,17.130665747324148,45.057946373370925,14.65379335921964,9471,82.56783866539965,69.26406926406926,13.303769401330378,151.8319079294689,7.813324886495618,63.14011192059972,55.32678703410411,13.198183929891249,-0.1055854714391291,Serviços
2020,3514700,Echaporã,34813.546,7365.678,55089.143,31257.22,135389.107,22326.7,64,50,14,,,,,,11.0,25.713697926968383,5.440377119852043,40.689494318032544,23.08695336915104,6205,10.31426269137792,8.058017727639,2.2562449637389204,18.372280419016924,,,,1.7727639000805804,-0.48348106365834,Serviços
2021,3514700,Echaporã,34664.062,7770.564,66839.921,32686.551,152431.541,25295.64,109,98,11,12.58774385741388,13.297710812614485,14.0,64.0,50.0,149.0,22.740741038627956,5.097740237369903,43.8491407759238,21.44343013628656,6205,17.566478646253024,15.79371474617244,1.7727639000805804,33.360193392425465,2.2562449637389204,10.31426269137792,8.058017727639,24.012892828364222,22.24012892828364,Serviços
2020,3514809,Eldorado,145659.02,13046.553,86590.639,70972.329,323539.242,20814.41,344,338,6,,,,,,43.0,45.0205109895139,4.032448403894078,26.763566133347123,21.936235172362796,13069,26.32183028540822,25.86272859438365,0.4591016910245619,52.18455887979188,,,,3.2902287856760277,2.8311270946514653,Agropecuária
2021,3514809,Eldorado,146214.404,12950.934,86045.306,74408.078,329349.074,21122.95,661,618,43,1.7957116929883776,1.4823384376496884,6.0,344.0,338.0,200.0,44.3949643532321,3.9322818924944047,26.12586850631315,22.592466132150104,13069,50.57770296120591,47.28747417552988,3.2902287856760277,97.86517713673578,0.4591016910245619,26.32183028540822,25.86272859438365,15.303389700818732,12.013160915142706,Agropecuária
2020,3514908,Elias Fausto,108679.836,311042.5,272536.985,90853.509,882745.92,49216.43,2743,2561,182,,,,,,-348.0,12.311564804513624,35.2357901580559,30.873774528462278,10.292147144673294,17699,154.98050737329794,144.69744053336348,10.28306683993446,299.6779479066614,,,,-19.662127803830725,-29.945194643765184,Indústria
2021,3514908,Elias Fausto,101618.804,371413.346,300563.399,96498.853,1004655.097,55521.14,3081,3429,-348,13.81022265160965,12.810173350647336,182.0,2743.0,2561.0,472.0,10.114795047916829,36.96923920548228,29.917073023121286,9.605172291282368,17699,174.0776315046048,193.7397593084355,-19.662127803830725,367.8173908130403,10.28306683993446,154.98050737329794,144.69744053336348,26.66817334312673,46.33030114695745,Indústria
2020,3514924,Elisiário,13826.027,3005.294,27011.675,20783.519,67639.523,18295.79,165,151,14,,,,,,22.0,20.440751777625636,4.44310347960319,39.93475087043414,30.726885817926302,3138,52.5812619502868,48.11982154238369,4.461440407903123,100.70108349267048,,,,7.010834926704908,2.549394518801784,Serviços
2021,3514924,Elisiário,15319.978,2722.802,29479.387,24234.917,76050.806,20323.57,240,218,22,12.43545582070411,11.083314795370946,14.0,165.0,151.0,97.0,20.144399258569333,3.5802408195384547,38.76275420407773,31.86674576466685,3138,76.48183556405354,69.47100063734862,7.010834926704908,145.95283620140216,4.461440407903123,52.5812619502868,48.11982154238369,30.91140854047164,23.90057361376673,Serviços
2020,3514957,Embaúba,16241.293,6496.191,18327.265,17427.196,60210.793,24585.87,30,63,-33,,,,,,19.0,26.974055963687444,10.789080622140286,30.438504604980043,28.94364138336461,2323,12.914334911752045,27.12010331467929,-14.20576840292725,40.03443822643134,,,,8.179078777442962,22.38484718037021,Serviços
2021,3514957,Embaúba,11552.23,6253.928,19026.534,18326.03,57200.22,23385.21,52,33,19,-5.000055388740677,-4.883536763189589,-33.0,30.0,63.0,23.0,20.19612861628854,10.933398507907837,33.26304339388904,32.03839076143413,2323,22.38484718037021,14.20576840292725,8.179078777442962,36.590615583297456,-14.20576840292725,12.914334911752045,27.12010331467929,9.9009900990099,1.7219113215669388,Serviços
2020,3515004,Embu das Artes,360.885,1680616.987,8459681.176,1048105.258,14019716.026,50697.8,14192,13680,512,,,,,,3301.0,0.0025741248919074217,11.98752516729471,60.34131618865359,7.475937858200951,250691,56.61152574284677,54.56917081187598,2.042354930970797,111.18069655472274,,,,13.167604740497266,11.12524980952647,Serviços
2021,3515004,Embu das Artes,397.817,1790455.934,8506889.409,1099631.667,14314753.758,51258.86,18280,14979,3301,2.104448702476147,1.1066752403457336,512.0,14192.0,13680.0,2435.0,0.0027790698095499855,12.507766212879343,59.42742399076063,7.681806376763242,250691,72.91845339481672,59.75084865431946,13.167604740497266,132.66930204913618,2.042354930970797,56.61152574284677,54.56917081187598,9.71315284553494,-3.4544518949623253,Serviços
2020,3515103,Embu-Guaçu,2833.321,244843.848,578716.507,284351.53,1234334.262,17658.32,2303,2176,127,,,,,,11.0,0.22954244139745023,19.836105626953746,46.88490993212015,23.03683359961696,66970,34.38853217858743,32.49216066895625,1.8963715096311784,66.88069284754368,,,,0.1642526504404957,-1.7321188591906824,Serviços
2021,3515103,Embu-Guaçu,2757.21,279476.507,590362.95,317595.864,1456125.367,20683.01,2560,2549,11,17.96847999994997,17.12897942726148,127.0,2303.0,2176.0,255.0,0.18935251472753167,19.19316243873938,40.54341496819758,21.811024737130342,66970,38.22607137524264,38.06181872480215,0.1642526504404957,76.2878901000448,1.8963715096311784,34.38853217858743,32.49216066895625,3.807675078393311,3.643422427952815,Serviços
2020,3515129,Emilianópolis,19963.774,5737.109,21337.803,21609.072,70434.425,21826.6,47,36,11,,,,,,25.0,28.343773658974285,8.145319564971249,30.294565477037683,30.67970243243982,3014,15.59389515593895,11.9442601194426,3.6496350364963503,27.538155275381552,,,,8.29462508294625,4.6449900464499,Administração pública
2021,3515129,Emilianópolis,25690.611,5697.494,22514.839,22579.865,79174.834,24451.77,68,43,25,12.409285658255897,12.027388599232136,11.0,47.0,36.0,-29.0,32.44795056974796,7.196092132002449,28.436862905200407,28.518992537451993,3014,22.5613802256138,14.266755142667552,8.29462508294625,36.82813536828135,3.6496350364963503,15.59389515593895,11.9442601194426,-9.62176509621765,-17.9163901791639,Agropecuária
2020,3515152,Engenheiro Coelho,36855.861,76405.411,288907.266,94021.918,558098.501,26264.69,1280,1276,4,,,,,,125.0,6.6038272695521885,13.690309302586712,51.76635763800411,16.84683220462547,19566,65.41960543800471,65.21516917101093,0.2044362669937647,130.63477460901566,,,,6.388633343555147,6.184197076561382,Serviços
2021,3515152,Engenheiro Coelho,48387.995,130542.389,301599.581,96102.587,661053.173,30446.44,1432,1307,125,18.44740163528944,15.921566178774626,4.0,1280.0,1276.0,199.0,7.319834012807924,19.747638213060963,45.62410307044998,14.537799820832264,19566,73.18818358376777,66.79955024021261,6.388633343555147,139.9877338239804,0.2044362669937647,65.41960543800471,65.21516917101093,10.170704282939797,3.782070939384648,Serviços
2020,3515186,Espírito Santo do Pinhal,117569.058,426321.704,779585.696,182779.524,1673589.173,37633.27,4364,3556,808,,,,,,501.0,7.024965260097319,25.473497969384866,46.58166463891196,10.921409324867806,39816,109.6041792244324,89.31082981715893,20.293349407273457,198.9150090415913,,,,12.58288125376733,-7.710468153506127,Serviços
2021,3515186,Espírito Santo do Pinhal,174806.062,570660.663,907642.998,186864.551,2065823.762,46311.65,4252,3751,501,23.4367307896058,23.06039310429311,808.0,4364.0,3556.0,749.0,8.461809047581282,27.62387932102796,43.93612924276161,9.045522393405406,39816,106.7912397026321,94.2083584488648,12.58288125376733,200.99959815149688,20.293349407273457,109.6041792244324,89.31082981715893,18.811533052039383,6.228651798272054,Serviços
2020,3515194,Espírito Santo do Turvo,28377.912,4175.207,30887.091,27659.608,95015.459,19478.36,114,106,8,,,,,,-1.0,29.866626229738046,4.3942396784085425,32.50743755287232,29.110639774944413,4157,27.423622804907385,25.49915804666827,1.9244647582391148,52.92278085157565,,,,-0.2405580947798893,-2.1650228530190043,Serviços
2021,3515194,Espírito Santo do Turvo,24141.225,4027.772,30170.034,28650.882,91772.493,18630.23,149,150,-1,-3.41309302099988,-4.354216679432977,8.0,114.0,106.0,35.0,26.305512916599096,4.3888662804441845,32.87481140999406,31.219465728145796,4157,35.84315612220351,36.0837142169834,-0.2405580947798893,71.92687033918692,1.9244647582391148,27.423622804907385,25.49915804666827,8.419533317296127,8.660091412076016,Serviços
2020,3515202,Estrela d'Oeste,43603.17,269957.186,227573.299,41061.528,654236.842,77709.57,967,1131,-164,,,,,,158.0,6.6647377831406205,41.262914080891825,34.78454351551177,6.276248196979406,9417,102.68663056175002,120.1019432940427,-17.415312732292662,222.7885738557927,,,,16.778167144525856,34.193479876818515,Indústria
2021,3515202,Estrela d'Oeste,47013.073,322398.642,252573.626,40625.238,753257.368,89460.5,1127,969,158,15.135272067114824,15.121599566179556,-164.0,967.0,1131.0,330.0,6.241302773423385,42.80059587814081,33.530853693554576,5.3932745600438645,9417,119.67717956886484,102.89901242433896,16.778167144525856,222.57619199320376,-17.415312732292662,102.68663056175002,120.1019432940427,35.04300732717426,18.264840182648403,Indústria
2020,3515301,Estrela do Norte,26681.407,3198.284,17673.921,20386.457,69537.666,25103.85,13,14,-1,,,,,,28.0,38.369718937647406,4.599354830229706,25.416327605818694,29.317143028642924,2703,4.809470958194599,5.179430262671106,-0.3699593044765076,9.988901220865706,,,,10.358860525342212,10.72881982981872,Agropecuária
2021,3515301,Estrela do Norte,19267.693,2896.191,16302.326,20415.055,62446.432,22511.33,63,35,28,-10.197687681953536,-10.327180890580513,-1.0,13.0,14.0,40.0,30.854754039430144,4.637880671869291,26.10609682231324,32.69210801347305,2703,23.307436182019977,12.948575656677765,10.358860525342212,36.25601183869774,-0.3699593044765076,4.809470958194599,5.179430262671106,14.798372179060305,4.439511653718091,Administração pública
2020,3515350,Euclides da Cunha Paulista,32023.934,6213.29,44794.639,44462.077,131815.05,14135.66,66,64,2,,,,,,-15.0,24.29459610264534,4.713642334467878,33.98294731898976,33.73065291102951,7924,8.329126703685008,8.076728924785462,0.2523977788995457,16.40585562847047,,,,-1.8929833417465929,-2.1453811206461384,Serviços
2021,3515350,Euclides da Cunha Paulista,35911.63,6392.352,42975.678,45991.363,136498.422,14708.88,86,101,-15,3.552987310629563,4.055134319869036,2.0,66.0,64.0,-70.0,26.309190592694176,4.6830958968888305,31.484377160052446,33.693695741039406,7924,10.853104492680464,12.746087834427057,-1.8929833417465929,23.599192327107524,0.2523977788995457,8.329126703685008,8.076728924785462,-8.8339222614841,-6.940938919737507,Administração pública
2020,3515400,Fartura,79526.276,46831.992,205220.369,73786.804,429785.476,26744.58,1011,971,40,,,,,,41.0,18.503714164598712,10.896597166536171,47.749489096276484,17.168286999070208,16641,60.75356048314404,58.34985878252509,2.4037017006189534,119.10341926566912,,,,2.4637942431344277,0.0600925425154739,Serviços
2021,3515400,Fartura,97585.466,53953.657,214081.615,77777.763,473712.304,29419.47,1352,1311,41,10.22064040153836,10.001615280554033,40.0,1011.0,971.0,-18.0,20.600154392443223,11.38954098181921,45.19232732447667,16.418776194590883,16641,81.24511748092061,78.7813232377862,2.4637942431344277,160.0264407187068,2.4037017006189534,60.75356048314404,58.34985878252509,-1.081665765278529,-3.5454600084129564,Serviços
2020,3515509,Fernandópolis,87031.989,325402.259,1390719.837,305564.638,2296686.921,33092.52,6150,6197,-47,,,,,,789.0,3.789458119180886,14.168333351169895,60.55330503621569,13.30458388585912,71186,86.39339195909308,87.05363414154468,-0.6602421824516057,173.44702610063774,,,,11.083640041581209,11.743882224032816,Serviços
2021,3515509,Fernandópolis,83864.046,383335.299,1461339.829,321907.815,2468766.33,35430.06,8039,7250,789,7.4925061586136765,7.063650637666763,-47.0,6150.0,6197.0,658.0,3.397002178006859,15.527403073420883,59.193120516999265,13.039217648435766,71186,112.9295086112438,101.84586856966256,11.083640041581209,214.7753771809064,-0.6602421824516057,86.39339195909308,87.05363414154468,9.24339055432248,-1.8402494872587292,Serviços
2020,3515608,Fernando Prestes,83593.983,27873.505,71600.329,31315.527,225391.826,38900.9,531,435,96,,,,,,154.0,37.088293965017165,12.366688488516882,31.76704775442921,13.893816628469924,5942,89.36385055536857,73.2076741837765,16.156176371592057,162.57152473914508,,,,25.917199596095596,9.761023224503536,Agropecuária
2021,3515608,Fernando Prestes,61991.458,25277.382,70717.318,33580.899,205593.634,35416.65,783,629,154,-8.783899732016021,-8.95673364883589,96.0,531.0,435.0,51.0,30.15242096455185,12.294827183219107,34.39664770943248,16.33362782040226,5942,131.7738135307977,105.85661393470212,25.917199596095596,237.63042746549985,16.156176371592057,89.36385055536857,73.2076741837765,8.58296869740828,-17.334230898687313,Serviços
2020,3515657,Fernão,37322.447,3333.109,22874.62,14306.851,80517.112,46622.53,81,79,2,,,,,,11.0,46.353434782906774,4.139628107873516,28.40963794131116,17.76870859451591,1656,48.91304347826088,47.70531400966183,1.207729468599034,96.61835748792272,,,,6.642512077294686,5.434782608695652,Agropecuária
2021,3515657,Fernão,36213.35,3402.017,23174.42,14526.132,80954.108,46552.1,193,182,11,0.5427368035753721,-0.1510643030311786,2.0,81.0,79.0,13.0,44.733183892286235,4.202401933698041,28.62661398233182,17.94366259955579,1656,116.54589371980676,109.90338164251207,6.642512077294686,226.44927536231884,1.207729468599034,48.91304347826088,47.70531400966183,7.85024154589372,1.207729468599034,Agropecuária
2020,3515707,Ferraz de Vasconcelos,3118.984,1114919.4,1740307.263,688312.16,3958784.597,20146.49,5398,5344,54,,,,,,914.0,0.07878640334115657,28.16317414301589,43.960645505158816,17.386956605863546,179198,30.123104052500587,29.821761403587093,0.3013426489134923,59.94486545608768,,,,5.100503353832074,4.799160704918581,Serviços
2021,3515707,Ferraz de Vasconcelos,3345.067,1554618.945,1877666.314,721054.293,4740673.305,23863.13,7227,6313,914,19.75072623533296,18.44807705957712,54.0,5398.0,5344.0,164.0,0.07056101074233379,32.793209845536914,39.607587218035476,15.209955350424636,179198,40.32969117958906,35.22918782575699,5.100503353832074,75.55887900534604,0.3013426489134923,30.123104052500587,29.821761403587093,0.9151887855891248,-4.185314568242949,Serviços
2020,3515806,Flora Rica,12748.539,1680.17,11384.167,12861.179,39603.178,27694.53,11,47,-36,,,,,,20.0,32.19069691831297,4.2425130629668155,28.745589558494522,32.47511853720426,1487,7.397444519166107,31.60726294552791,-24.2098184263618,39.004707464694015,,,,13.449899125756556,37.65971755211836,Administração pública
2021,3515806,Flora Rica,16114.754,1695.894,10249.123,13061.735,42156.144,30176.19,57,37,20,6.446366501193412,8.960830893320804,-36.0,11.0,47.0,21.0,38.22634726743509,4.022886912996597,24.312287670333415,30.984178723746652,1487,38.33221250840619,24.88231338264963,13.449899125756556,63.21452589105582,-24.2098184263618,7.397444519166107,31.60726294552791,14.122394082044384,0.672494956287828,Agropecuária
2020,3515905,Floreal,19234.258,4824.303,23317.156,19420.62,69305.342,23898.39,82,82,0,,,,,,-6.0,27.752922711210342,6.9609396054924595,33.64409629491475,28.021822617944803,2733,30.00365898280278,30.00365898280278,0.0,60.00731796560556,,,,-2.1953896816684964,-2.1953896816684964,Serviços
2021,3515905,Floreal,29772.115,4783.238,24273.516,19889.238,81886.09,28393.24,79,85,-6,18.152638219431893,18.808170759620225,0.0,82.0,82.0,12.0,36.35796384953782,5.841331537505333,29.643027283388424,24.288909141955614,2733,28.90596414196853,31.101353823637027,-2.1953896816684964,60.00731796560556,0.0,30.00365898280278,30.00365898280278,4.390779363336993,6.586169045005489,Agropecuária
2020,3516002,Flórida Paulista,44861.397,26156.396,99603.439,65314.287,246969.962,16698.44,584,461,123,,,,,,154.0,18.164717942500232,10.590921984269489,40.33018355487296,26.44624733756083,12958,45.06868343880228,35.576477851520295,9.492205587281989,80.64516129032258,,,,11.884550084889645,2.392344497607654,Serviços
2021,3516002,Flórida Paulista,53191.975,26834.159,103218.827,68907.19,264841.457,17731.75,936,782,154,7.23630309341019,6.188063076550865,123.0,584.0,461.0,228.0,20.084459435669093,10.132159558388173,38.97381783396548,26.018279305871665,12958,72.23336934712148,60.34881926223183,11.884550084889645,132.5821886093533,9.492205587281989,45.06868343880228,35.576477851520295,17.595307917888565,5.710757832998922,Serviços
2020,3516101,Florínea,42922.881,5284.338,80177.534,21826.027,166103.524,62609.7,41,47,-6,,,,,,10.0,25.841041758993626,3.1813521307350467,48.2696164832722,13.140014416551448,3851,10.646585302518826,12.204622176058166,-1.5580368735393406,22.851207478576992,,,,2.596728122565568,4.154764996104908,Serviços
2021,3516101,Florínea,35659.459,4959.845,89442.547,22458.78,171948.578,65354.84,89,79,10,3.518922331834462,4.384528275970023,-6.0,41.0,47.0,95.0,20.73844367587617,2.884493176791494,52.01703209200137,13.061335116129891,3851,23.11088029083355,20.514152168267984,2.596728122565568,43.625032459101526,-1.5580368735393406,10.646585302518826,12.204622176058166,24.66891716437289,22.07218904180732,Serviços
2020,3516200,Franca,155201.1,1309905.978,6142949.135,1353823.513,9847127.011,27668.16,36812,39698,-2886,,,,,,8523.0,1.5761053942599543,13.30241781726522,62.383161384410414,13.748411201436467,352536,104.42054144824928,112.6069394331359,-8.18639798488665,217.02748088138517,,,,24.1762543399823,32.36265232486895,Serviços
2021,3516200,Franca,159928.808,1608561.476,6913824.261,1438920.582,11276086.013,31450.1,50477,41954,8523,14.511430597002995,13.668924858031753,-2886.0,36812.0,39698.0,5249.0,1.4183007101544,14.265246594833686,61.31404330393697,12.760815945719942,352536,143.1825402228425,119.0062858828602,24.1762543399823,262.1888261057027,-8.18639798488665,104.42054144824928,112.6069394331359,14.8892595366147,-9.2869948033676,Serviços
2020,3516309,Francisco Morato,657.954,115577.27,912928.476,613429.911,1721266.141,9690.01,2690,2445,245,,,,,,381.0,0.03822500102266289,6.71466586409777,53.038194051131335,35.63829534482198,165139,16.289307795251275,14.80570912988452,1.4835986653667517,31.095016925135795,,,,2.307147312264214,0.8235486468974624,Serviços
2021,3516309,Francisco Morato,657.915,127499.056,988959.398,658442.041,1872466.812,10439.01,3619,3238,381,8.784270334403788,7.729610186160807,245.0,2690.0,2445.0,230.0,0.0351362702817293,6.809149042477128,52.81585722438963,35.16441716244421,165139,21.91487171413173,19.60772440186752,2.307147312264214,41.52259611599925,1.4835986653667517,16.289307795251275,14.80570912988452,1.3927660940177669,-0.9143812182464472,Serviços
2020,3516408,Franco da Rocha,4696.52,1094139.51,1644557.324,557688.975,3637701.828,23245.29,5915,5756,159,,,,,,602.0,0.12910678835329767,30.07776782523034,45.208689490204144,15.330805034853997,144849,40.835628827261495,39.73793398642725,1.0976948408342482,80.57356281368874,,,,4.156052164668034,3.0583573238337856,Serviços
2021,3516408,Franco da Rocha,4528.066,1336799.082,1871367.84,607769.478,4297870.725,27126.51,6792,6190,602,18.147966166951047,16.69680180372022,159.0,5915.0,5756.0,284.0,0.10535603068889421,31.103752707685274,43.541743336172594,14.141176337964426,144849,46.89020980469317,42.73415764002513,4.156052164668034,89.62436744471829,1.0976948408342482,40.835628827261495,39.73793398642725,1.9606624829995367,-2.1953896816684964,Serviços
2020,3516507,Gabriel Monteiro,19773.182,11893.659,25800.809,18050.157,78547.794,28295.31,312,290,22,,,,,,27.0,25.173440262370704,15.141938932110557,32.847273852146635,22.97983951019681,2763,112.92073832790444,104.95837857401376,7.962359753890698,217.87911690191825,,,,9.771986970684038,1.80962721679334,Serviços
2021,3516507,Gabriel Monteiro,28442.691,16276.463,26511.248,18157.761,93704.899,33755.37,269,242,27,19.296665416217817,19.29669616625511,22.0,312.0,290.0,-14.0,30.353472767736505,17.36991680659087,28.292275305691327,19.37760052438667,2763,97.35794426348173,87.58595729279769,9.771986970684038,184.9439015562794,7.962359753890698,112.92073832790444,104.95837857401376,-5.066956207021353,-14.838943177705392,Agropecuária
2020,3516606,Gália,51573.362,12059.207,82707.275,32138.962,186012.958,28696.85,340,290,50,,,,,,17.0,27.72568242261918,6.4829929751453115,44.46317928023057,17.27780814065652,6380,53.29153605015674,45.45454545454545,7.836990595611285,98.7460815047022,,,,2.6645768025078373,-5.172413793103448,Serviços
2021,3516606,Gália,50283.365,11685.908,67199.592,33852.374,172719.377,26907.52,549,532,17,-7.146588680128407,-6.235283663537983,50.0,340.0,290.0,24.0,29.112752647318775,6.765834964770629,38.906805459355034,19.599638782856427,6380,86.05015673981191,83.38557993730407,2.6645768025078373,169.43573667711598,7.836990595611285,53.29153605015674,45.45454545454545,3.761755485893417,1.0971786833855797,Serviços
2020,3516705,Garça,138529.889,192767.338,701667.984,178461.114,1329829.682,29945.05,3654,3059,595,,,,,,557.0,10.41711512948468,14.495641104211717,52.76374813237174,13.419847399676254,42110,86.77273806696746,72.64307765376395,14.129660413203515,159.41581572073142,,,,13.227261933032532,-0.902398480170982,Serviços
2021,3516705,Garça,123187.009,217931.225,1045772.679,186022.885,1725227.785,38831.12,4280,3723,557,29.732988242925984,29.674587285711684,595.0,3654.0,3059.0,190.0,7.140333008258386,12.63202615299869,60.61649876569778,10.782511539483467,42110,101.6385656613631,88.41130372833057,13.227261933032532,190.04986938969364,14.129660413203515,86.77273806696746,72.64307765376395,4.511992400854904,-8.71526953217763,Serviços
2020,3516804,Gastão Vidigal,22186.281,5910.666,32505.691,22008.58,86381.316,17773.93,190,126,64,,,,,,4.0,25.684120163207513,6.842528307857686,37.6304651343816,25.47840322321554,3252,58.42558425584256,38.74538745387454,19.68019680196802,97.1709717097171,,,,1.2300123001230012,-18.45018450184502,Serviços
2021,3516804,Gastão Vidigal,21817.456,4534.497,31816.826,23337.259,85828.068,17476.7,133,129,4,-0.6404718353677397,-1.672280694252759,64.0,190.0,126.0,25.0,25.419954693609085,5.283233219230801,37.07042083249503,27.190707589969282,3252,40.89790897908979,39.667896678966784,1.2300123001230012,80.56580565805659,19.68019680196802,58.42558425584256,38.74538745387454,7.687576875768758,6.4575645756457565,Serviços
2020,3516853,Gavião Peixoto,44484.117,1081261.853,276155.275,34439.244,1596122.002,331489.51,242,620,-378,,,,,,-85.0,2.787012330151439,67.74305796456278,17.301639514646574,2.157682430092834,4702,51.46746065504041,131.85878349638452,-80.3913228413441,183.32624415142493,,,,-18.07741386643981,62.31390897490429,Indústria
2021,3516853,Gavião Peixoto,47791.742,739454.245,197164.038,39175.792,1184185.051,244615.79,425,510,-85,-25.808613031073303,-26.20707967500993,-378.0,242.0,620.0,189.0,4.035833923054649,62.44414624011328,16.64976583123578,3.308249159784403,4702,90.38706933219906,108.46448319863887,-18.07741386643981,198.85155253083795,-80.3913228413441,51.46746065504041,131.85878349638452,40.19566142067205,58.273075287111865,Indústria
2020,3516903,General Salgado,41946.251,12064.317,122407.9,52118.568,241389.72,22223.32,578,611,-33,,,,,,109.0,17.37698316233185,4.997858649490127,50.709657395517915,21.591047042102705,10312,56.05120248254461,59.25135764158262,-3.200155159038014,115.30256012412724,,,,10.57020946470132,13.770364623739331,Serviços
2021,3516903,General Salgado,55733.829,12628.317,135424.323,53622.205,275099.291,25343.09,918,809,109,13.96479145839351,14.038271509387435,-33.0,578.0,611.0,63.0,20.259532039288313,4.590457850362107,49.22743439567788,19.491945909813342,10312,89.02249806051204,78.4522885958107,10.57020946470132,167.47478665632272,-3.200155159038014,56.05120248254461,59.25135764158262,6.109387121799845,-4.460822342901475,Serviços
2020,3517000,Getulina,80307.082,6868.459,72744.592,49854.893,216106.513,18878.88,211,280,-69,,,,,,277.0,37.16088001475457,3.1782748722617167,33.66145285959058,23.06959300203969,10232,20.62157935887412,27.36512900703675,-6.743549648162627,47.986708365910864,,,,27.071931196247068,33.81548084440969,Agropecuária
2021,3517000,Getulina,74848.338,6035.606,73131.432,53761.451,215987.576,18806.06,652,375,277,-0.0550362866666653,-0.3857220343579715,-69.0,211.0,280.0,98.0,34.65400158016496,2.794422768094772,33.859091969252894,24.890992341152067,10232,63.721657544957,36.649726348709926,27.071931196247068,100.37138389366692,-6.743549648162627,20.62157935887412,27.36512900703675,9.577795152462862,-17.494136043784206,Agropecuária
2020,3517109,Glicério,29596.704,16228.466,38295.26,27762.962,116604.19,24146.65,117,169,-52,,,,,,12.0,25.38219595710926,13.917566770113494,32.84209598300027,23.80957493894516,4138,28.27452875785404,40.84098598356694,-12.566457225712904,69.11551474142098,,,,2.899951667472209,15.466408893185111,Serviços
2021,3517109,Glicério,32201.396,17461.264,39801.549,29046.354,125314.106,25880.65,138,126,12,7.469642385921116,7.181120362451932,-52.0,117.0,169.0,-1.0,25.69654528756723,13.933997183046575,31.761427560278012,23.178838302529165,4138,33.3494441759304,30.449492508458192,2.899951667472209,63.798936684388586,-12.566457225712904,28.27452875785404,40.84098598356694,-0.2416626389560174,-3.141614306428226,Serviços
2020,3517208,Guaiçara,23865.881,30640.524,82297.041,54506.656,221290.134,17999.85,369,314,55,,,,,,176.0,10.784882528924674,13.846312732586624,37.18965663421759,24.631308687263935,11239,32.83210250022244,27.93842868582614,4.893673814396299,60.77053118604858,,,,15.659756206068156,10.766082391671858,Serviços
2021,3517208,Guaiçara,28038.137,32268.427,83097.326,57415.861,232240.952,18704.97,606,430,176,4.948624596160256,3.917365978049836,55.0,369.0,314.0,206.0,12.072865168069066,13.894374235944401,35.780651639767655,24.722539459793463,11239,53.919387845893766,38.259631639825606,15.659756206068156,92.17901948571937,4.893673814396299,32.83210250022244,27.93842868582614,18.3290328321025,2.6692766260343426,Serviços
2020,3517307,Guaimbê,21852.808,146814.714,33100.777,23647.32,232059.454,40113.99,197,99,98,,,,,,19.0,9.416900549977163,63.26599130927888,14.263920917438686,10.19019893065852,5512,35.74020319303338,17.960812772133526,17.779390420899855,53.70101596516691,,,,3.447024673439768,-14.332365747460088,Indústria
2021,3517307,Guaimbê,26372.233,349668.16,33408.804,25930.348,442961.861,76293.81,238,219,19,90.88291959869905,90.1925238551438,98.0,197.0,99.0,-68.0,5.953612561691853,78.93866059046559,7.542140066997777,5.853855666368533,5512,43.178519593613935,39.73149492017416,3.447024673439768,82.9100145137881,17.779390420899855,35.74020319303338,17.960812772133526,-12.336719883889696,-15.783744557329465,Indústria
2020,3517406,Guaíra,295239.828,809348.871,897991.968,213931.678,2442874.023,59524.22,4152,4228,-76,,,,,,588.0,12.085757399697068,33.13101139804458,36.75965111361782,8.757376597638821,39279,105.7053387306194,107.6402148730874,-1.9348761424679852,213.34555360370683,,,,14.969831207515464,16.90470734998345,Serviços
2021,3517406,Guaíra,262394.707,911598.262,1011424.379,223190.265,2704845.256,65519.59,5433,4845,588,10.723894500228193,10.072152142438815,-76.0,4152.0,4228.0,48.0,9.700913810797315,33.70241827985741,37.39305887301377,8.251498473153319,39279,138.31818528984954,123.34835408233408,14.969831207515464,261.6665393721836,-1.9348761424679852,105.7053387306194,107.6402148730874,1.2220270373482012,-13.747804170167264,Serviços
2020,3517505,Guapiaçu,62002.832,216495.278,281480.423,90152.16,723072.142,33206.53,2182,1942,240,,,,,,362.0,8.574916443123042,29.941034293089942,38.92840100594002,12.467934354467221,21711,100.50204965225,89.447745382525,11.054304269725025,189.94979503477495,,,,16.673575606835243,5.619271337110218,Serviços
2021,3517505,Guapiaçu,68217.484,284893.638,343739.707,94570.406,896415.279,40585.65,2626,2264,362,23.97314554541364,22.2218943081376,240.0,2182.0,1942.0,380.0,7.61003137698638,31.781434863293978,38.34603392564441,10.54984316035961,21711,120.9525125512413,104.27893694440606,16.673575606835243,225.23144949564733,11.054304269725025,100.50204965225,89.447745382525,17.50264842706462,0.8290728202293778,Serviços
2020,3517604,Guapiara,260431.21,46726.581,109399.502,80421.615,511220.098,30027.61,528,483,45,,,,,,187.0,50.943069534797516,9.140208137904624,21.39968722434696,15.731309335181889,17071,30.929646769374965,28.293597328803237,2.6360494405717296,59.2232440981782,,,,10.954249897486966,8.318200456915235,Agropecuária
2021,3517604,Guapiara,186970.175,50975.556,97990.356,86038.301,439111.528,25989.08,744,557,187,-14.10519075484392,-13.449388745890856,45.0,528.0,483.0,117.0,42.57919983371514,11.608794747925634,22.31559632385693,19.593724034500866,17071,43.58268408411927,32.6284341866323,10.954249897486966,76.21111827075157,2.6360494405717296,30.929646769374965,28.293597328803237,6.853728545486498,-4.100521352000468,Agropecuária
2020,3517703,Guará,82444.301,79213.936,261646.692,110767.655,571750.876,26832.69,1071,830,241,,,,,,214.0,14.419619533735528,13.854624334672641,45.762359619017005,19.37341238109445,18606,57.56207674943566,44.60926582822746,12.952810921208211,102.17134257766313,,,,11.501666129205631,-1.4511447920025802,Serviços
2021,3517703,Guará,54094.026,101736.603,298764.004,114425.324,618205.494,28896.21,1803,1589,214,8.124975395752587,7.690321022603408,241.0,1071.0,830.0,216.0,8.750169082127247,16.456761382324437,48.3276203300775,18.509269993643894,18606,96.90422444372784,85.40255831452221,11.501666129205631,182.30678275825,12.952810921208211,57.56207674943566,44.60926582822746,11.609158336020638,0.1074922068150048,Serviços
2020,3517802,Guaraçaí,150745.405,14083.064,99651.198,46699.031,321904.913,38830.51,239,295,-56,,,,,,34.0,46.82917188033101,4.374914277869378,30.95671857608461,14.507088619675713,7441,32.11933879854858,39.645208977288,-7.525870178739417,71.76454777583659,,,,4.569278322806075,12.095148501545491,Agropecuária
2021,3517802,Guaraçaí,151152.556,14884.404,99408.666,47542.011,326571.664,39546.1,303,269,34,1.4497296597644649,1.8428550127206569,-56.0,239.0,295.0,-43.0,46.2846513223511,4.557775716879099,30.44007700557878,14.557910633667227,7441,40.72033328853649,36.15105496573042,4.569278322806075,76.8713882542669,-7.525870178739417,32.11933879854858,39.645208977288,-5.778793172960623,-10.348071495766698,Agropecuária
2020,3517901,Guaraci,110186.208,71981.066,119576.231,61571.622,395879.882,35073.97,495,328,167,,,,,,32.0,27.833242609686337,18.18255215100827,30.2051800146793,15.553107091206014,10350,47.82608695652174,31.69082125603865,16.135265700483092,79.51690821256038,,,,3.0917874396135265,-13.043478260869566,Serviços
2021,3517901,Guaraci,89255.008,74477.799,110723.041,62792.791,375452.79,32986.54,470,438,32,-5.159921715850169,-5.951507628021579,167.0,495.0,328.0,28.0,23.77263144056008,19.836794660654938,29.490536213620892,16.724550375561197,10350,45.41062801932367,42.31884057971014,3.0917874396135265,87.72946859903381,16.135265700483092,47.82608695652174,31.69082125603865,2.705314009661836,-0.3864734299516907,Serviços
2020,3518008,Guarani d'Oeste,6054.716,2920.909,14980.647,14621.302,40182.959,20111.59,41,43,-2,,,,,,30.0,15.06786993959305,7.269024165194006,37.2810947048474,36.38682258317512,1968,20.83333333333333,21.84959349593496,-1.016260162601626,42.6829268292683,,,,15.24390243902439,16.260162601626018,Serviços
2021,3518008,Guarani d'Oeste,6343.309,2916.658,11395.893,14943.575,37039.506,18556.87,96,66,30,-7.82285097521066,-7.730467854605239,-2.0,41.0,43.0,29.0,17.125792660409672,7.874451673302555,30.766860119570712,40.34496302407489,1968,48.78048780487805,33.53658536585366,15.24390243902439,82.31707317073172,-1.016260162601626,20.83333333333333,21.84959349593496,14.735772357723578,-0.5081300813008127,Administração pública
2020,3518107,Guarantã,59719.965,20456.716,60152.645,35973.025,186938.559,28005.78,147,218,-71,,,,,,22.0,31.94630648672112,10.94301577450375,32.1777622133056,19.24323435059751,6427,22.87225766298429,33.919402520616146,-11.047144857631864,56.79166018360044,,,,3.423058969970437,14.470203827602305,Serviços
2021,3518107,Guarantã,64115.506,22445.503,60246.439,36297.544,196318.761,29367.05,266,244,22,5.017799457842176,4.860675189193087,-71.0,147.0,218.0,-61.0,32.65887868964291,11.433193081327566,30.688070102479912,18.489085717080293,6427,41.38789481873347,37.96483584876304,3.423058969970437,79.3527306674965,-11.047144857631864,22.87225766298429,33.919402520616146,-9.49120896219076,-12.914267932161197,Agropecuária
2020,3518206,Guararapes,225961.636,185120.473,460962.637,146377.79,1095612.376,33100.07,1717,1599,118,,,,,,-55.0,20.62423179491357,16.89652992747866,42.07351496730446,13.360362953767876,31043,55.310375930161385,51.50919692040073,3.8011790097606544,106.81957285056212,,,,-1.7717359791257288,-5.572914988886383,Serviços
2021,3518206,Guararapes,234718.728,231377.231,483626.647,152933.001,1199677.625,36072.94,1814,1869,-55,9.498363771677589,8.9814613685107,118.0,1717.0,1599.0,195.0,19.565150096051845,19.286617186012784,40.31305051638351,12.747841404477306,31043,58.435073929710406,60.20680990883613,-1.7717359791257288,118.64188383854652,3.8011790097606544,55.310375930161385,51.50919692040073,6.281609380536675,8.053345359662403,Serviços
2020,3518305,Guararema,46019.812,315497.57,840815.566,144711.023,1533252.609,50877.77,2347,2678,-331,,,,,,396.0,3.001450102212088,20.57701178188571,54.838684836700644,9.438172297934761,31236,75.13766167242925,85.73440901523882,-10.59674734280958,160.87207068766807,,,,12.677679600461008,23.274426943270583,Serviços
2021,3518305,Guararema,50979.23,370827.15,751161.711,149825.75,1546741.266,50771.09,3127,2731,396,0.8797413368692997,-0.2096790012612537,-331.0,2347.0,2678.0,677.0,3.2959119356682374,23.97473696159859,48.564147573470116,9.686542493785124,31236,100.1088487642464,87.43116916378538,12.677679600461008,187.54001792803177,-10.59674734280958,75.13766167242925,85.73440901523882,21.67370982200025,8.996030221539248,Serviços
2020,3518404,Guaratinguetá,43092.446,2270574.134,2731206.204,515874.75,6622399.347,54058.2,6714,8136,-1422,,,,,,650.0,0.6507074512128482,34.28627624259157,41.24194360518681,7.789846594402306,118044,56.87709667581579,68.92345227203415,-12.04635559621836,125.80054894784996,,,,5.506421334417675,17.552776930636036,Serviços
2021,3518404,Guaratinguetá,49627.11,2657654.269,3075538.379,538107.546,7877882.192,63948.0,8574,7924,650,18.9581264918544,18.29472679445488,-1422.0,6714.0,8136.0,1080.0,0.629954964932027,33.73564372032437,39.04016719269062,6.830611741648649,118044,72.63393310968792,67.12751177527024,5.506421334417675,139.76144488495814,-12.04635559621836,56.87709667581579,68.92345227203415,9.149130832570906,3.642709498153231,Serviços
2020,3518503,Guareí,62649.223,42069.075,72594.795,77537.677,268279.947,14204.48,418,405,13,,,,,,180.0,23.35218256174771,15.68103597396342,27.05934446900722,28.901778857142833,15013,27.84253646839406,26.97662026243922,0.8659162059548391,54.81915673083328,,,,11.98960900552854,11.123692799573702,Administração pública
2021,3518503,Guareí,74506.453,52384.565,83287.362,82014.273,313680.631,16300.18,845,665,180,16.922876460833656,14.753795985491912,13.0,418.0,405.0,59.0,23.752328207985528,16.699968000255648,26.551643222115295,26.14578807066988,15013,56.28455338706454,44.294944381536,11.98960900552854,100.57949776860056,0.8659162059548391,27.84253646839406,26.97662026243922,3.9299273962565775,-8.059681609271964,Serviços
2020,3518602,Guariba,63131.155,221249.72,469975.043,174067.627,1012670.931,25012.25,3716,3320,396,,,,,,592.0,6.234123353146789,21.84813577906484,46.409453319244136,17.18896254167288,37498,99.09861859299164,88.53805536295269,10.560563230038936,187.63667395594436,,,,15.787508667128913,5.226945437089977,Serviços
2021,3518602,Guariba,68503.907,250885.216,512977.842,185248.069,1135133.627,27783.09,4545,3953,592,12.093039530528404,11.077931813411436,396.0,3716.0,3320.0,831.0,6.034876015526584,22.101822202470967,45.190965169072555,16.319494427240677,37498,121.20646434476504,105.41895567763612,15.787508667128913,226.6254200224012,10.560563230038936,99.09861859299164,88.53805536295269,22.16118192970292,6.373673262574004,Serviços
2020,3518701,Guarujá,45867.881,1018423.511,5328361.271,1674265.721,9188156.23,28468.34,9588,10656,-1068,,,,,,2329.0,0.4992065856503182,11.084090055791313,57.99162680323732,18.221998832947577,287634,33.334028661423886,37.04708066501178,-3.713052003587893,70.38110932643568,,,,8.097095614565733,11.810147618153623,Serviços
2021,3518701,Guarujá,50432.474,1150370.014,5976188.25,1737251.69,10494252.383,32292.29,13922,11593,2329,14.214997223659507,13.432290045713934,-1068.0,9588.0,10656.0,1099.0,0.4805723376893174,10.961905355578487,56.94725104649697,16.554315892137623,287634,48.40178838384892,40.30469276928319,8.097095614565733,88.7064811531321,-3.713052003587893,33.334028661423886,37.04708066501178,3.82082785762462,-4.276267756941113,Serviços
2020,3518800,Guarulhos,59088.763,13222829.611,35863694.037,5712389.024,65949963.357,47373.73,118144,118432,-288,,,,,,14228.0,0.0895963545576834,20.049790686648674,54.380157639910784,8.661701588942098,1291771,91.458935058923,91.68188479227356,-0.2229497333505706,183.1408198511965,,,,11.014336132333051,11.237285865683624,Serviços
2021,3518800,Guarulhos,57763.458,17040799.785,40037133.405,5882058.391,77376425.117,55084.19,147282,133054,14228,17.32595619219124,16.27581362075563,-288.0,118144.0,118432.0,18964.0,0.07465252874199932,22.02324514118196,51.743322781403144,7.601874061906849,1291771,114.01556467825954,103.00122854592648,11.014336132333051,217.016793224186,-0.2229497333505706,91.458935058923,91.68188479227356,14.680620636320215,3.666284503987164,Serviços
2020,3518859,Guatapará,96724.539,13900.32,78517.957,49495.981,253740.024,32914.78,554,584,-30,,,,,,-38.0,38.11954356873554,5.478173991187138,30.944253792614123,19.506572207150104,7320,75.68306010928961,79.78142076502732,-4.0983606557377055,155.46448087431693,,,,-5.191256830601093,-1.0928961748633874,Agropecuária
2021,3518859,Guatapará,87618.689,13970.958,74247.527,51313.309,245363.012,31618.94,479,517,-38,-3.3014153100261456,-3.936954766217482,-30.0,554.0,584.0,92.0,35.709819620244964,5.69399514870644,30.26027696464698,20.913221019637632,7320,65.43715846994536,70.62841530054645,-5.191256830601093,136.0655737704918,-4.0983606557377055,75.68306010928961,79.78142076502732,12.568306010928962,17.759562841530055,Agropecuária
2020,3518909,Guzolândia,20873.058,5161.494,29366.855,27801.328,85980.374,16201.31,184,195,-11,,,,,,-6.0,24.276537806174233,6.003107174202336,34.15530037122193,32.33450461613484,4246,43.33490343853038,45.92557701365992,-2.5906735751295336,89.26048045219031,,,,-1.413094677343382,1.1775788977861514,Serviços
2021,3518909,Guzolândia,23193.226,5722.325,31713.387,29312.786,93585.019,17505.62,265,271,-6,8.844628891704986,8.05064528732553,-11.0,184.0,195.0,-25.0,24.78305421939381,6.114573743902323,33.88724748776297,31.322092267780594,4246,62.411681582666034,63.824776260009415,-1.413094677343382,126.23645784267543,-2.5906735751295336,43.33490343853038,45.92557701365992,-5.887894488930758,-4.474799811587376,Serviços
2020,3519006,Herculândia,86347.081,69696.444,110349.102,45239.315,335302.623,34971.07,426,394,32,,,,,,156.0,25.75198494644642,20.78613145832742,32.91030085380513,13.49208502911115,9125,46.68493150684932,43.17808219178082,3.5068493150684934,89.86301369863013,,,,17.095890410958905,13.589041095890412,Serviços
2021,3519006,Herculândia,87683.163,73605.696,118033.875,46025.59,355955.455,36890.4,603,447,156,6.159460315346244,5.488336502143065,32.0,426.0,394.0,103.0,24.633184228065836,20.678344710295278,33.159732023210594,12.930154420586138,9125,66.08219178082192,48.98630136986301,17.095890410958905,115.06849315068492,3.5068493150684934,46.68493150684932,43.17808219178082,11.287671232876711,-5.808219178082194,Serviços
2020,3519055,Holambra,457501.957,195923.813,441020.477,80952.911,1283692.085,84055.27,4634,4595,39,,,,,,1868.0,35.639540225100006,15.262524034336474,34.35562796977128,6.306256145530413,15094,307.00940771167353,304.4255995759905,2.5838081356830527,611.435007287664,,,,123.75778455015238,121.17397641446932,Agropecuária
2021,3519055,Holambra,509243.385,228721.833,498745.64,83856.88,1463401.405,93777.73,7492,5624,1868,13.999410146709756,11.566746499059487,39.0,4634.0,4595.0,1767.0,34.79861255155758,15.629466544075104,34.08126015841839,5.730271934514099,15094,496.3561680137803,372.598383463628,123.75778455015238,868.9545514774081,2.5838081356830527,307.00940771167353,304.4255995759905,117.06638399363986,-6.691400556512519,Agropecuária
2020,3519071,Hortolândia,1531.345,4614831.415,7547426.021,1028005.18,16386638.62,69950.95,13219,12977,242,,,,,,2243.0,0.009345083122361552,28.162160172175692,46.05841500518793,6.273435350830969,236641,55.86098774092402,54.83834162296474,1.0226461179592716,110.69932936388876,,,,9.47849273794482,8.455846619985547,Serviços
2021,3519071,Hortolândia,1574.644,5178931.114,8314851.018,1088111.935,18377821.724,77357.5,19491,17248,2243,12.151260244244044,10.588205020803866,242.0,13219.0,12977.0,2448.0,0.008568175399936751,28.180331661595787,45.243942088857324,5.920788390166017,236641,82.36527059976926,72.88677786182444,9.47849273794482,155.25204846159372,1.0226461179592716,55.86098774092402,54.83834162296474,10.344783870926848,0.8662911329820293,Serviços
2020,3519105,Iacanga,81899.398,46785.776,329625.507,61310.765,600783.153,50664.8,767,778,-11,,,,,,11.0,13.632106291768803,7.787464706088388,54.86597041778233,10.205140522640454,10437,73.48855034971736,74.54249305355945,-1.0539427038421003,148.0310434032768,,,,1.0539427038421003,2.1078854076842006,Serviços
2021,3519105,Iacanga,73945.092,48278.72,379964.829,63165.056,658009.942,54825.02,970,959,11,9.525365136195818,8.21126304653328,-11.0,767.0,778.0,-83.0,11.237686132104065,7.337080630310598,57.744542254955775,9.599407542082396,10437,92.93858388425792,91.88464118041584,1.0539427038421003,184.82322506467372,-1.0539427038421003,73.48855034971736,74.54249305355945,-7.952476765354028,-9.006419469196128,Serviços
2020,3519204,Iacri,87635.37,23603.92,96045.651,29845.701,256626.327,40766.69,315,251,64,,,,,,7.0,34.149017766209155,9.197778059614281,37.4262657003231,11.630023056831579,6131,51.37824172239439,40.93948784863807,10.43875387375632,92.31772957103246,,,,1.1417387049420975,-9.297015168814225,Serviços
2021,3519204,Iacri,99988.374,27681.229,127935.424,30834.88,316795.432,50533.65,425,418,7,23.44619342192431,23.95818743194504,64.0,315.0,251.0,9.0,31.562441847330682,8.73788767257225,40.3842388737474,9.733372670600883,6131,69.31984994291307,68.17811123797097,1.1417387049420975,137.49796118088403,10.43875387375632,51.37824172239439,40.93948784863807,1.4679497634969825,0.3262110585548849,Serviços
2020,3519253,Iaras,40997.318,9442.751,57744.99,43896.314,161707.052,16991.39,304,289,15,,,,,,119.0,25.352832478821025,5.839418184433911,35.70963002899836,27.145578041952064,8010,37.95255930087391,36.079900124843945,1.8726591760299625,74.03245942571786,,,,14.856429463171036,12.983770287141072,Serviços
2021,3519253,Iaras,42584.054,10675.133,56934.427,46904.99,168922.26,17261.62,502,383,119,4.46190064735088,1.590393722938499,15.0,304.0,289.0,0.0,25.209261348977925,6.31955374028266,33.70451413567401,27.767204866901494,8010,62.67166042446941,47.815230961298376,14.856429463171036,110.4868913857678,1.8726591760299625,37.95255930087391,36.079900124843945,0.0,-14.856429463171036,Serviços
2020,3519303,Ibaté,51480.911,350936.134,403177.773,144291.623,1045660.421,29478.47,2226,2263,-37,,,,,,155.0,4.923291535770962,33.56119510236297,38.557237598648676,13.799090039384785,32178,69.17769904903972,70.32755298651253,-1.1498539374728074,139.50525203555225,,,,4.816955684007707,5.966809621480514,Serviços
2021,3519303,Ibaté,50894.146,407365.102,422490.184,155997.629,1159253.485,32354.27,2884,2729,155,10.863284266929352,9.755594506770526,-37.0,2226.0,2263.0,536.0,4.390251714447078,35.14029565328415,36.44502168565833,13.456731510278788,32178,89.62645285598856,84.80949717198085,4.816955684007707,174.4359500279694,-1.1498539374728074,69.17769904903972,70.32755298651253,16.657343526633102,11.840387842625397,Serviços
2020,3519402,Ibirá,42939.97,47709.952,104874.661,59489.42,268198.474,21425.03,829,784,45,,,,,,243.0,16.01051988088493,17.78904677884185,39.10337722503223,22.18111800293092,11690,70.9153122326775,67.06586826347305,3.849443969204448,137.98118049615056,,,,20.786997433704023,16.937553464499576,Serviços
2021,3519402,Ibirá,48698.129,62072.376,126892.359,61802.299,318126.274,25170.21,1113,870,243,18.615989589858728,17.480395593378397,45.0,829.0,784.0,69.0,15.307798500164122,19.51186716504906,39.88741872983431,19.426971002087054,11690,95.20958083832336,74.42258340461935,20.786997433704023,169.6321642429427,3.849443969204448,70.9153122326775,67.06586826347305,5.902480752780154,-14.88451668092387,Serviços
2020,3519501,Ibirarema,49250.956,23229.809,91779.003,33011.797,216402.811,27598.88,860,668,192,,,,,,22.0,22.758926176795367,10.734522759965444,42.41118799515039,15.254791214334087,6385,134.69068128426,104.62020360219265,30.070477682067345,239.31088488645264,,,,3.445575567736883,-26.62490211433046,Serviços
2021,3519501,Ibirarema,40776.07,28914.675,109952.565,36499.159,244614.399,30862.28,756,734,22,13.036608845159602,11.824392873913723,192.0,860.0,668.0,49.0,16.669529744240442,11.820512250384736,44.9493429043807,14.921099963538943,6385,118.40250587314016,114.95693030540328,3.445575567736883,233.35943617854343,30.070477682067345,134.69068128426,104.62020360219265,7.674236491777604,4.228660924040721,Serviços
2020,3519600,Ibitinga,100175.721,367010.788,882254.73,243903.008,1734988.797,28630.18,7579,7044,535,,,,,,863.0,5.77385405445935,21.15349612830958,50.85074506103568,14.057901032083725,60033,126.24723068978729,117.33546549397832,8.911765195808972,243.5826961837656,,,,14.375426848566622,5.463661652757651,Serviços
2021,3519600,Ibitinga,103103.807,407690.466,994118.846,262815.579,1965222.526,32137.74,8669,7806,863,13.270041247419083,12.251267718191096,535.0,7579.0,7044.0,224.0,5.246418949301216,20.745257120058067,50.585561321822546,13.373324166751384,60033,144.40391118218312,130.02848433361652,14.375426848566622,274.4323955157996,8.911765195808972,126.24723068978729,117.33546549397832,3.7312811287125416,-10.64414571985408,Serviços
2020,3519709,Ibiúna,480332.88,332438.35,860574.06,367474.66,2221193.924,27946.93,3563,3496,67,,,,,,1229.0,21.624986220698844,14.966651331430528,38.74376076314173,16.544015181629856,75605,47.1265127967727,46.24032802063356,0.8861847761391441,93.36684081740626,,,,16.25553865485087,15.369353878711726,Serviços
2021,3519709,Ibiúna,457846.327,391626.046,904426.913,376554.739,2370585.551,29609.37,5798,4569,1229,6.725735442809544,5.948560360654986,67.0,3563.0,3496.0,1068.0,19.313638641173007,16.52022412077884,38.15204697499651,15.88446107085886,75605,76.68804973216058,60.4325110773097,16.25553865485087,137.12056080947028,0.8861847761391441,47.1265127967727,46.24032802063356,14.126049864426957,-2.129488790423915,Serviços
2020,3519808,Icém,27833.252,32759.879,71512.35,47164.236,184870.911,22262.87,399,300,99,,,,,,93.0,15.055506487983934,17.72040761999599,38.682316008060354,25.511983331980225,7819,51.02954341987466,38.368077759304256,12.661465660570403,89.39762117917891,,,,11.89410410538432,-0.7673615551860848,Serviços
2021,3519808,Icém,30442.17,46755.084,74123.631,50868.999,209289.094,25025.6,543,450,93,13.208234258119722,12.409586005757568,99.0,399.0,300.0,24.0,14.545511865037744,22.339952410515952,35.41686266748328,24.305613841493336,7819,69.4462207443407,57.55211663895639,11.89410410538432,126.9983373832971,12.661465660570403,51.02954341987466,38.368077759304256,3.0694462207443407,-8.82465788463998,Serviços
2020,3519907,Iepê,86760.013,13009.402,183625.95,49890.114,377357.909,46052.95,199,195,4,,,,,,24.0,22.99143887825603,3.44749684310976,48.660951743825784,13.220900585390938,7619,26.11891324320777,25.59390996193726,0.525003281270508,51.71282320514503,,,,3.1500196876230477,2.625016406352539,Serviços
2021,3519907,Iepê,83572.809,13880.299,222617.793,52061.781,434355.825,52789.96,240,216,24,15.104471018255516,14.628834852056173,4.0,199.0,195.0,40.0,19.240632723182653,3.1956055844306914,51.2524018758123,11.985975093116341,7619,31.50019687623048,28.35017718860743,3.1500196876230477,59.8503740648379,0.525003281270508,26.11891324320777,25.59390996193726,5.250032812705079,2.100013125082032,Serviços
2020,3520004,Igaraçu do Tietê,11278.735,20472.486,197706.589,97404.611,350422.591,14159.06,787,730,57,,,,,,67.0,3.218609555911879,5.842227791757867,56.41947582083827,27.796327491911043,23106,34.06041720765169,31.5935254912144,2.466891716437289,65.6539426988661,,,,2.8996797368648832,0.4327880204275942,Serviços
2021,3520004,Igaraçu do Tietê,15879.572,23366.218,202869.944,104422.547,381184.503,15357.34,809,742,67,8.778518505960143,8.462991187268077,57.0,787.0,730.0,-45.0,4.165849313134327,6.129897153767554,53.22093170193752,27.39422672699787,23106,35.012550852592405,32.11287111572752,2.8996797368648832,67.12542196831991,2.466891716437289,34.06041720765169,31.5935254912144,-1.947546091924176,-4.847225828789059,Serviços
2020,3520103,Igarapava,80313.878,166078.982,845598.599,122271.816,1390771.0,45429.25,2604,2638,-34,,,,,,191.0,5.774773704657345,11.941504532378083,60.800706874100776,8.79165700176377,26212,99.34381199450632,100.6409278193194,-1.2971158248130623,199.9847398138257,,,,7.2867388982145584,8.58385472302762,Serviços
2021,3520103,Igarapava,58077.579,163275.34,780396.081,129816.965,1299637.242,42208.35,2837,2646,191,-6.552750812319208,-7.089925543565001,-34.0,2604.0,2638.0,166.0,4.468753058401507,12.563147217044737,60.047223623651746,9.988707679708057,26212,108.2328704410194,100.94613154280482,7.2867388982145584,209.17900198382415,-1.2971158248130623,99.34381199450632,100.6409278193194,6.332977262322601,-0.9537616358919578,Serviços
2020,3520202,Igaratá,2152.538,20885.596,127061.648,53408.489,225264.473,23506.68,282,301,-19,,,,,,51.0,0.955560355937707,9.271588955795973,56.40554247539957,23.709237541420926,10605,26.59123055162659,28.38283828382838,-1.7916077322017916,54.97406883545498,,,,4.809052333804809,6.600660066006601,Serviços
2021,3520202,Igaratá,2694.457,24559.35,128599.513,55878.919,240165.471,24936.71,454,403,51,6.614890400405038,6.083504773962112,-19.0,282.0,301.0,69.0,1.1219168970380424,10.22601204816824,53.54621231126102,23.266841302095422,10605,42.80999528524281,38.000942951438,4.809052333804809,80.81093823668081,-1.7916077322017916,26.59123055162659,28.38283828382838,6.506364922206506,1.6973125884016973,Serviços
2020,3520301,Iguape,101312.935,392343.775,397614.858,159654.547,1074288.171,34666.76,750,751,-1,,,,,,66.0,9.430703765982358,36.52127851643262,37.01193671618674,14.861426506389408,29115,25.75991756826378,25.794264125021467,-0.034346556757685,51.55418169328525,,,,2.2668727460072127,2.3012193027648977,Serviços
2021,3520301,Iguape,102580.484,800549.085,497572.56,158330.72,1588620.44,51053.14,756,690,66,47.87656449025537,47.268276585409176,-1.0,750.0,751.0,218.0,6.457205347301209,50.39272219108549,31.32104733588849,9.966554377205421,29115,25.96599690880989,23.69912416280268,2.2668727460072127,49.66512107161257,-0.034346556757685,25.75991756826378,25.794264125021467,7.487549373175339,5.220676627168126,Indústria
2020,3520400,Ilhabela,3950.135,7029256.659,3168702.435,325438.08,10630881.261,298695.77,2763,3045,-282,,,,,,969.0,0.03715717354958425,66.1211096843611,29.806582890024057,3.0612521390290413,34934,79.09200206102938,87.16436709223106,-8.072365031201695,166.25636915326044,,,,27.7380202667888,35.81038529799049,Indústria
2021,3520400,Ilhabela,4355.183,9689118.052,3816794.074,311820.102,13956618.262,385605.85,4105,3136,969,31.28373762578516,29.096521855666023,-282.0,2763.0,3045.0,177.0,0.031205145245377635,69.42310716042711,27.347556566708363,2.2342095781827007,34934,117.50729947901758,89.76927921222877,27.7380202667888,207.2765786912464,-8.072365031201695,79.09200206102938,87.16436709223106,5.066697200435106,-22.671323066353693,Indústria
2020,3520426,Ilha Comprida,5052.396,384842.163,263900.432,98795.452,762933.86,67147.85,238,284,-46,,,,,,150.0,0.6622325033522565,50.44240178303268,34.59021100466035,12.949412416955777,13419,17.736045905059992,21.164021164021165,-3.4279752589611743,38.90006706908115,,,,11.1781801922647,14.606155451225874,Indústria
2021,3520426,Ilha Comprida,5569.439,847859.843,397962.489,96872.878,1363561.107,118036.8,494,344,150,78.72599166066638,75.78641758447961,-46.0,238.0,284.0,-104.0,0.408448068180343,62.17982007901315,29.185526556676717,7.104403132554293,13419,36.81347343319175,25.63529324092704,11.1781801922647,62.44876667411879,-3.4279752589611743,17.736045905059992,21.164021164021165,-7.750204933303525,-18.928385125568223,Indústria
2020,3520442,Ilha Solteira,75408.305,33429.166,398689.72,137202.02,677761.781,25300.95,1381,1389,-8,,,,,,109.0,11.126078087309558,4.932288443688447,58.824461805998475,20.243398764321885,25549,54.05299620337391,54.36612000469686,-0.313123801322948,108.41911620807076,,,,4.266311793025167,4.579435594348116,Serviços
2021,3520442,Ilha Solteira,73083.216,39867.795,408260.417,142701.463,706074.949,26261.81,1824,1715,109,4.177451251120345,3.7977230104008,-8.0,1381.0,1389.0,159.0,10.350631487989528,5.646397037094145,57.82111623960192,20.210526262418067,25549,71.39222670163215,67.12591490860699,4.266311793025167,138.51814161023916,-0.313123801322948,54.05299620337391,54.36612000469686,6.223335551293593,1.9570237582684251,Serviços
2020,3520509,Indaiatuba,43147.491,5070912.535,8308656.106,1168790.901,18361067.146,71660.5,26331,25893,438,,,,,,7363.0,0.234994462233094,27.617744081420177,45.251488053133436,6.365593523002958,255748,102.95681686660306,101.2441935029795,1.712623363623567,204.20101036958252,,,,28.79005896429297,27.077435600669407,Serviços
2021,3520509,Indaiatuba,46618.663,6772161.333,9716238.747,1241521.091,22817116.886,87525.86,41065,33702,7363,24.26901282244241,22.13961666468976,438.0,26331.0,25893.0,5531.0,0.20431443303252753,29.68017987038154,42.583113351019534,5.4411830258965175,255748,160.56821558721867,131.77815662292568,28.79005896429297,292.34637221014435,1.712623363623567,102.95681686660306,101.2441935029795,21.62675758950217,-7.163301374790809,Serviços
2020,3520608,Indiana,18230.158,3781.37,32545.734,26603.524,84079.138,17232.86,114,86,28,,,,,,29.0,21.682141888752472,4.497393871949543,38.70845345726546,31.641052266734704,5090,22.39685658153241,16.895874263261298,5.50098231827112,39.29273084479371,,,,5.697445972495089,0.1964636542239688,Serviços
2021,3520608,Indiana,18006.03,3921.954,33369.854,27571.412,86968.231,17846.96,217,188,29,3.4361591575784223,3.56354081678838,28.0,114.0,86.0,32.0,20.70414655208981,4.509639847681851,38.37016530783522,31.702854804532016,5090,42.63261296660118,36.93516699410609,5.697445972495089,79.56777996070727,5.50098231827112,22.39685658153241,16.895874263261298,6.286836935166994,0.5893909626719047,Serviços
2020,3520707,Indiaporã,26081.795,5631.066,45261.994,23873.619,104804.775,26969.83,85,88,-3,,,,,,33.0,24.886075085796424,5.372909774387665,43.186957846147756,22.779132916415307,4035,21.06567534076828,21.8091697645601,-0.7434944237918215,42.87484510532838,,,,8.178438661710038,8.921933085501859,Serviços
2021,3520707,Indiaporã,27338.074,5859.752,48191.812,24646.943,111102.983,28664.34,107,74,33,6.009466648823958,6.28298361539541,-3.0,85.0,88.0,9.0,24.606066607590545,5.274162620818201,43.37580387018052,22.183871516753065,4035,26.5179677819083,18.339529120198264,8.178438661710038,44.85749690210657,-0.7434944237918215,21.06567534076828,21.8091697645601,2.2304832713754648,-5.947955390334573,Serviços
2020,3520806,Inúbia Paulista,7124.344,5814.632,76651.984,22295.066,123516.724,30733.2,71,106,-35,,,,,,22.0,5.767918520896004,4.707566564022536,62.05798009992557,18.05024071072351,3615,19.64038727524205,29.322268326417703,-9.681881051175658,48.96265560165975,,,,6.085753803596127,15.767634854771783,Serviços
2021,3520806,Inúbia Paulista,9787.826,7679.618,81553.699,22845.558,136680.861,33790.08,145,123,22,10.657776998684,9.946507360118703,-35.0,71.0,106.0,22.0,7.161080145668675,5.618649124547145,59.66724119480048,16.71452596424601,3615,40.1106500691563,34.024896265560166,6.085753803596127,74.13554633471647,-9.681881051175658,19.64038727524205,29.322268326417703,6.085753803596127,0.0,Serviços
2020,3520905,Ipaussu,48211.069,99417.638,189132.378,72817.993,449079.275,29801.53,933,904,29,,,,,,110.0,10.73553639276718,22.138104235605173,42.11558816647684,16.21495291672055,13712,68.04259043173862,65.92765460910152,2.114935822637106,133.97024504084015,,,,8.022170361726955,5.907234539089849,Serviços
2021,3520905,Ipaussu,37047.84,123713.003,210477.649,76943.805,499098.585,32911.22,1140,1030,110,11.138191580985346,10.434665602739202,29.0,933.0,904.0,88.0,7.422950317520935,24.787287866183792,42.17155794981867,15.416554426817298,13712,83.13885647607934,75.11668611435239,8.022170361726955,158.25554259043173,2.114935822637106,68.04259043173862,65.92765460910152,6.417736289381563,-1.6044340723453925,Serviços
2020,3521002,Iperó,18191.649,199944.733,275149.576,151413.477,739832.232,19487.73,2146,1970,176,,,,,,737.0,2.4588884091765286,27.02568560165138,37.19080679361372,20.46592057643685,36459,58.860637976905565,54.03329767684248,4.827340300063085,112.89393565374804,,,,20.214487506514168,15.387147206451084,Serviços
2021,3521002,Iperó,21813.286,308392.806,333669.815,168088.442,969693.824,25010.8,2871,2134,737,31.069421154930165,28.34126909599015,176.0,2146.0,1970.0,421.0,2.249502416135838,31.803111288043016,34.40981129730285,17.334176813319583,36459,78.74598864477906,58.5315011382649,20.214487506514168,137.27748978304396,4.827340300063085,58.860637976905565,54.03329767684248,11.547217422309991,-8.667270084204175,Serviços
2020,3521101,Ipeúna,18967.841,470797.859,274568.554,39801.563,910607.109,118460.66,524,474,50,,,,,,49.0,2.082988460394284,51.70153563999905,30.152252413395114,4.370882085876621,6831,76.70912018738106,69.38954765041721,7.319572536963841,146.09866783779827,,,,7.173181086224565,-0.1463914507392765,Indústria
2021,3521101,Ipeúna,24395.317,486813.768,272643.298,42254.994,947911.795,121154.37,696,647,49,4.096682930684215,2.2739279014653446,50.0,524.0,474.0,12.0,2.573585129827401,51.35644166132567,28.76251771927788,4.457692606304155,6831,101.88844971453668,94.7152686283121,7.173181086224565,196.6037183428488,7.319572536963841,76.70912018738106,69.38954765041721,1.756697408871322,-5.416483677353243,Indústria
2020,3521150,Ipiguá,18191.867,22249.796,35241.299,27751.386,114309.045,20874.55,435,523,-88,,,,,,217.0,15.91463475178189,19.464597923987554,30.829842905257408,24.277506648752073,6761,64.33959473450673,77.35542079574027,-13.015826061233543,141.695015530247,,,,32.09584381008727,45.111669871320814,Serviços
2021,3521150,Ipiguá,19588.334,24359.218,39831.129,26170.561,124258.756,22360.76,784,567,217,8.704220212844916,7.119722341319923,-88.0,435.0,523.0,53.0,15.764147840012177,19.603622943078555,32.054987738650794,21.061341544413985,6761,115.95917763644432,83.86333382635705,32.09584381008727,199.82251146280137,-13.015826061233543,64.33959473450673,77.35542079574027,7.839077059606568,-24.2567667504807,Serviços
2020,3521200,Iporanga,7220.851,3372.846,22390.452,28499.29,63240.451,15060.84,44,60,-16,,,,,,-7.0,11.418089032919768,5.3333680368598255,35.40526932674785,45.06496957145356,4046,10.87493821057835,14.829461196243203,-3.9545229856648536,25.70439940682155,,,,-1.7301038062283738,2.22441917943648,Administração pública
2021,3521200,Iporanga,7278.938,2987.449,22229.423,28850.987,63459.365,15181.67,99,106,-7,0.3461613516956063,0.8022792885390206,-16.0,44.0,60.0,-10.0,11.470234535123382,4.7076566240459545,35.02938140020783,45.463718396804005,4046,24.468610973801283,26.19871478002966,-1.7301038062283738,50.667325753830944,-3.9545229856648536,10.87493821057835,14.829461196243203,-2.471576866040534,-0.7414730598121604,Administração pública
2020,3521309,Ipuã,101012.293,37677.053,196002.936,85283.793,447447.708,26948.19,1095,1105,-10,,,,,,58.0,22.575217437475402,8.42043714301471,43.80465750424628,19.060058074987392,14454,75.75757575757576,76.44942576449426,-0.6918500069185001,152.20700152207002,,,,4.012730040127301,4.704580047045801,Serviços
2021,3521309,Ipuã,75494.416,40963.4,203006.802,90859.553,442715.064,26361.5,1233,1175,58,-1.0576976740262922,-2.177103545729786,-10.0,1095.0,1105.0,104.0,17.052597062746432,9.252768503038785,45.854956948110534,20.523257595770446,14454,85.30510585305105,81.29237581292375,4.012730040127301,166.5974816659748,-0.6918500069185001,75.75757575757576,76.44942576449426,7.195240071952401,3.1825100318251,Serviços
2020,3521408,Iracemápolis,22304.127,705924.65,669810.884,118514.274,2079102.735,84468.3,2513,2225,288,,,,,,42.0,1.072776569648445,33.953331796276046,32.21634374888165,5.700260598233497,21967,114.39887103382344,101.28829608048436,13.1105749533391,215.68716711430784,,,,1.911958847361952,-11.198616105977148,Indústria
2021,3521408,Iracemápolis,22556.37,714975.253,749838.887,122989.775,2127925.258,85178.34,3042,3000,42,2.348249664536173,0.8405993727824468,288.0,2513.0,2225.0,47.0,1.0600170243385494,33.599641261460135,35.23802747210964,5.779797694379358,21967,138.48044794464423,136.56848909728228,1.911958847361952,275.04893704192654,13.1105749533391,114.39887103382344,101.28829608048436,2.139572995857422,0.2276141484954701,Serviços
2020,3521507,Irapuã,65989.852,9749.124,57543.161,35613.663,174665.305,21702.95,285,254,31,,,,,,34.0,37.78074414950353,5.581603055054351,32.944814655663876,20.389660671305045,6867,41.50283966797728,36.98849570409203,4.514343963885248,78.49133537206932,,,,4.951215960390273,0.4368719965050243,Agropecuária
2021,3521507,Irapuã,73483.694,9689.122,59246.677,36457.898,186223.417,22987.71,360,326,34,6.617291281745952,5.919748236990818,31.0,285.0,254.0,23.0,39.45996437172023,5.202955759317852,31.814837228553273,19.577504584184492,6867,52.42463958060288,47.47342362021261,4.951215960390273,99.8980632008155,4.514343963885248,41.50283966797728,36.98849570409203,3.3493519732051844,-1.6018639871850882,Agropecuária
2020,3521606,Irapuru,16767.731,2815.772,46079.37,34918.181,104426.38,12543.71,44,63,-19,,,,,,33.0,16.056987707512217,2.696418280514943,44.12617769571252,33.4380843231375,7085,6.21030345800988,8.892025405786875,-2.681721947776994,15.102328863796757,,,,4.65772759350741,7.339449541284404,Serviços
2021,3521606,Irapuru,21815.73,2638.134,44503.456,35733.851,109595.224,13115.75,97,64,33,4.9497492874884585,4.5603732866911,-19.0,44.0,63.0,75.0,19.905730563587333,2.407161465357286,40.60711258731494,32.60529947910869,7085,13.6908962597036,9.03316866619619,4.65772759350741,22.72406492589979,-2.681721947776994,6.21030345800988,8.892025405786875,10.58574453069866,5.92801693719125,Serviços
2020,3521705,Itaberá,267676.731,31710.747,364427.769,78332.81,810239.832,46352.39,702,752,-50,,,,,,185.0,33.03672819185715,3.9137482196752824,44.97776517607689,9.667854739582834,17983,39.03686815325585,41.81727186787521,-2.7804037146193625,80.85414002113107,,,,10.287493744091645,13.067897458711004,Serviços
2021,3521705,Itaberá,304163.077,34937.953,485005.752,91961.078,1016119.036,58380.87,1106,921,185,25.40966216037624,25.950075066247933,-50.0,702.0,752.0,144.0,29.933803641485955,3.4383720570313185,47.73119435979152,9.05022686731754,17983,61.50253016738031,51.21503642328866,10.287493744091645,112.71756659066897,-2.7804037146193625,39.03686815325585,41.81727186787521,8.007562698103765,-2.279931045987878,Serviços
2020,3521804,Itaí,318566.721,65227.173,340847.402,121510.495,909430.022,33212.7,2022,1884,138,,,,,,325.0,35.029272543632835,7.17231358346338,37.479233558885085,13.36117041009671,25180,80.30182684670373,74.82128673550437,5.480540111199365,155.1231135822081,,,,12.907069102462271,7.426528991262907,Serviços
2021,3521804,Itaí,301407.217,68359.7,347177.372,126863.006,924896.722,33471.94,2538,2213,325,1.700702596774395,0.7805447916008124,138.0,2022.0,1884.0,343.0,32.58820253446633,7.391063064012027,37.536879928524606,13.716451035275698,25180,100.79428117553614,87.88721207307387,12.907069102462271,188.68149324861,5.480540111199365,80.30182684670373,74.82128673550437,13.621922160444798,0.714853057982527,Serviços
2020,3521903,Itajobi,263499.102,193309.405,315302.34,74304.617,915015.235,59816.65,1287,1069,218,,,,,,100.0,28.797236583716558,21.12635916930935,34.4586983844045,8.120587959390644,16989,75.7549002295603,62.92306786744364,12.831832362116664,138.67796809700394,,,,5.886161633998469,-6.945670728118195,Serviços
2021,3521903,Itajobi,195824.674,238575.004,333653.222,79969.036,935219.794,61001.88,1560,1460,100,2.208111758926079,1.981438278472636,218.0,1287.0,1069.0,-83.0,20.938893215940638,25.510046465077274,35.676449978987506,8.550827999262813,16989,91.82412149037611,85.93795985637766,5.886161633998469,177.76208134675375,12.831832362116664,75.7549002295603,62.92306786744364,-4.885514156218729,-10.771675790217198,Serviços
2020,3522000,Itaju,28431.924,68198.978,54757.192,22987.784,193590.746,49804.67,176,148,28,,,,,,59.0,14.68661317106552,35.22842873904727,28.285025566253047,11.874422964411737,3618,48.64566058595909,40.906578220011056,7.739082365948038,89.55223880597015,,,,16.30735212824765,8.568269762299613,Indústria
2021,3522000,Itaju,45850.604,79572.071,59660.515,23865.143,232256.5,58993.27,238,179,59,19.972935069943887,18.449273933548803,28.0,176.0,148.0,19.0,19.74136525780764,34.26042801816095,25.687339213326645,10.275339118603785,3618,65.78220011055832,49.47484798231066,16.30735212824765,115.25704809286898,7.739082365948038,48.64566058595909,40.906578220011056,5.251520176893312,-11.05583195135434,Indústria
2020,3522109,Itanhaém,53342.601,151626.737,1347127.341,519416.057,2193769.736,21277.66,3183,3465,-282,,,,,,723.0,2.4315496801985237,6.911697910304293,61.40696167393933,23.676872211168106,112476,28.29937053238024,30.806572068707997,-2.5072015363277496,59.10594260108823,,,,6.42803798143604,8.93523951776379,Serviços
2021,3522109,Itanhaém,65653.361,159891.15,1451541.931,542815.013,2369274.752,22704.86,4226,3503,723,8.000156676425219,6.707504490625382,-282.0,3183.0,3465.0,502.0,2.7710319769617,6.7485271543551235,61.265242867029045,22.910597960063015,112476,37.57245990255699,31.144421921120948,6.42803798143604,68.71688182367794,-2.5072015363277496,28.29937053238024,30.806572068707997,4.463174366086988,-1.964863615349052,Serviços
2020,3522158,Itaoca,6132.606,6593.776,15020.223,18952.504,48415.56,14539.21,30,25,5,,,,,,7.0,12.666601398393409,13.61912575213423,31.023544909942174,39.14548132872986,3422,8.766803039158386,7.305669199298656,1.461133839859731,16.072472238457042,,,,2.045587375803624,0.5844535359438925,Administração pública
2021,3522158,Itaoca,9352.341,6907.746,15328.072,19520.179,53345.253,16009.98,31,24,7,10.182042715193209,10.115886626577383,5.0,30.0,25.0,9.0,17.531721144897375,12.949129700444011,28.733713194686693,36.59215750649828,3422,9.059029807130331,7.01344243132671,2.045587375803624,16.072472238457042,1.461133839859731,8.766803039158386,7.305669199298656,2.6300409117475163,0.5844535359438927,Administração pública
2020,3522208,Itapecerica da Serra,27864.802,713172.875,2384148.204,686645.037,4351802.817,24494.84,7884,7473,411,,,,,,1274.0,0.6403047925597223,16.387986887044658,54.78529943237545,15.778404166605881,158522,49.734421720644455,47.14172165377676,2.5927000668676907,96.87614337442122,,,,8.036739380022961,5.444039313155271,Serviços
2021,3522208,Itapecerica da Serra,26749.485,767377.049,2720393.811,725528.599,4909298.748,27338.58,11057,9783,1274,12.810689142949736,11.609547153604606,411.0,7884.0,7473.0,470.0,0.5448738480398545,15.631092919586976,55.413083428835165,14.778660583562434,158522,69.75057089867651,61.71383151865356,8.036739380022961,131.4644024173301,2.5927000668676907,49.734421720644455,47.14172165377676,2.9648881543255823,-5.07185122569738,Serviços
2020,3522307,Itapetininga,360454.057,1154417.033,2620890.03,644981.068,5336898.221,32242.05,14245,12937,1308,,,,,,2278.0,6.753999084742897,21.630860945736593,49.108862891316505,12.08531700046449,157790,90.27821788453006,81.98871918372521,8.289498700804867,172.26693706825526,,,,14.436909816845176,6.147411116040308,Serviços
2021,3522307,Itapetininga,411249.541,1394942.5,3095970.818,685169.449,6359722.596,38058.01,17169,14891,2278,19.16514673214713,18.03843117915891,1308.0,14245.0,12937.0,1848.0,6.466469799463562,21.934014871613435,48.680909760863415,10.773574454818878,157790,108.80917675391342,94.37226693706825,14.436909816845176,203.18144369098167,8.289498700804867,90.27821788453006,81.98871918372521,11.71176880664174,-2.7251410102034352,Serviços
2020,3522406,Itapeva,1670514.407,331181.897,1479569.179,409123.717,4126112.276,43522.55,6233,6133,100,,,,,,1171.0,40.48640209615081,8.026487764919949,35.85867470466283,9.915477079470534,89728,69.46549572039942,68.35101640513552,1.1144793152639088,137.81651212553496,,,,13.05055278174037,11.93607346647646,Agropecuária
2021,3522406,Itapeva,991508.663,477193.322,1560789.808,431700.823,3788992.478,39783.21,8788,7617,1171,-8.170398075711505,-8.591730034200673,100.0,6233.0,6133.0,804.0,26.168134900161178,12.594200827019957,41.19273968112638,11.393551861255503,89728,97.94044222539227,84.88988944365192,13.05055278174037,182.83033166904423,1.1144793152639088,69.46549572039942,68.35101640513552,8.960413694721826,-4.090139087018544,Serviços
2020,3522505,Itapevi,330.812,1813973.231,7052844.15,932880.471,11873292.908,49274.75,13020,11604,1416,,,,,,2884.0,0.00278618579161898,15.277760306728213,59.40091097430879,7.856965024179963,232297,56.04893735175228,49.95329255220688,6.0956447995454095,106.00222990395916,,,,12.415140961785989,6.319496162240579,Serviços
2021,3522505,Itapevi,364.666,1967818.035,7477096.427,1016204.434,12854995.018,52656.14,17189,14305,2884,8.268153726238392,6.862317921450645,1416.0,13020.0,11604.0,879.0,0.002836765004493446,15.307808616375148,58.16491112233273,7.905132849737212,232297,73.99578987244777,61.580648910661786,12.415140961785989,135.57643878310955,6.0956447995454095,56.04893735175228,49.95329255220688,3.7839489963279767,-8.631191965458012,Serviços
2020,3522604,Itapira,69052.955,1621744.004,1667052.698,338909.794,4191309.293,55710.31,7769,8135,-366,,,,,,1351.0,1.6475270654763392,38.693016683557836,39.77403196619687,8.086012515612266,72022,107.86981755574686,112.95159812279582,-5.081780567048957,220.82141567854265,,,,18.75815722973536,23.83993779678432,Serviços
2021,3522604,Itapira,76928.681,1922953.26,1743951.181,353902.095,4756331.426,62845.44,9754,8403,1351,13.480802620404477,12.80755752391254,-366.0,7769.0,8135.0,440.0,1.6173953013340747,40.429336977830694,36.665888576789854,7.440652538749304,72022,135.4308405764905,116.67268334675516,18.75815722973536,252.1035239232457,-5.081780567048957,107.86981755574686,112.95159812279582,6.109244397545194,-12.648912832190168,Indústria
2020,3522653,Itapirapuã Paulista,3115.403,2238.7,17332.068,23659.028,48495.268,11362.53,81,88,-7,,,,,,28.0,6.424138124156774,4.616326689853533,35.73970969703683,48.786260960553925,4306,18.81096144914073,20.43660009289364,-1.625638643752903,39.24756154203437,,,,6.502554575011612,8.128193218764515,Administração pública
2021,3522653,Itapirapuã Paulista,3028.786,2864.271,19853.768,24442.448,52590.208,12247.37,187,159,28,8.443999113480526,7.787350176413166,-7.0,81.0,88.0,60.0,5.759220423695606,5.446396028705572,37.75183395357554,46.47718449792022,4306,43.42777519739898,36.92522062238736,6.502554575011612,80.35299581978634,-1.625638643752903,18.81096144914073,20.43660009289364,13.934045517882025,7.431490942870413,Administração pública
2020,3522703,Itápolis,272785.792,238068.697,722411.928,193710.136,1561636.403,36039.7,3096,3312,-216,,,,,,714.0,17.467945257677243,15.244822453079045,46.25993135227906,12.404304588947266,39493,78.39363937913048,83.86296305674423,-5.469323677613754,162.25660243587473,,,,18.07915326766769,23.548476945281443,Serviços
2021,3522703,Itápolis,157620.108,315905.16,784293.487,202192.969,1630819.908,37459.11,4430,3716,714,4.430192896828888,3.938462306844959,-216.0,3096.0,3312.0,-179.0,9.6650836322756,19.370940865409153,48.09197405260029,12.398240174046245,39493,112.1717772769858,94.0926240093181,18.07915326766769,206.26440128630392,-5.469323677613754,78.39363937913048,83.86296305674423,-4.53244878839288,-22.61160205606057,Serviços
2020,3522802,Itaporanga,67170.074,13156.105,215281.657,66569.874,395572.187,26070.8,508,529,-21,,,,,,31.0,16.98048452531876,3.3258417634908186,54.42284975409558,16.82875494985192,14085,36.06673766418175,37.55768548100816,-1.490947816826411,73.62442314518992,,,,2.2009229676961306,3.691870784522542,Serviços
2021,3522802,Itaporanga,65058.739,12969.588,142140.633,69996.493,305514.254,20103.59,626,595,31,-22.76649773660654,-22.888480598984305,-21.0,508.0,529.0,42.0,21.29482934043398,4.245166250082721,46.52504134880724,22.911040019756328,14085,44.44444444444444,42.24352147674831,2.2009229676961306,86.68796592119276,-1.490947816826411,36.06673766418175,37.55768548100816,2.981895633652822,0.7809726659566913,Serviços
2020,3522901,Itapuí,17549.586,245974.024,428111.613,62598.984,888097.049,62776.35,2145,1817,328,,,,,,99.0,1.976088764145865,27.69675051583242,48.20549887898569,7.0486647906877575,13659,157.03931473753568,133.0258437660151,24.013470971520608,290.0651585035507,,,,7.247968372501647,-16.76550259901896,Serviços
2021,3522901,Itapuí,23467.57,300836.91,466055.325,65153.213,1003728.987,70205.57,1988,1889,99,13.0201916705164,11.834424906831975,328.0,2145.0,1817.0,200.0,2.3380384848843665,29.971926077292814,46.43238673349184,6.491116012772878,13659,145.54506186397248,138.29709349147083,7.247968372501647,283.84215535544325,24.013470971520608,157.03931473753568,133.0258437660151,14.642360348488175,7.394391975986528,Serviços
2020,3523008,Itapura,40008.345,4605.825,30851.507,28153.029,107074.297,21626.8,351,200,151,,,,,,-92.0,37.36503168449474,4.301522521319939,28.813177265128342,26.292985140962443,3979,88.21311887408896,50.263885398341294,37.94923347574768,138.47700427243026,,,,-23.12138728323699,-61.07062075898467,Agropecuária
2021,3523008,Itapura,35615.413,4324.714,30535.108,29815.317,104627.589,20950.66,227,319,-92,-2.285056328691093,-3.1263987275047644,151.0,351.0,200.0,79.0,34.0401736677694,4.1334355893453685,29.184566223732823,28.496610965583848,3979,57.04950992711737,80.17089721035437,-23.12138728323699,137.2204071374717,37.94923347574768,88.21311887408896,50.263885398341294,19.85423473234481,42.975622015581806,Agropecuária
2020,3523107,Itaquaquecetuba,16012.642,1635167.869,3780828.683,1297957.54,7735227.626,20626.67,17308,16742,566,,,,,,3067.0,0.20700931859041327,21.139234009142783,48.87805331405771,16.779823461655425,369275,46.87021867172162,45.337485613702526,1.5327330580190914,92.20770428542414,,,,8.305463408029247,6.772730350010156,Serviços
2021,3523107,Itaquaquecetuba,15805.816,2351745.61,4428777.879,1324841.272,9519617.706,25112.29,23129,20062,3067,23.068359022845385,21.746699782369163,566.0,17308.0,16742.0,1991.0,0.16603414641365222,24.704202234063956,46.522644246613396,13.916958778344455,369275,62.63353869067768,54.32807528264844,8.305463408029247,116.96161397332612,1.5327330580190914,46.87021867172162,45.337485613702526,5.391645792431115,-2.9138176155981323,Serviços
2020,3523206,Itararé,208933.407,100645.964,526382.114,204453.857,1111630.136,21950.76,1907,2063,-156,,,,,,479.0,18.795226958474615,9.053907477009963,47.35227095354673,18.39225569537816,44438,42.91372248976102,46.42423151356947,-3.5105090238084524,89.33795400333048,,,,10.7790629641298,14.289571987938253,Serviços
2021,3523206,Itararé,172774.078,118452.578,580730.102,218485.133,1182424.012,23286.15,3072,2593,479,6.368473983148659,6.083570682746298,-156.0,1907.0,2063.0,292.0,14.611854651679723,10.017775078809883,49.113524091728266,18.477731404527667,44438,69.13002385345875,58.35096088932895,10.7790629641298,127.48098474278773,-3.5105090238084524,42.91372248976102,46.42423151356947,6.570952788154282,-4.208110175975517,Serviços
2020,3523305,Itariri,110415.796,12913.84,146386.922,72046.222,360599.172,20490.92,344,264,80,,,,,,89.0,30.620091385012945,3.5812173190458685,40.5954681448908,19.979586087346863,15528,22.15352910870685,17.001545595054097,5.151983513652756,39.15507470376095,,,,5.731581658938691,0.5795981452859351,Serviços
2021,3523305,Itariri,109346.831,13139.103,204462.196,76866.312,438980.463,24725.72,477,388,89,21.736403487914814,20.666714818075537,80.0,344.0,264.0,-16.0,24.90927050664667,2.9930951619594057,46.576604936516276,17.51018974163322,15528,30.71870170015456,24.98712004121587,5.731581658938691,55.70582174137043,5.151983513652756,22.15352910870685,17.001545595054097,-1.0303967027305514,-6.761978361669243,Serviços
2020,3523404,Itatiba,902994.867,1953591.281,2608658.431,572716.312,7185023.4,58614.49,13155,13166,-11,,,,,,1151.0,12.567737315928573,27.18976922190678,36.30688845077387,7.970973511373672,121590,108.19146311374293,108.28193107985854,-0.0904679661156345,216.47339419360145,,,,9.466238999917756,9.55670696603339,Serviços
2021,3523404,Itatiba,840129.835,2385197.969,2904492.795,612781.673,8245497.584,66360.02,15665,14514,1151,14.759509120039873,13.214360476394148,-11.0,13155.0,13166.0,2043.0,10.18895253368617,28.92727751965345,35.22519733237242,7.431712480142787,121590,128.83460810921952,119.36836910930175,9.466238999917756,248.20297721852128,-0.0904679661156345,108.19146311374293,108.28193107985854,16.80236861584012,7.3361296159223635,Serviços
2020,3523503,Itatinga,67578.974,44249.393,147363.319,91538.014,375518.249,17949.35,1311,1166,145,,,,,,106.0,17.996189048058753,11.78355329410369,39.24265182648953,24.37644887931931,19070,68.74672260094388,61.14315679077084,7.603565810173047,129.88987939171474,,,,5.558468799160986,-2.0450970110120608,Serviços
2021,3523503,Itatinga,47195.842,58661.719,162822.867,93133.09,396659.517,18764.35,1857,1751,106,5.629890972355911,4.540554393334584,145.0,1311.0,1166.0,248.0,11.898325888396622,14.78893521669871,41.04852147036724,23.479353452648912,19070,97.37808075511276,91.81961195595176,5.558468799160986,189.1976927110645,7.603565810173047,68.74672260094388,61.14315679077084,13.004719454640798,7.446250655479812,Serviços
2020,3523602,Itirapina,48977.697,159824.058,296544.954,101248.494,722976.675,39319.99,1797,1746,51,,,,,,657.0,6.774450503538029,22.10639202156833,41.017222858538275,14.004392880309727,16148,111.28313103789942,108.12484518206588,3.15828585583354,219.4079762199653,,,,40.686153083973245,37.527867228139705,Serviços
2021,3523602,Itirapina,97283.467,257539.88,382847.624,106989.752,1273183.85,68413.96,3291,2634,657,76.10303264624685,73.9928214630777,51.0,1797.0,1746.0,-345.0,7.640959866086897,20.228019700375558,30.070097417588197,8.403323055032468,16148,203.802328461729,163.11617537775575,40.686153083973245,366.9185038394848,3.15828585583354,111.28313103789942,108.12484518206588,-21.36487490710924,-62.051027991082485,Serviços
2020,3523701,Itirapuã,50564.713,8106.81,37864.398,31512.625,131553.154,20105.94,289,244,45,,,,,,18.0,38.43671661418319,6.162383609594036,28.78258471856935,23.95429075003401,5779,50.00865201591971,42.22183768818135,7.786814327738363,92.23048970410106,,,,3.114725731095345,-4.672088596643018,Agropecuária
2021,3523701,Itirapuã,73242.756,9458.206,41938.037,32245.552,161834.767,24568.81,407,389,18,23.018538194834903,22.196773689765337,45.0,289.0,244.0,76.0,45.25773871568647,5.844359759853086,25.914108431348374,19.924984351477455,5779,70.42740958643364,67.31268385533829,3.114725731095345,137.74009344177193,7.786814327738363,50.00865201591971,42.22183768818135,13.151064197958124,10.03633846686278,Agropecuária
2020,3523800,Itobi,41113.891,14786.653,64221.48,31948.96,160794.199,20478.12,246,179,67,,,,,,83.0,25.569262607539716,9.196011480488796,39.9401722197702,19.869473027444233,8046,30.574198359433257,22.24707929405916,8.327119065374099,52.82127765349242,,,,10.315684812329106,1.9885657469550075,Serviços
2021,3523800,Itobi,65156.294,17152.859,71342.018,33120.573,198366.051,25230.99,451,368,83,23.366422566028035,23.209503606776423,67.0,246.0,179.0,156.0,32.84649448407883,8.647073888666563,35.964832510579136,16.69669423423668,8046,56.05269699229431,45.737012179965205,10.315684812329106,101.7897091722595,8.327119065374099,30.574198359433257,22.24707929405916,19.38851603281133,9.072831220482229,Serviços
2020,3523909,Itu,55615.378,2251684.388,4452253.347,768832.67,9138713.04,52052.27,17552,17472,80,,,,,,3004.0,0.608569037637711,24.638965882224483,48.71860323781433,8.4129205790228,168240,104.32715168806467,103.85164051355208,0.475511174512601,208.17879220161672,,,,17.855444602948168,17.379933428435567,Serviços
2021,3523909,Itu,61727.529,2778956.096,4851515.989,785615.934,10540812.918,59502.19,26322,23318,3004,15.342421540790616,14.31238253394138,80.0,17552.0,17472.0,1625.0,0.5856050143399387,26.363774005081908,46.0260136171786,7.453086779089348,168240,156.45506419400857,138.5996195910604,17.855444602948168,295.05468378506896,0.475511174512601,104.32715168806467,103.85164051355208,9.658820732287207,-8.196623870660959,Serviços
2020,3524006,Itupeva,47892.833,2717764.924,3349022.728,403378.112,8259460.097,131492.85,12652,12314,338,,,,,,663.0,0.5798542814850044,32.90487383052007,40.54771968952827,4.883831476424409,70616,179.16619463011216,174.37974396737283,4.786450662739323,353.545938597485,,,,9.38880706921944,4.6023564064801175,Serviços
2021,3524006,Itupeva,90568.245,2380931.761,3601852.833,413889.302,8423278.988,130938.58,15897,15234,663,1.983409194742669,-0.4215210180629647,338.0,12652.0,12314.0,1924.0,1.0752136445798084,28.26609167750387,42.76069732619902,4.913636394919798,70616,225.1189532117367,215.7301461425173,9.38880706921944,440.849099354254,4.786450662739323,179.16619463011216,174.37974396737283,27.245949926362297,17.857142857142854,Serviços
2020,3524105,Ituverava,197156.775,413908.033,741059.537,188700.316,1773342.521,42177.25,1647,1746,-99,,,,,,340.0,11.11780565036144,23.340557624851538,41.788855126651534,10.640940132287055,37571,43.837001942987946,46.47201298874132,-2.635011045753374,90.30901493172924,,,,9.049532884405526,11.6845439301589,Serviços
2021,3524105,Ituverava,124876.142,500864.603,801006.844,191840.232,1907193.117,45131.05,2599,2259,340,7.547926833927199,7.003301542893392,-99.0,1647.0,1746.0,258.0,6.547640136014605,26.261871361399216,41.99925203484257,10.058773298309884,37571,69.17569401932342,60.126161134917886,9.049532884405526,129.3018551542413,-2.635011045753374,43.837001942987946,46.47201298874132,6.866998482872428,-2.182534401533098,Serviços
2020,3524204,Jaborandi,54548.411,8208.988,50163.731,35290.887,153084.734,22039.26,310,283,27,,,,,,25.0,35.63282214672039,5.3623818557897485,32.768604477569916,23.053171977292003,6221,49.83121684616621,45.49107860472593,4.340138241440283,95.32229545089214,,,,4.018646519852114,-0.3214917215881696,Agropecuária
2021,3524204,Jaborandi,53492.19,8042.021,49075.616,36614.163,153277.993,22013.21,177,152,25,0.1262431562901511,-0.1181981609182813,27.0,310.0,283.0,13.0,34.89880637985651,5.246689914578932,32.017392085764065,23.887423291091764,6221,28.452017360552965,24.433370840700853,4.018646519852114,52.88538820125382,4.340138241440283,49.83121684616621,45.49107860472593,2.089696190323099,-1.928950329529015,Agropecuária
2020,3524303,Jaboticabal,186718.912,643291.797,1639137.404,371048.016,3183999.523,41003.45,6844,6716,128,,,,,,460.0,5.864288315724098,20.203891123510072,51.48045381789462,11.653519836284222,71821,95.29246320713996,93.51025466089304,1.7822085462469195,188.80271786803303,,,,6.404811963074867,4.622603416827948,Serviços
2021,3524303,Jaboticabal,247869.658,697109.406,1831272.797,389442.189,3601183.19,46151.86,7886,7426,460,13.1025040671779,12.556041016060847,128.0,6844.0,6716.0,262.0,6.883006082231545,19.357787960795182,50.851975597498,10.814284318593636,71821,109.80075465393128,103.39594269085644,6.404811963074867,213.1966973447877,1.7822085462469195,95.29246320713996,93.51025466089304,3.647958118099163,-2.7568538449757045,Serviços
2020,3524402,Jacareí,36222.714,4374111.813,6108694.625,904543.998,14058031.502,59715.7,16748,17532,-784,,,,,,2961.0,0.2576656197906989,31.11468211162926,43.4534139728662,6.434357455176515,240275,69.70346477993965,72.96639267505984,-3.262927895120175,142.6698574549995,,,,12.323379461034232,15.586307356154409,Serviços
2021,3524402,Jacareí,38511.705,5091965.759,6611049.404,954072.132,16080493.543,67816.13,23874,20913,2961,14.386523751296677,13.56499212100002,-784.0,16748.0,17532.0,2081.0,0.2394933022237028,31.665481817357428,41.11222946187405,5.933102298438577,240275,99.36114868379984,87.03776922276559,12.323379461034232,186.3989179065654,-3.262927895120175,69.70346477993965,72.96639267505984,8.660909374674851,-3.662470086359381,Serviços
2020,3524501,Jaci,29328.503,224639.868,202806.289,34677.359,566411.481,78711.99,1355,1054,301,,,,,,38.0,5.17794995048838,39.66018972698048,35.80546931039344,6.122290978067232,7613,177.98502561408117,138.44739261789047,39.53763299619072,316.4324182319716,,,,4.991461972941022,-34.5461710232497,Indústria
2021,3524501,Jaci,32379.736,290062.665,221721.283,37440.558,676808.092,92434.87,1425,1387,38,19.49053200777191,17.434294317803413,301.0,1355.0,1054.0,114.0,4.7841827517629625,42.85744636161945,32.75984516449901,5.531931199191395,7613,187.17982398528832,182.1883620123473,4.991461972941022,369.3681859976356,39.53763299619072,177.98502561408117,138.44739261789047,14.974385918823064,9.982923945882042,Indústria
2020,3524600,Jacupiranga,129938.398,35343.175,241336.954,83029.345,518400.745,28978.74,779,750,29,,,,,,104.0,25.06524137036107,6.81773229318951,46.55412946985638,16.01644013841068,16097,48.39411070385786,46.59253277008138,1.80157793377648,94.98664347393924,,,,6.460831210784618,4.659253277008138,Serviços
2021,3524600,Jacupiranga,122648.56,30011.007,253282.227,86628.828,531089.163,29651.56,1083,979,104,2.4476079794213845,2.321771063890288,29.0,779.0,750.0,39.0,23.093779452622726,5.6508415329875605,47.691093067926154,16.311541269389448,16097,67.27961731999751,60.818786109212894,6.460831210784618,128.0984034292104,1.80157793377648,48.39411070385786,46.59253277008138,2.422811704044232,-4.038019506740387,Serviços
2020,3524709,Jaguariúna,18054.505,3037088.943,5585471.095,373982.557,11426525.492,194586.79,8927,9349,-422,,,,,,3249.0,0.15800520475485236,26.579286460493552,48.881622842486365,3.272933292467904,59347,150.42040878224677,157.53113046994793,-7.110721687701147,307.9515392521947,,,,54.74581697474178,61.85653866244293,Serviços
2021,3524709,Jaguariúna,20779.595,3759802.801,6870415.167,379153.169,13981301.517,233328.91,15782,12533,3249,22.358292788027857,19.90994352699893,-422.0,8927.0,9349.0,1089.0,0.14862418190991653,26.89165094128339,49.140025759734854,2.711858896247849,59347,265.9275110789088,211.181694104167,54.74581697474178,477.1092051830758,-7.110721687701147,150.42040878224677,157.53113046994793,18.3497059666032,-36.396111008138575,Serviços
2020,3524808,Jales,77640.326,271523.002,1086896.403,206463.908,1791517.01,36412.21,3071,2920,151,,,,,,362.0,4.333775541433458,15.156038177946185,60.669052927384705,11.524529594056157,48776,62.96129243890437,59.86550762670166,3.0957848122027225,122.82680006560604,,,,7.421682794817123,4.3258979826144,Serviços
2021,3524808,Jales,88022.246,355472.671,1139428.481,219012.819,1982125.374,40212.72,3779,3417,362,10.639495072391192,10.43746040133242,151.0,3071.0,2920.0,301.0,4.440801129666584,17.933914557717575,57.485187160517114,11.04939283220134,48776,77.47662784976218,70.05494505494505,7.421682794817123,147.53157290470722,3.0957848122027225,62.96129243890437,59.86550762670166,6.171067738231917,-1.2506150565852057,Serviços
2020,3524907,Jambeiro,8056.688,82200.535,71258.597,36600.721,272002.23,40494.6,1219,659,560,,,,,,352.0,2.9619933630691193,30.220537162507828,26.197798819517033,13.456037106754604,6397,190.5580740972331,103.0170392371424,87.54103486009068,293.5751133343755,,,,55.02579334062842,-32.51524151946226,Indústria
2021,3524907,Jambeiro,12071.354,112580.984,96688.358,38485.871,352904.037,51684.83,1819,1467,352,29.74306754764476,27.63388204847066,560.0,1219.0,659.0,-101.0,3.4205769088439184,31.90130239286551,27.397917808460768,10.905477683725108,6397,284.3520400187588,229.3262466781304,55.02579334062842,513.6782866968892,87.54103486009068,190.5580740972331,103.0170392371424,-15.788650930123495,-70.81444427075192,Indústria
2020,3525003,Jandira,661.623,1135565.647,2126717.505,516284.887,4647130.882,36778.08,6158,5697,461,,,,,,971.0,0.014237236195836502,24.435843875162888,45.7640974399395,11.109755677417136,118045,52.16654665593629,48.26125630056335,3.905290355372951,100.42780295649963,,,,8.225676648735652,4.3203862933627,Serviços
2021,3525003,Jandira,729.331,1244034.616,2246180.48,552277.477,4908360.238,38426.42,8259,7288,971,5.621304039699737,4.481854408930519,461.0,6158.0,5697.0,592.0,0.01485895420539017,25.345218274095227,45.76233958156353,11.251771471953644,118045,69.96484391545597,61.73916726672032,8.225676648735652,131.7040111821763,3.905290355372951,52.16654665593629,48.26125630056335,5.015036638570037,-3.2106400101656147,Serviços
2020,3525102,Jardinópolis,110923.609,188263.525,722505.023,220999.499,1380925.362,30707.7,3500,3424,76,,,,,,582.0,8.032556432981206,13.633142686823938,52.32035292288303,16.003725116607715,45282,77.29340576829645,75.61503467161344,1.6783710966830088,152.9084404399099,,,,12.852789187756724,11.174418091073717,Serviços
2021,3525102,Jardinópolis,100311.166,227269.233,825790.259,239951.348,1580760.481,34708.42,4313,3731,582,14.47110209566851,13.028393529961525,76.0,3500.0,3424.0,215.0,6.345753655009294,14.377208674664486,52.240062231161,15.179488030229926,45282,95.24755973676076,82.39477054900402,12.852789187756724,177.64233028576476,1.6783710966830088,77.29340576829645,75.61503467161344,4.748023497195354,-8.104765690561372,Serviços
2020,3525201,Jarinu,58216.129,453807.969,1551347.68,188072.97,2636754.893,86120.62,2762,2886,-124,,,,,,586.0,2.2078703316167507,17.210851497981842,58.83549070558224,7.132743756323048,37535,73.58465432263222,76.8882376448648,-3.3035833222325826,150.472891967497,,,,15.61209537764753,18.91567869988011,Serviços
2021,3525201,Jarinu,55015.372,565116.712,1683142.428,192492.104,2997399.556,96153.71,3777,3191,586,13.677595287959132,11.65004385709254,-124.0,2762.0,2886.0,314.0,1.8354367167991936,18.85356628110477,56.15342220995512,6.42197012455953,37535,100.62608232316504,85.01398694551752,15.61209537764753,185.64006926868257,-3.3035833222325826,73.58465432263222,76.8882376448648,8.365525509524444,-7.246569868123085,Serviços
2020,3525300,Jaú,92148.277,735566.99,3051654.21,619961.887,5000015.661,32920.61,12426,14247,-1821,,,,,,2871.0,1.8429597674814162,14.711293721285806,61.03289303277244,12.399198903229195,133497,93.08074338749184,106.72149935953618,-13.640755972044316,199.802242747028,,,,21.506101260702486,35.146857232746804,Serviços
2021,3525300,Jaú,125734.564,878277.38,3302757.538,644925.339,5582394.761,36376.16,16508,13637,2871,11.647545517557912,10.496615949704458,-1821.0,12426.0,14247.0,1179.0,2.2523409644622947,15.732985888706125,59.16381193737653,11.552843656016751,133497,123.6582095477801,102.15210828707762,21.506101260702486,225.81031783485773,-13.640755972044316,93.08074338749184,106.72149935953618,8.831659138407606,-12.67444212229488,Serviços
2020,3525409,Jeriquara,66142.455,8272.08,33119.399,20505.018,131437.244,41712.87,407,353,54,,,,,,37.0,50.322460352257536,6.293558620264436,25.197879985980226,15.6006146933513,3863,105.35852964017604,91.37975666580378,13.97877297437225,196.7382863059798,,,,9.57804814910691,-4.400724825265339,Agropecuária
2021,3525409,Jeriquara,97912.801,9837.269,34950.275,21196.972,168937.393,53750.36,686,649,37,28.53083940195824,28.85797596760904,54.0,407.0,353.0,38.0,57.95803952059329,5.823026403633445,20.688300191775777,12.547235176051286,3863,177.58219000776597,168.0041418586591,9.57804814910691,345.58633186642504,13.97877297437225,105.35852964017604,91.37975666580378,9.83691431529899,0.2588661661920799,Agropecuária
2020,3525508,Joanópolis,23390.368,14356.192,122544.675,59318.382,230699.214,17296.39,687,727,-40,,,,,,178.0,10.138902337135832,6.222904599926378,53.11880906538329,25.7124335066005,12815,53.609051892313694,56.730394069449865,-3.1213421771361687,110.33944596176356,,,,13.88997268825595,17.01131486539212,Serviços
2021,3525508,Joanópolis,25635.617,13741.125,141279.273,63361.833,261557.616,19442.33,1017,839,178,13.3760325685375,12.406866403914352,-40.0,687.0,727.0,52.0,9.801135746702935,5.253574799366576,54.01458965737017,24.22480903786797,12815,79.36012485368708,65.47015216543113,13.88997268825595,144.83027701911823,-3.1213421771361687,53.609051892313694,56.730394069449865,4.057744830277019,-9.832227857978932,Serviços
2020,3525607,João Ramalho,70861.817,2690.782,31691.124,23120.809,131573.769,28910.96,59,59,0,,,,,,12.0,53.85710049850437,2.0450748051460015,24.086202166938,17.572506416533525,4371,13.498055364905056,13.498055364905056,0.0,26.996110729810116,,,,2.7453671928620453,2.7453671928620453,Agropecuária
2021,3525607,João Ramalho,84115.008,2976.951,33336.969,23600.407,148675.33,32483.14,94,82,12,12.997697892199156,12.355798631384095,0.0,59.0,59.0,-38.0,56.57630489200866,2.002316725982717,22.42266353133368,15.873788206826244,4371,21.505376344086024,18.760009151223976,2.7453671928620453,40.26538549530999,0.0,13.498055364905056,13.498055364905056,-8.693662777396476,-11.43902997025852,Agropecuária
2020,3525706,José Bonifácio,157998.122,291658.215,612776.696,173897.102,1344334.89,35977.49,3368,3777,-409,,,,,,188.0,11.752884134398982,21.695354124149826,45.58214627606667,12.935549266299265,36633,91.93896213796305,103.10375890590451,-11.164796767941471,195.04272104386757,,,,5.1319848224278655,16.29678159036934,Serviços
2021,3525706,José Bonifácio,166490.548,272609.518,626318.305,194282.52,1381751.014,36644.42,4323,4135,188,2.7832442852093298,1.8537424372850888,-409.0,3368.0,3777.0,244.0,12.049243772076581,19.72927938810255,45.32787011944252,14.06060267237119,36633,118.00835312423224,112.87636830180438,5.1319848224278655,230.88472142603663,-11.164796767941471,91.93896213796305,103.10375890590451,6.660661152512762,1.5286763300848962,Serviços
2020,3525805,Júlio Mesquita,9412.013,1691.862,20214.857,22108.566,56117.202,11691.08,39,43,-4,,,,,,11.0,16.772063938611907,3.014872338075587,36.02256755424121,39.39712817470835,4254,9.167842031029618,10.10813352139163,-0.9402914903620122,19.27597555242125,,,,2.5858015984955336,3.5260930888575457,Administração pública
2021,3525805,Júlio Mesquita,9938.735,1690.562,20852.077,23464.639,58842.947,12197.96,66,55,11,4.857236110952212,4.335613134115923,-4.0,39.0,43.0,10.0,16.89027403743052,2.8730070232546305,35.43683323678537,39.87672303360333,4254,15.514809590973202,12.929007992477668,2.5858015984955336,28.44381758345087,-0.9402914903620122,9.167842031029618,10.10813352139163,2.3507287259050305,-0.2350728725905031,Administração pública
2020,3525854,Jumirim,11850.971,68516.525,49663.568,19941.342,172439.824,50450.5,522,447,75,,,,,,17.0,6.872525571587222,39.73358555503977,28.80052116035563,11.564232401443416,3056,170.8115183246073,146.2696335078534,24.541884816753928,317.0811518324607,,,,5.5628272251308895,-18.97905759162304,Indústria
2021,3525854,Jumirim,18361.669,86777.174,55533.029,20608.189,213999.554,61724.71,542,525,17,24.101004649598814,22.34707287341058,75.0,522.0,447.0,-6.0,8.580237041054769,40.550165819504464,25.95006763425311,9.630014929844197,3056,177.35602094240838,171.7931937172775,5.5628272251308895,349.14921465968587,24.541884816753928,170.8115183246073,146.2696335078534,-1.963350785340314,-7.526178010471203,Indústria
2020,3525904,Jundiaí,198218.391,9893708.636,27542894.894,2132467.142,51740229.667,122315.59,65443,66576,-1133,,,,,,9825.0,0.38310303660368944,19.121887745137364,53.23303563062245,4.1214875846600485,443221,147.6532023527766,150.20948917131636,-2.556286818539735,297.8626915240929,,,,22.16727095512171,24.723557773661447,Serviços
2021,3525904,Jundiaí,185537.439,11700443.69,29583739.418,2239148.491,57670892.685,135081.2,89533,79708,9825,11.462382475241672,10.436617278304428,-1133.0,65443.0,66576.0,7348.0,0.32171764708656514,20.28829994692148,51.297522962904694,3.8826319253115957,443221,202.00532014502923,179.8380491899075,22.16727095512171,381.8433693349367,-2.556286818539735,147.6532023527766,150.20948917131636,16.57863684256838,-5.588634112553333,Serviços
2020,3526001,Junqueirópolis,63046.032,153837.726,339114.417,96143.447,722779.583,34697.31,991,1014,-23,,,,,,140.0,8.722718997999145,21.284182566623496,46.91809577581829,13.3019041020698,20448,48.46439749608764,49.58920187793427,-1.1248043818466351,98.05359937402191,,,,6.846635367762128,7.971439749608764,Serviços
2021,3526001,Junqueirópolis,73462.948,177594.526,380557.884,98820.88,807879.163,38510.78,1344,1204,140,11.77393246870395,10.990679104518474,-23.0,991.0,1014.0,325.0,9.093308921002583,21.98280808982816,47.10579272608372,12.232136255753389,20448,65.72769953051643,58.88106416275431,6.846635367762128,124.60876369327072,-1.1248043818466351,48.46439749608764,49.58920187793427,15.89397496087637,9.04733959311424,Serviços
2020,3526100,Juquiá,100083.164,20395.884,141160.702,84986.958,361363.946,19305.69,271,458,-187,,,,,,5.0,27.69594618053014,5.644139163789184,39.06330544663689,23.518383319845636,17154,15.798064591348956,26.6993121137927,-10.901247522443745,42.49737670514165,,,,0.2914772064824531,11.192724728926198,Serviços
2021,3526100,Juquiá,89324.04,21741.048,148761.986,86907.696,366459.396,19673.56,403,398,5,1.4100604270023132,1.905500399105153,-187.0,271.0,458.0,19.0,24.374880539288995,5.932730402688324,40.594398076233254,23.715504895936682,17154,23.49306284248572,23.201585636003266,0.2914772064824531,46.694648478488986,-10.901247522443745,15.798064591348956,26.6993121137927,1.1076133846333216,0.8161361781508685,Serviços
2020,3526209,Juquitiba,1137.776,62426.311,306895.874,130101.09,543274.571,17167.24,1240,1324,-84,,,,,,261.0,0.20942927586426646,11.490747834026637,56.490012671695624,23.94757585662886,27404,45.24886877828054,48.31411472777697,-3.065245949496424,93.5629835060575,,,,9.524157057363889,12.589403006860312,Serviços
2021,3526209,Juquitiba,1252.926,78290.446,306244.897,134189.67,573997.22,18025.29,1321,1060,261,5.655086882393401,4.998182584969979,-84.0,1240.0,1324.0,-45.0,0.21828084811978707,13.639516581630831,53.35302791187735,23.378104514164725,27404,48.20464165815209,38.680484600788205,9.524157057363889,86.8851262589403,-3.065245949496424,45.24886877828054,48.31411472777697,-1.6420960443730843,-11.166253101736974,Serviços
2020,3526308,Lagoinha,10530.594,3542.685,28095.92,24526.932,69166.965,14147.47,85,81,4,,,,,,23.0,15.224889511922346,5.121932124678306,40.620432022714894,35.4604716283272,5083,16.72240802675585,15.93547117843793,0.7869368483179224,32.65787920519379,,,,4.524886877828055,3.7379500295101327,Serviços
2021,3526308,Lagoinha,11329.111,3547.553,30228.134,25593.956,73967.039,15150.97,118,95,23,6.939836090827467,7.093141035110873,4.0,85.0,81.0,28.0,15.316431687903581,4.796126826166449,40.86703267924514,34.601839340898856,5083,23.214637025378718,18.68975014755066,4.524886877828055,41.904387172929376,0.7869368483179224,16.72240802675585,15.93547117843793,5.508557938225457,0.983671060397402,Serviços
2020,3526407,Laranjal Paulista,29306.461,437459.374,465951.008,133103.575,1248779.064,43382.98,4562,4218,344,,,,,,270.0,2.3468091229947143,35.03096637436901,37.31252560460927,10.658696869376728,26261,173.7176802101976,160.61840752446594,13.099272685731696,334.3360877346636,,,,10.281405887056852,-2.8178667986748422,Serviços
2021,3526407,Laranjal Paulista,40153.573,509863.048,502218.974,146191.816,1411101.003,48579.92,5197,4927,270,12.998451341749906,11.979213968242842,344.0,4562.0,4218.0,-12.0,2.8455491785941276,36.13228584743625,35.590575935548394,10.360124164690994,26261,197.8980236853128,187.616617798256,10.281405887056852,385.5146414835688,13.099272685731696,173.7176802101976,160.61840752446594,-0.4569513727580823,-10.738357259814936,Indústria
2020,3526506,Lavínia,71257.625,5192.384,49513.673,50704.957,182614.041,14864.8,53,62,-9,,,,,,-4.0,39.020890513013725,2.843365149561528,27.11383677227755,27.76618748609807,9689,5.470120755495923,6.399009185674476,-0.928888430178553,11.8691299411704,,,,-0.4128393023015791,0.5160491278769739,Agropecuária
2021,3526506,Lavínia,69549.161,4258.765,50632.822,52775.844,184895.988,14696.45,75,79,-4,1.249601064356276,-1.1325413056347822,-9.0,53.0,62.0,-1.0,37.615289413418736,2.303330129586154,27.384489272963563,28.543531187923882,9689,7.740736918154608,8.153576220456188,-0.4128393023015791,15.894313138610796,-0.928888430178553,5.470120755495923,6.399009185674476,-0.1032098255753947,0.3096294767261843,Agropecuária
2020,3526605,Lavrinhas,5729.688,21181.012,43978.515,37159.184,120110.153,16428.69,79,90,-11,,,,,,53.0,4.770361086793387,17.634655748044878,36.615151926415415,30.93758776579029,7171,11.0165946172082,12.55055082973086,-1.533956212522661,23.567145446939055,,,,7.390879933063729,8.92483614558639,Serviços
2021,3526605,Lavrinhas,5803.588,22491.291,50203.183,39864.726,133317.098,18111.28,162,109,53,10.995694094236974,10.24177825499173,-11.0,79.0,90.0,-2.0,4.353221069963584,16.870522489170895,37.656972551262704,29.902185539622234,7171,22.59099149351555,15.20011156045182,7.390879933063729,37.79110305396737,-1.533956212522661,11.0165946172082,12.55055082973086,-0.2789011295495747,-7.669781062613304,Serviços
2020,3526704,Leme,94943.244,950255.658,1793522.21,431210.555,3753059.313,35967.45,7468,6953,515,,,,,,1763.0,2.529756022536913,25.319494810765864,47.78827245781926,11.489574745231318,98161,76.07909454875154,70.83261172970936,5.2464828190421855,146.91170627846088,,,,17.960289728099756,12.71380690905757,Serviços
2021,3526704,Leme,111181.589,983962.352,1929158.941,459955.021,4101866.544,38964.09,10382,8619,1763,9.293944004343002,8.331533094506272,515.0,7468.0,6953.0,1058.0,2.7105120999763077,23.9881610346219,47.031245904913085,11.213310234892909,98161,105.7650186937786,87.80472896567883,17.960289728099756,193.56974765945745,5.2464828190421855,76.07909454875154,70.83261172970936,10.778211305915791,-7.182078422183963,Serviços
2020,3526803,Lençóis Paulista,101434.391,1560748.122,1711979.859,308643.748,4297734.42,62295.03,13994,9720,4274,,,,,,-519.0,2.360182856529325,36.315601884027075,39.83447304312489,7.181545387348528,66505,210.42026915269528,146.15442447936243,64.26584467333284,356.57469363205774,,,,-7.803924516953612,-72.06976919028645,Serviços
2021,3526803,Lençóis Paulista,97655.088,1872223.387,1952286.818,327595.869,4924228.119,70818.58,17458,17977,-519,14.5773013819686,13.682552203602771,4274.0,13994.0,9720.0,2640.0,1.9831552405787316,38.020646926897584,39.646555172112244,6.652735435549387,66505,262.506578452748,270.3105029697016,-7.803924516953612,532.8170814224494,64.26584467333284,210.42026915269528,146.15442447936243,39.69626343883918,47.5001879557928,Serviços
2020,3526902,Limeira,101363.889,4072024.115,6352439.823,1208728.642,13726846.997,44498.05,27790,27943,-153,,,,,,5222.0,0.7384353378612951,29.664671835345295,46.27748691588334,8.80558107964755,291869,95.2139487235712,95.73815650171824,-0.5242077781470454,190.95210522528944,,,,17.891588349567783,18.415796127714827,Serviços
2021,3526902,Limeira,113031.059,4846073.774,7194792.767,1324328.677,16060738.811,51678.31,38392,33170,5222,17.002388199635888,16.136122818865072,-153.0,27790.0,27943.0,4818.0,0.7037724747916642,30.173417493602,44.79739600816051,8.245751908330439,291869,131.53846417399586,113.64687582442808,17.891588349567783,245.185339998424,-0.5242077781470454,95.2139487235712,95.73815650171824,16.507405719689313,-1.3841826298784703,Serviços
2020,3527009,Lindóia,7405.339,64344.177,86213.552,41518.48,219202.75,27088.82,452,533,-81,,,,,,123.0,3.3783057010005577,29.353727085996873,39.330506574392885,18.94067478624242,7014,64.44254348445966,75.990875392073,-11.548331907613344,140.43341887653267,,,,17.536355859709154,29.0846877673225,Serviços
2021,3527009,Lindóia,9518.671,76442.616,91644.672,43819.052,246178.779,30018.14,681,558,123,12.30642818121579,10.813760067806566,-81.0,452.0,533.0,59.0,3.866568450239978,31.051667536298893,37.22687730123156,17.79968695027121,7014,97.09153122326776,79.55517536355859,17.536355859709154,176.64670658682635,-11.548331907613344,64.44254348445966,75.990875392073,8.411747932706017,-9.124607927003137,Serviços
2020,3527108,Lins,78773.603,2642346.677,2276092.72,289976.454,6001769.735,76452.74,8014,6876,1138,,,,,,1133.0,1.3125062519580317,44.02612552079191,37.92369285223836,4.831515816226162,74779,107.16912502173072,91.95094879578492,15.218176225945786,199.1200738175156,,,,15.151312534267642,-0.0668636916781437,Indústria
2021,3527108,Lins,70627.343,3089440.83,2421186.445,300941.295,6763890.055,85642.71,9260,8127,1133,12.69825990750042,12.020458651972454,1138.0,8014.0,6876.0,92.0,1.044182303758632,45.67550336978386,35.79576878560011,4.449233984481139,74779,123.83155698792442,108.68024445365675,15.151312534267642,232.5118014415812,15.218176225945786,107.16912502173072,91.95094879578492,1.230291926877867,-13.921020607389776,Indústria
2020,3527207,Lorena,15148.511,969464.799,1425530.888,357231.443,3105449.372,34843.75,4434,4400,34,,,,,,1048.0,0.4878041528090963,31.21818078056885,45.90417415441285,11.503373592915237,84855,52.253844794060456,51.85316127511638,0.4006835189440811,104.10700606917683,,,,12.350480230982264,11.949796712038182,Serviços
2021,3527207,Lorena,18505.743,1316995.55,1702224.4,368780.192,3876663.467,43299.19,5969,4921,1048,24.834218904148987,24.266733632287,34.0,4434.0,4400.0,1040.0,0.4773626381946658,33.97239820301379,43.90952205395548,9.512824498160132,84855,70.34352719344766,57.993046962465385,12.350480230982264,128.33657415591304,0.4006835189440811,52.253844794060456,51.85316127511638,12.256201755936598,-0.094278475045666,Serviços
2020,3527256,Lourdes,12450.413,2142.389,13785.202,16617.548,46249.306,20108.39,19,16,3,,,,,,7.0,26.920215840644186,4.632261941400808,29.806289417618505,35.93037266332169,1950,9.743589743589745,8.205128205128204,1.5384615384615383,17.94871794871795,,,,3.58974358974359,2.051282051282051,Administração pública
2021,3527256,Lourdes,8581.456,1979.826,14230.276,17220.932,43489.176,18818.34,31,24,7,-5.967938199980772,-6.415481299099524,3.0,19.0,16.0,3.0,19.732395021694593,4.552456914796455,32.72142015291345,39.59820255044612,1950,15.897435897435898,12.307692307692308,3.58974358974359,28.205128205128204,1.5384615384615383,9.743589743589745,8.205128205128204,1.5384615384615383,-2.051282051282051,Administração pública
2020,3527306,Louveira,40797.654,5460107.852,9831261.548,318228.384,19111719.58,382287.91,7928,5232,2696,,,,,,-1284.0,0.21346929997180297,28.569422176505167,51.44100983089038,1.665095506806301,51847,152.91145100005787,100.9122996508959,51.99915134916196,253.8237506509537,,,,-24.765174455609777,-76.76432580477173,Serviços
2021,3527306,Louveira,37358.866,5764020.101,9636000.876,326980.049,19677150.59,385773.53,8193,9477,-1284,2.958556437756199,0.911778769043492,2696.0,7928.0,5232.0,-465.0,0.189859125329792,29.292961268128405,48.970509383086444,1.6617245850940048,51847,158.0226435473605,182.78781800297028,-24.765174455609777,340.8104615503308,51.99915134916196,152.91145100005787,100.9122996508959,-8.968696356587651,15.796478099022126,Serviços
2020,3527405,Lucélia,27723.076,115603.413,231211.865,97622.276,515476.673,23552.8,5615,4613,1002,,,,,,-67.0,5.378143658500721,22.42650716417579,44.8539918701617,18.938252905190144,20061,279.8963162354818,229.948656597378,49.94765963810379,509.8449728328598,,,,-3.339813568615722,-53.28747320671951,Serviços
2021,3527405,Lucélia,35246.051,142852.412,243594.022,104868.651,584271.282,26531.25,5753,5820,-67,13.345823895313291,12.645842532522678,1002.0,5615.0,4613.0,-2572.0,6.032480473685167,24.449671993291638,41.69193823221317,17.94862322190944,20061,286.775335227556,290.1151487961717,-3.339813568615722,576.8904840237277,49.94765963810379,279.8963162354818,229.948656597378,-128.20896266387518,-124.86914909525946,Serviços
2020,3527504,Lucianópolis,32094.812,3249.51,19934.972,17724.234,75109.273,31256.46,179,214,-35,,,,,,49.0,42.73082499413887,4.326376584686155,26.54129271095461,23.59793044462033,2372,75.46374367622259,90.21922428330522,-14.75548060708263,165.68296795952784,,,,20.65767284991568,35.41315345699831,Agropecuária
2021,3527504,Lucianópolis,26831.011,2953.541,19569.077,18427.169,70465.375,29214.5,411,362,49,-6.182855744057059,-6.53292151446453,-35.0,179.0,214.0,263.0,38.07687250653246,4.191478438878669,27.771195427541546,26.15067187253314,2372,173.27150084317034,152.61382799325463,20.65767284991568,325.88532883642495,-14.75548060708263,75.46374367622259,90.21922428330522,110.87689713322092,90.21922428330522,Agropecuária
2020,3527603,Luís Antônio,106261.029,789349.128,339441.346,90529.369,1465125.893,95809.96,3728,4412,-684,,,,,,101.0,7.252689308658611,53.875856796423435,23.168066827687962,6.178948132206685,12265,303.9543416225031,359.72278842234,-55.76844679983693,663.6771300448431,,,,8.23481451284142,64.00326131267835,Indústria
2021,3527603,Luís Antônio,90672.033,872248.358,332391.495,97912.357,1556606.521,99603.69,4442,4341,101,6.24387490775169,3.959640521716112,-684.0,3728.0,4412.0,631.0,5.824980929782447,56.03525015683781,21.3535977471342,6.290116074876703,12265,362.1687729311048,353.9339584182634,8.23481451284142,716.1027313493681,-55.76844679983693,303.9543416225031,359.72278842234,51.44720750101916,43.21239298817774,Indústria
2020,3527702,Luiziânia,18379.87,4143.995,30823.974,27909.416,83539.424,14268.05,136,147,-11,,,,,,33.0,22.00143252124889,4.9605261822250535,36.897517991026604,33.40867660279774,4701,28.93001489044884,31.26994256541161,-2.339927674962774,60.19995745586045,,,,7.019783024888321,9.359710699851096,Serviços
2021,3527702,Luiziânia,25156.373,4672.184,32076.789,28993.253,93808.712,15851.42,152,119,33,12.292744560939273,11.097311826072945,-11.0,136.0,147.0,5.0,26.81667028964218,4.980543811325329,34.19382732810573,30.90678081157324,4701,32.33354605403105,25.313763029142734,7.019783024888321,57.6473090831738,-2.339927674962774,28.93001489044884,31.26994256541161,1.0636034886194423,-5.956179536268879,Serviços
2020,3527801,Lupércio,17881.521,15119.369,32604.18,24945.88,95092.68,20690.31,116,90,26,,,,,,19.0,18.80430859662384,15.89961393453208,34.28674005191567,26.233228467217458,3981,29.13840743531776,22.607385079125848,6.531022356191912,51.74579251444361,,,,4.772670183371012,-1.7583521728208993,Serviços
2021,3527801,Lupércio,19870.025,15263.583,32156.673,25569.845,98336.886,21340.47,159,140,19,3.411625374319049,3.142340544921751,26.0,116.0,90.0,-15.0,20.20607506322704,15.521727015028725,32.700519924944544,26.002292771402182,3981,39.93971363978899,35.167043456417986,4.772670183371012,75.10675709620698,6.531022356191912,29.13840743531776,22.607385079125848,-3.767897513187641,-8.540567696558654,Serviços
2020,3527900,Lutécia,45001.185,7520.784,20216.029,19658.717,94703.209,35926.86,21,36,-15,,,,,,15.0,47.5181205316918,7.941424667035306,21.346720151795488,20.758237453178594,2661,7.891770011273957,13.528748590755354,-5.636978579481398,21.42051860202931,,,,5.636978579481398,11.273957158962796,Agropecuária
2021,3527900,Lutécia,50510.647,6703.815,21320.834,19554.955,101173.117,38571.53,58,43,15,6.831772722717333,7.361261184528778,-15.0,21.0,36.0,-16.0,49.924968704878395,6.626083290485159,21.07361583018145,19.3282124539071,2661,21.796317173994737,16.15933859451334,5.636978579481398,37.95565576850808,-5.636978579481398,7.891770011273957,13.528748590755354,-6.012777151446825,-11.649755730928224,Agropecuária
2020,3528007,Macatuba,39209.961,67646.951,465538.247,76789.84,754728.124,43843.86,892,1151,-259,,,,,,153.0,5.195243128371881,8.963088673769896,61.682907022555845,10.174503580576785,16829,53.00374353794047,68.39384395983124,-15.390100421890782,121.3975874977717,,,,9.091449283974091,24.481549705864875,Serviços
2021,3528007,Macatuba,33949.897,82702.954,364670.144,79429.692,643782.915,37292.64,1656,1503,153,-14.700023156948095,-14.942160658299708,-259.0,892.0,1151.0,42.0,5.2735007731604675,12.846403977651377,56.644893100339566,12.33796209083927,16829,98.40156872066076,89.31011943668666,9.091449283974091,187.71168815734745,-15.390100421890782,53.00374353794047,68.39384395983124,2.4956919603066137,-6.595757323667479,Serviços
2020,3528106,Macaubal,51773.335,8912.857,83170.194,34055.465,186834.555,22932.93,545,646,-101,,,,,,34.0,27.71079204272465,4.770454266342754,44.51542381975326,18.227605166506805,7481,72.85122309851624,86.35209196631466,-13.500868867798422,159.2033150648309,,,,4.544846945595509,18.045715813393933,Serviços
2021,3528106,Macaubal,55945.013,8253.751,85914.091,35699.717,196951.791,24094.91,653,619,34,5.4150775267455264,5.066862367782909,-101.0,545.0,646.0,51.0,28.405435013282005,4.1907468614997265,43.62188866817667,18.126119503020917,7481,87.28779574923139,82.74294880363588,4.544846945595509,170.03074455286728,-13.500868867798422,72.85122309851624,86.35209196631466,6.817270418393263,2.2724234727977537,Serviços
2020,3528205,Macedônia,30301.404,7532.633,24647.826,22678.578,87485.313,23695.91,73,91,-18,,,,,,19.0,34.63598970035119,8.61016865768086,28.17367299125969,25.922726023738413,3963,18.42038859449912,22.96240222054,-4.542013626040879,41.38279081503912,,,,4.794347716376483,9.336361342417362,Agropecuária
2021,3528205,Macedônia,31397.42,6711.848,25016.834,24948.074,90930.779,24669.23,150,131,19,3.9383364839764567,4.107544297729016,-18.0,73.0,91.0,30.0,34.52892446901835,7.381271857354263,27.511953900669873,27.436335940770952,3963,37.85011355034065,33.055765833964166,4.794347716376483,70.90587938430481,-4.542013626040879,18.42038859449912,22.96240222054,7.57002271006813,2.775674993691648,Agropecuária
2020,3528304,Magda,35889.31,5075.327,34216.359,20182.273,99536.005,32087.69,155,199,-44,,,,,,8.0,36.05661087161374,5.098986040277586,34.37586127753469,20.276354269995064,3165,48.97314375987362,62.87519747235388,-13.902053712480251,111.8483412322275,,,,2.527646129541864,16.429699842022117,Agropecuária
2021,3528304,Magda,39341.008,5487.237,34183.619,20299.581,104128.024,33742.07,166,158,8,4.61342506161464,5.155808972225806,-44.0,155.0,199.0,-30.0,37.78138342469651,5.2697024193986435,32.82845259792887,19.494829749194125,3165,52.44865718799368,49.92101105845181,2.527646129541864,102.3696682464455,-13.902053712480251,48.97314375987362,62.87519747235388,-9.47867298578199,-12.006319115323857,Agropecuária
2020,3528403,Mairinque,20863.242,809965.179,844648.739,239461.265,2238089.455,47176.27,3472,3188,284,,,,,,1005.0,0.9321898172296244,36.19002704250711,37.73972202554343,10.69936076348655,50027,69.4025226377756,63.72558818238152,5.676934455394087,133.1281108201571,,,,20.08915185799668,14.412217402602591,Serviços
2021,3528403,Mairinque,22658.27,990050.729,989066.471,250616.534,2695115.819,56474.15,4865,3860,1005,20.4203796670853,19.708806991311523,284.0,3472.0,3188.0,299.0,0.8407160033815229,36.73499750995302,36.69847744676831,9.298915179570619,50027,97.24748635736702,77.15833449937034,20.08915185799668,174.40582085673736,5.676934455394087,69.4025226377756,63.72558818238152,5.976772542826874,-14.112379315169806,Indústria
2020,3528502,Mairiporã,997.442,337168.28,1000641.42,374615.362,1927422.505,18907.98,5046,5168,-122,,,,,,1425.0,0.05175004429036694,17.49322108283674,51.91603903161855,19.436079065601657,93853,53.76493026328407,55.06483543413636,-1.2999051708522902,108.82976569742044,,,,15.183318593971425,16.483223764823713,Serviços
2021,3528502,Mairiporã,1026.728,439959.434,1139823.038,405640.392,2288091.621,22076.24,6681,5256,1425,18.712509326023465,16.756205580924053,-122.0,5046.0,5168.0,472.0,0.044872678636499415,19.228226263409756,49.81544565518078,17.728328196172352,93853,71.18579054478813,56.0024719508167,15.183318593971425,127.18826249560485,-1.2999051708522902,53.76493026328407,55.06483543413636,5.0291413167400085,-10.154177277231415,Serviços
2020,3528601,Manduri,58899.826,32715.401,104072.49,44193.246,255597.767,25791.9,544,584,-40,,,,,,125.0,23.043951710266704,12.799564481328197,40.717292338473364,17.290153399501335,9871,55.11093101002938,59.163205349002126,-4.052274338972748,114.27413635903152,,,,12.66335730928984,16.715631648262587,Serviços
2021,3528601,Manduri,69510.14,38516.836,109164.946,46612.702,291908.192,29272.78,767,642,125,14.206080681448196,13.496020068316009,-40.0,544.0,584.0,84.0,23.812329323049628,13.194845864414798,37.39701351032999,15.968274710152706,9871,77.70236044980246,65.03900314051262,12.66335730928984,142.74136359031505,-4.052274338972748,55.11093101002938,59.163205349002126,8.509776111842772,-4.153581197447068,Serviços
2020,3528700,Marabá Paulista,55083.806,4029.533,25863.022,34955.083,122231.321,20549.99,128,95,33,,,,,,40.0,45.06521368610587,3.296645219108775,21.159079185604156,28.597484436906313,4573,27.99037830745681,20.774108900065603,7.216269407391209,48.764487207522414,,,,8.746993221080253,1.530723813689043,Agropecuária
2021,3528700,Marabá Paulista,82794.916,5128.944,28518.134,36865.669,157010.99,25999.5,127,87,40,28.453974574978204,26.518309741269945,33.0,128.0,95.0,2.0,52.731924051940574,3.2666146490764763,18.16314514034973,23.479674257196905,4573,27.771703476929808,19.02471025584955,8.746993221080253,46.79641373277936,7.216269407391209,27.99037830745681,20.774108900065603,0.4373496610540127,-8.30964356002624,Agropecuária
2020,3528809,Maracaí,95400.217,65821.365,230462.67,71750.268,504125.862,35916.63,599,568,31,,,,,,92.0,18.92388869349456,13.056534084339438,45.71530392939849,14.232610030230902,12673,47.26584076382861,44.81969541545017,2.446145348378442,92.08553617927878,,,,7.259528130671506,4.813382782293064,Serviços
2021,3528809,Maracaí,81317.267,67438.835,245176.044,74799.869,517397.816,36775.73,717,625,92,2.6326667605083065,2.3919281959359884,31.0,599.0,568.0,65.0,15.71658489567339,13.034232637734986,47.386370104043884,14.45693558938409,12673,56.57697467055946,49.317446539887946,7.259528130671506,105.89442121044742,2.446145348378442,47.26584076382861,44.81969541545017,5.129014440148347,-2.130513690523159,Serviços
2020,3528858,Marapoama,38868.248,115015.455,74338.442,22967.506,275547.12,89930.52,708,672,36,,,,,,51.0,14.105844401494744,41.74075744286495,26.978486293015873,8.335237181938247,3292,215.0668286755772,204.13122721749696,10.935601458080194,419.1980558930741,,,,15.49210206561361,4.556500607533415,Indústria
2021,3528858,Marapoama,37043.072,12995.587,37276.323,23401.81,119694.406,38648.5,894,843,51,-56.561184163347455,-57.02404478479608,36.0,708.0,672.0,30.0,30.948039459755538,10.857305227781488,31.14291155762116,19.551297994661507,3292,271.56743620899147,256.0753341433779,15.49210206561361,527.6427703523694,10.935601458080194,215.0668286755772,204.13122721749696,9.113001215066827,-6.379100850546783,Serviços
2020,3528908,Mariápolis,21811.147,3380.134,19132.616,19867.236,65592.747,16033.43,27,37,-10,,,,,,4.0,33.25237621165645,5.153213052656569,29.16879819044627,30.28876957996591,3513,7.685738684884714,10.532308568175347,-2.846569883290635,18.218047253060064,,,,1.138627953316254,3.985197836606889,Agropecuária
2021,3528908,Mariápolis,29656.761,3686.543,20335.457,21020.44,76481.673,18663.17,47,43,4,16.60080801311765,16.40160589468378,-10.0,27.0,37.0,0.0,38.776297427489595,4.820165217881675,26.58866654237545,27.484283718532147,3513,13.378878451465985,12.240250498149727,1.138627953316254,25.619128949615718,-2.846569883290635,7.685738684884714,10.532308568175347,0.0,-1.138627953316254,Agropecuária
2020,3529005,Marília,97553.301,1222731.181,5462647.366,1029869.219,8630685.617,35873.0,23896,21298,2598,,,,,,4627.0,1.1303076641773129,14.167254320926334,63.293318844103595,11.93264665986037,237627,100.56096319020986,89.62786215371149,10.933101036498378,190.18882534392137,,,,19.471693031515777,8.538591995017399,Serviços
2021,3529005,Marília,93385.45,1380457.887,6118707.401,1057288.483,9756006.261,40272.64,31580,26953,4627,13.038600801116385,12.264488612605584,2598.0,23896.0,21298.0,355.0,0.9572098203064079,14.149825759321539,62.71733778461953,10.837308368963951,237627,132.89735594019197,113.4256629086762,19.471693031515777,246.32301884886817,10.933101036498378,100.56096319020986,89.62786215371149,1.4939379784283773,-17.9777550530874,Serviços
2020,3529104,Marinópolis,9595.942,2046.307,13327.189,13670.453,39770.85,18884.54,22,23,-1,,,,,,13.0,24.12807873103039,5.145243312627213,33.509942583575665,34.3730470935371,1860,11.827956989247312,12.365591397849462,-0.5376344086021505,24.19354838709677,,,,6.989247311827957,7.526881720430108,Administração pública
2021,3529104,Marinópolis,9334.689,2086.23,13107.037,14129.652,40066.938,19070.41,34,21,13,0.7444849682619381,0.9842442548243068,-1.0,22.0,23.0,3.0,23.29773490552235,5.206861577493144,32.712849182535486,35.26511559231204,1860,18.27956989247312,11.29032258064516,6.989247311827957,29.56989247311828,-0.5376344086021505,11.827956989247312,12.365591397849462,1.6129032258064515,-5.376344086021506,Administração pública
2020,3529203,Martinópolis,142229.897,66209.304,296938.799,131564.936,675079.64,25352.25,667,633,34,,,,,,105.0,21.068610067991383,9.807628622898477,43.985743519090576,19.48880223968834,24881,26.807604195972832,25.441099634259075,1.3665045617137574,52.248703830231904,,,,4.220087617057192,2.853583055343435,Serviços
2021,3529203,Martinópolis,169680.7,87075.361,310024.342,133106.383,754950.447,28179.26,924,819,105,11.831316228111998,11.150923488053332,34.0,667.0,633.0,-28.0,22.475740053439562,11.533917404250507,41.06552201299644,17.63114169001876,24881,37.1367710301033,32.9166834130461,4.220087617057192,70.05345444314939,1.3665045617137574,26.807604195972832,25.441099634259075,-1.1253566978819178,-5.34544431493911,Serviços
2020,3529302,Matão,78665.409,1566767.845,1841865.891,340969.578,4417657.871,52826.37,16220,12143,4077,,,,,,465.0,1.7807039679646572,35.46602952856871,41.69326699315145,7.718333740562318,79033,205.2307264054256,153.64468007035038,51.58604633507522,358.87540647577595,,,,5.883618235420647,-45.702428099654576,Serviços
2021,3529302,Matão,75388.306,2091848.538,2049721.336,349245.452,5356571.323,63716.37,15844,15379,465,21.25364796046243,20.61470436071984,4077.0,16220.0,12143.0,1402.0,1.407398528911551,39.05200569285876,38.26554735113717,6.519944026515859,79033,200.473220047322,194.58960181190136,5.883618235420647,395.0628218592234,51.58604633507522,205.2307264054256,153.64468007035038,17.739425303354295,11.855807067933648,Indústria
2020,3529401,Mauá,18.56,5668143.258,7146483.05,1757542.761,16993562.491,35584.74,20670,21228,-558,,,,,,5082.0,0.00010921782886801754,33.354649803429496,42.05406049370087,10.342403259650919,418261,49.418903507618445,50.75299872567607,-1.3340952180576242,100.17190223329452,,,,12.150308061234492,13.484403279292115,Serviços
2021,3529401,Mauá,22.476,7756771.51,7936387.777,1810087.054,20776212.745,43128.78,29613,24531,5082,22.25931293690384,21.20021110172508,-558.0,20670.0,21228.0,2647.0,0.000108181410519148,37.33486754878722,38.19939598428481,8.712305155017317,418261,70.80028977121941,58.649981709984914,12.150308061234492,129.45027148120434,-1.3340952180576242,49.418903507618445,50.75299872567607,6.32858430501529,-5.821723756219202,Serviços
2020,3529500,Mendonça,20876.873,110029.654,140242.993,35546.401,341383.263,61344.7,1265,1266,-1,,,,,,30.0,6.115376839666566,32.23053556670703,41.08080512429808,10.412461550582812,6159,205.3904854684202,205.5528494885533,-0.1623640201331385,410.9433349569736,,,,4.870920603994155,5.033284624127294,Serviços
2021,3529500,Mendonça,22399.981,121950.078,149489.646,36115.589,374784.785,66474.78,1588,1558,30,9.78417093634727,8.36271104105164,-1.0,1265.0,1266.0,187.0,5.976758368139198,32.538694973970195,39.88679689865212,9.636354101194371,6159,257.8340639714239,252.96314336742972,4.870920603994155,510.7972073388537,-0.1623640201331385,205.3904854684202,205.5528494885533,30.3620717648969,25.491151160902746,Serviços
2020,3529609,Meridiano,32806.739,163331.171,113425.441,25755.877,370296.752,96834.92,459,404,55,,,,,,-74.0,8.859580545281155,44.10818353599818,30.630957573184443,6.955469325855714,4572,100.39370078740156,88.36395450568679,12.029746281714786,188.7576552930884,,,,-16.185476815398076,-28.21522309711286,Indústria
2021,3529609,Meridiano,40163.573,168841.189,116133.402,27332.622,393842.471,103289.4,459,533,-74,6.3586080279743,6.665446721079538,55.0,459.0,404.0,69.0,10.197877567145367,42.87023402308483,29.48727233635501,6.939988450356843,4572,100.39370078740156,116.57917760279965,-16.185476815398076,216.9728783902012,12.029746281714786,100.39370078740156,88.36395450568679,15.091863517060368,31.277340332458444,Indústria
2020,3529658,Mesópolis,37291.031,3103.447,16362.836,16039.713,74358.966,39033.58,15,8,7,,,,,,5.0,50.15001284444972,4.173601607101422,22.005195715066826,21.57065094208007,1952,7.684426229508197,4.0983606557377055,3.586065573770492,11.7827868852459,,,,2.5614754098360653,-1.0245901639344268,Agropecuária
2021,3529658,Mesópolis,43033.586,3123.952,16358.319,15979.377,81615.128,42887.61,27,22,5,9.758287924552356,9.87362675931851,7.0,15.0,8.0,15.0,52.72746248710166,3.82766293033321,20.04324369864371,19.578940071012326,1952,13.831967213114751,11.27049180327869,2.5614754098360653,25.102459016393443,3.586065573770492,7.684426229508197,4.0983606557377055,7.684426229508197,5.122950819672131,Agropecuária
2020,3529708,Miguelópolis,242051.17,419564.723,234844.038,111349.374,1030500.506,46097.09,852,891,-39,,,,,,171.0,23.488699771681627,40.714654729145764,22.789318067544936,10.805368202313138,19441,43.82490612622807,45.83097577285119,-2.006069646623116,89.65588189907926,,,,8.795843835193663,10.80191348181678,Indústria
2021,3529708,Miguelópolis,198445.634,442258.151,230862.465,117465.388,1016136.928,45201.82,1157,986,171,-1.393844827476498,-1.942139948530364,-39.0,852.0,891.0,206.0,19.529418578516616,43.52347983952021,22.719621602020943,11.559995977235069,19441,59.51339951648578,50.71755568129212,8.795843835193663,110.2309551977779,-2.006069646623116,43.82490612622807,45.83097577285119,10.596162748829792,1.8003189136361293,Indústria
2020,3529807,Mineiros do Tietê,20807.92,42637.33,77840.964,54029.904,208840.73,16106.8,397,441,-44,,,,,,6.0,9.963535369752824,20.416194676201332,37.27288446080417,25.871344157818253,11230,35.35173642030276,39.26981300089047,-3.918076580587711,74.62154942119322,,,,0.5342831700801425,4.452359750667854,Serviços
2021,3529807,Mineiros do Tietê,31033.258,36451.043,81089.288,58851.522,226257.409,17373.68,503,497,6,8.339694560539023,7.865497802170518,-44.0,397.0,441.0,118.0,13.715907972763889,16.110430664394286,35.83939565046464,26.010870653963863,11230,44.790739091718606,44.25645592163847,0.5342831700801425,89.04719501335707,-3.918076580587711,35.35173642030276,39.26981300089047,10.507569011576136,9.973285841495994,Serviços
2020,3529906,Miracatu,64847.037,22244.437,217890.785,91432.094,422294.547,21498.48,299,519,-220,,,,,,159.0,15.355878369890483,5.267516987378954,51.59687392316719,21.651260867453253,18553,16.115992022853447,27.97391257478575,-11.857920551932304,44.0899045976392,,,,8.57004258071471,20.42796313264701,Serviços
2021,3529906,Miracatu,66972.288,27338.093,232067.527,95529.134,456953.057,23420.28,823,664,159,8.207188618990147,8.939236634403924,-220.0,299.0,519.0,68.0,14.656273105970271,5.982691784464854,50.7858572002069,20.905677845153363,18553,44.3594027920013,35.789360211286585,8.57004258071471,80.14876300328788,-11.857920551932304,16.115992022853447,27.97391257478575,3.6651754433245296,-4.90486713739018,Serviços
2020,3530003,Mira Estrela,16456.588,5557.044,25874.324,21465.237,71520.58,23026.59,44,46,-2,,,,,,6.0,23.009584094536145,7.7698530968289115,36.17745269962855,30.01267187710167,3126,14.075495841330774,14.715291106845813,-0.6397952655150352,28.790786948176585,,,,1.919385796545105,2.5591810620601407,Serviços
2021,3530003,Mira Estrela,16877.594,5056.605,24736.617,21135.896,70361.627,22515.72,88,82,6,-1.620446869977854,-2.218609008107575,-2.0,44.0,46.0,59.0,23.98692969393673,7.186594761374692,35.156402793244105,30.0389529082379,3126,28.150991682661548,26.23160588611644,1.919385796545105,54.38259756877799,-0.6397952655150352,14.075495841330774,14.715291106845813,18.87396033269354,16.954574536148435,Serviços
2020,3530102,Mirandópolis,133781.134,83094.588,305114.394,115764.781,687252.165,23135.13,1238,1250,-12,,,,,,-7.0,19.466091314532267,12.090844122695488,44.396279784727916,16.844585858816465,27983,44.24114641032055,44.66997820105064,-0.4288317907300861,88.91112461137118,,,,-0.2501518779258835,0.1786799128042026,Serviços
2021,3530102,Mirandópolis,153563.244,95679.717,310447.962,121763.883,738742.24,24753.46,1327,1334,-7,7.4921662851364035,6.995119543309225,-12.0,1238.0,1250.0,247.0,20.78712109382022,12.951705184747524,42.023854220113364,16.482593847618624,27983,47.42164885823536,47.671800736161245,-0.2501518779258835,95.0934495943966,-0.4288317907300861,44.24114641032055,44.66997820105064,8.826787692527606,9.07693957045349,Serviços
2020,3530201,Mirante do Paranapanema,119912.22,128120.9,162018.528,83426.18,528043.433,28795.04,357,452,-95,,,,,,-28.0,22.7087797150959,24.263326081360432,30.682803321597223,15.799113252110079,15917,22.428849657598796,28.397311051077462,-5.968461393478671,50.826160708676255,,,,-1.759125463341082,4.2093359301375886,Serviços
2021,3530201,Mirante do Paranapanema,136704.39,155338.587,174756.508,87262.364,606917.474,32957.78,579,607,-28,14.93703662819723,14.456448054942792,-95.0,357.0,452.0,-74.0,22.524378660417348,25.59468027443876,28.794113777650104,14.377962035741287,15917,36.37620154551737,38.13532700885845,-1.759125463341082,74.51152855437583,-5.968461393478671,22.428849657598796,28.397311051077462,-4.649117295972859,-2.889991832631777,Serviços
2020,3530300,Mirassol,46861.685,579362.932,1140580.326,266053.109,2275733.222,37738.31,6559,5843,716,,,,,,946.0,2.0591906180820345,25.458297413737892,50.11924574347142,11.690874239036793,63337,103.55716248006694,92.25255379951687,11.304608680550071,195.80971627958385,,,,14.935977390782638,3.631368710232565,Serviços
2021,3530300,Mirassol,47868.45,695647.435,1293726.584,276931.923,2660334.032,43778.54,7969,7023,946,16.900083291045796,16.005565697033084,716.0,6559.0,5843.0,327.0,1.7993398356827093,26.14887554090426,48.63023095740332,10.409667345111796,63337,125.81903152975354,110.8830541389709,14.935977390782638,236.70208566872444,11.304608680550071,103.55716248006694,92.25255379951687,5.162858992374126,-9.773118398408512,Serviços
2020,3530409,Mirassolândia,70031.181,16719.419,41865.783,24768.133,161619.541,32856.18,212,181,31,,,,,,292.0,43.33088719760688,10.344924194531652,25.903911582077814,15.324961849755534,4669,45.40586849432427,38.766331120154206,6.639537374170057,84.17219961447847,,,,62.54015849218247,55.90062111801241,Agropecuária
2021,3530409,Mirassolândia,76241.233,44074.562,51176.863,26522.806,213294.971,42951.06,607,315,292,31.97350374853496,30.72444818600335,31.0,212.0,181.0,0.0,35.74450566863107,20.663666749086175,23.99346911934459,12.434801381229004,4669,130.0064253587492,67.46626686656671,62.54015849218247,197.4726922253159,6.639537374170057,45.40586849432427,38.766331120154206,0.0,-62.54015849218247,Agropecuária
2020,3530508,Mococa,210262.415,591461.269,1244128.74,313277.091,2627850.262,38095.83,4660,4621,39,,,,,,981.0,8.001308827998969,22.507418993875685,47.34397381733312,11.921420924553425,67681,68.85241057312983,68.27617795245341,0.5762326206764085,137.12858852558324,,,,14.494466689321968,13.91823406864556,Serviços
2021,3530508,Mococa,216964.815,752040.895,1389338.352,320872.626,3043691.898,44065.5,6226,5245,981,15.824403772668228,15.670140275195465,39.0,4660.0,4621.0,1035.0,7.128343546945961,24.708180729270385,45.64648455098,10.542217699854717,67681,91.99036657259792,77.49589988327595,14.494466689321968,169.4862664558739,0.5762326206764085,68.85241057312983,68.27617795245341,15.292327241027763,0.7978605517057957,Serviços
2020,3530607,Mogi das Cruzes,531735.006,3692556.77,8562225.01,1735248.898,16728707.146,37110.17,37652,38310,-658,,,,,,4951.0,3.1785780058152504,22.07317479930257,51.18282563782769,10.372881077154341,451505,83.39221049600779,84.8495586981318,-1.4573482021240074,168.2417691941396,,,,10.965548554279575,12.422896756403585,Serviços
2021,3530607,Mogi das Cruzes,538093.689,4765447.415,9446543.059,1881376.429,19604517.461,43031.34,48281,43330,4951,17.19087010072762,15.955653126892155,-658.0,37652.0,38310.0,7273.0,2.7447433484167614,24.307904667789366,48.185542326111126,9.596647470373563,451505,106.93347803457326,95.96792948029368,10.965548554279575,202.90140751486692,-1.4573482021240074,83.39221049600779,84.8495586981318,16.108348744753656,5.14280019047408,Serviços
2020,3530706,Mogi Guaçu,305207.987,1529659.499,2881506.316,691197.514,6135829.999,40094.82,16739,17248,-509,,,,,,3319.0,4.974192359464684,24.92995241473932,46.96196466443203,11.264939121726798,153658,108.93672962032566,112.24928087050463,-3.312551250178969,221.18601049083028,,,,21.5999166981218,24.91246794830077,Serviços
2021,3530706,Mogi Guaçu,269941.874,1916750.466,3010575.411,719540.984,6865386.209,44538.21,21773,18454,3319,11.890098163066789,11.082204633915293,-509.0,16739.0,17248.0,1889.0,3.931925543331076,27.919047926062568,43.85150841264202,10.480706577828593,153658,141.69779640500332,120.09787970688151,21.5999166981218,261.7956761118848,-3.312551250178969,108.93672962032566,112.24928087050463,12.293534993296802,-9.306381704825,Serviços
2020,3530805,Mogi Mirim,202029.855,1045828.511,2510320.339,521282.027,5035135.993,53765.47,9437,8908,529,,,,,,1400.0,4.012401160184513,20.77061101137969,49.85605835651558,10.35288873477702,92558,101.9576913935046,96.2423561442555,5.71533524924912,198.2000475377601,,,,15.125650943192378,9.410315693943256,Serviços
2021,3530805,Mogi Mirim,215753.186,1540839.884,2918109.015,544512.084,6313563.842,67095.62,12693,11293,1400,25.3901354556721,24.79314325718718,529.0,9437.0,8908.0,1012.0,3.417296338475831,24.405231697346636,46.21968016839767,8.624480525210155,92558,137.13563387281488,122.00998292962252,15.125650943192378,259.1456168024374,5.71533524924912,101.9576913935046,96.2423561442555,10.93368482465049,-4.191966118541888,Serviços
2020,3530904,Mombuca,22410.925,17439.997,31595.824,24333.108,100382.823,28615.4,217,208,9,,,,,,41.0,22.325458011875195,17.373487294733682,31.47532920049479,24.240310516073052,3722,58.30198817839871,55.88393336915637,2.4180548092423426,114.18592154755508,,,,11.015583019881785,8.597528210639442,Serviços
2021,3530904,Mombuca,24900.335,30102.07,35638.196,25990.335,124517.473,35344.16,343,302,41,24.04260936156377,23.514471228778923,9.0,217.0,208.0,69.0,19.997462524797623,24.1749766315929,28.621040197306286,20.872841677408598,3722,92.1547555077915,81.13917248790972,11.015583019881785,173.29392799570124,2.4180548092423426,58.30198817839871,55.88393336915637,18.538420204191297,7.522837184309512,Serviços
2020,3531001,Monções,8207.92,10509.408,22519.661,18404.183,64682.25,28532.09,78,290,-212,,,,,,-277.0,12.68960186140711,16.247746483772595,34.81582814450642,28.45322016472835,1937,40.26845637583892,149.7160557563242,-109.44759938048529,189.98451213216316,,,,-143.00464636035107,-33.55704697986579,Serviços
2021,3531001,Monções,8345.978,6710.647,19728.284,18772.309,58262.056,25620.96,40,317,-277,-9.92574315210124,-10.203003004687003,-212.0,78.0,290.0,-29.0,14.324894404687674,11.518040146060072,33.86129044261672,32.22047124461245,1937,20.650490449148165,163.65513680949925,-143.00464636035107,184.30562725864735,-109.44759938048529,40.26845637583892,149.7160557563242,-14.97160557563242,128.03304078471865,Serviços
2020,3531100,Mongaguá,5693.555,133897.463,712390.174,304626.5,1222880.804,21212.89,1721,1765,-44,,,,,,438.0,0.46558544229139776,10.949347030554907,58.25507863642939,24.91056356462359,61951,27.780019692983164,28.49025843004956,-0.7102387370663912,56.270278123032725,,,,7.070103791706348,7.7803425287727395,Serviços
2021,3531100,Mongaguá,6363.217,139857.338,717173.344,315587.696,1254605.285,21421.71,2815,2377,438,2.59424147441274,0.9844014653354716,-44.0,1721.0,1765.0,431.0,0.5071887609655654,11.147517045570233,57.16326501844762,25.154341351272087,61951,45.43913738277025,38.3690335910639,7.070103791706348,83.80817097383415,-0.7102387370663912,27.780019692983164,28.49025843004956,6.957111265354877,-0.112992526351471,Serviços
2020,3531209,Monte Alegre do Sul,60424.673,21344.345,81743.809,41608.368,221491.483,27307.54,2048,1751,297,,,,,,-11.0,27.280811063963124,9.63664368078659,36.906073268740535,18.78553858434367,8627,237.3942274255245,202.96742784281903,34.42679958270546,440.3616552683436,,,,-1.2750666512113131,-35.701866233916775,Serviços
2021,3531209,Monte Alegre do Sul,64320.06,22128.038,95325.886,43868.357,252217.893,30829.71,464,475,-11,13.872501815340677,12.898159262972776,297.0,2048.0,1751.0,132.0,25.501783095143054,8.773381514213188,37.795052867244436,17.393039200434522,8627,53.7846296510954,55.05969630230671,-1.2750666512113131,108.84432595340212,34.42679958270546,237.3942274255245,202.96742784281903,15.30079981453576,16.575866465747076,Serviços
2020,3531308,Monte Alto,275605.906,468375.418,938038.707,217559.683,2139358.026,42136.57,4575,4259,316,,,,,,179.0,12.88264529127487,21.893269490555106,43.84673792791334,10.169391020855711,47574,96.16597301046792,89.52368941018203,6.64228360028587,185.68966242064997,,,,3.762559381174591,-2.879724219111279,Serviços
2021,3531308,Monte Alto,259964.846,623780.456,1018818.591,228706.034,2435240.075,47713.32,5130,4951,179,13.830412927807911,13.234940575371931,316.0,4575.0,4259.0,777.0,10.675121876844113,25.614741741633008,41.83647441823574,9.391518986069576,47574,107.83200908059024,104.06944969941564,3.762559381174591,211.90145878000587,6.64228360028587,96.16597301046792,89.52368941018203,16.33245049817127,12.56989111699668,Serviços
2020,3531407,Monte Aprazível,77021.363,166427.129,314660.822,114005.7,724591.964,28557.6,2606,2666,-60,,,,,,-64.0,10.62961871324314,22.968392870556315,43.425933164227025,15.733779239097384,22280,116.96588868940754,119.6588868940754,-2.692998204667864,236.62477558348291,,,,-2.872531418312388,-0.179533213644524,Serviços
2021,3531407,Monte Aprazível,89782.696,167344.103,325577.154,119768.946,766600.054,29885.78,2128,2192,-64,5.79748218129561,4.650881026416798,-60.0,2606.0,2666.0,-8.0,11.711804027605769,21.82938836578793,42.47027538038759,15.62339389034272,22280,95.5116696588869,98.38420107719928,-2.872531418312388,193.89587073608612,-2.692998204667864,116.96588868940754,119.6588868940754,-0.3590664272890485,2.5134649910233398,Serviços
2020,3531506,Monte Azul Paulista,37863.623,38799.762,361084.064,96260.994,590652.381,31139.41,2172,2140,32,,,,,,420.0,6.410474962599025,6.5689673398607695,61.133092088559614,16.297402177068342,18151,119.66282849429784,117.89984022918848,1.7629882651093602,237.5626687234863,,,,23.13922097956036,21.376232714451,Serviços
2021,3531506,Monte Azul Paulista,48168.399,53560.146,370222.627,99277.863,639162.497,33768.09,2840,2420,420,8.212972225367189,8.441649986303524,32.0,2172.0,2140.0,-466.0,7.536174169492926,8.37973852524079,57.923083525346456,15.532491888365596,18151,156.46520852845575,133.32598754889537,23.13922097956036,289.7911960773511,1.7629882651093602,119.66282849429784,117.89984022918848,-25.67351661065506,-48.81273759021542,Serviços
2020,3531605,Monte Castelo,41153.521,7450.003,42933.797,22325.302,118773.781,28510.27,308,298,10,,,,,,26.0,34.648657854884654,6.2724306132849295,36.14753747714742,18.796490110894087,4222,72.9512079583136,70.58266224538133,2.36854571293226,143.53387020369493,,,,6.158218853623874,3.789673140691615,Serviços
2021,3531605,Monte Castelo,45649.683,4061.499,49311.349,23245.796,128087.826,30746.0,344,318,26,7.841835901477268,7.841840852436688,10.0,308.0,298.0,13.0,35.63936123016093,3.170870430730864,38.49807631210791,18.148325821378215,4222,81.47797252486973,75.31975367124585,6.158218853623874,156.7977261961156,2.36854571293226,72.9512079583136,70.58266224538133,3.079109426811937,-3.079109426811937,Serviços
2020,3531704,Monteiro Lobato,3995.149,8306.035,31976.849,23221.996,72481.842,15434.8,118,140,-22,,,,,,33.0,5.511930836415553,11.459470083555546,44.11704796354375,32.038363484195116,4138,28.51619139681005,33.83276945384243,-5.316578057032383,62.34896085065249,,,,7.974867085548573,13.291445142580956,Serviços
2021,3531704,Monteiro Lobato,4866.788,10007.29,36349.701,24468.21,83030.469,17520.67,194,161,33,14.553475338002574,13.51407209682016,-22.0,118.0,140.0,45.0,5.861448283521076,12.05255145553857,43.778749461236934,29.468953138154617,4138,46.88255195746738,38.9076848719188,7.974867085548573,85.79023682938617,-5.316578057032383,28.51619139681005,33.83276945384243,10.874818753020785,2.8999516674722097,Serviços
2020,3531803,Monte Mor,43585.896,1789191.988,1048846.469,294410.907,3719866.834,61228.34,4675,4203,472,,,,,,1576.0,1.171705814886168,48.098280606353555,28.195806887854847,7.91455501334218,64662,72.29903188889921,64.99953604899322,7.299495839905973,137.2985679378924,,,,24.372892889177567,17.073397049271595,Indústria
2021,3531803,Monte Mor,88146.894,2105530.839,1150537.978,292570.338,4317763.585,69972.02,7295,5719,1576,16.073068679103166,14.280445950355691,472.0,4675.0,4203.0,675.0,2.0414942195127157,48.76438456043906,26.646618216823924,6.775969370263703,64662,112.817419813801,88.44452692462343,24.372892889177567,201.26194673842443,7.299495839905973,72.29903188889921,64.99953604899322,10.438897652407906,-13.93399523676966,Indústria
2020,3531902,Morro Agudo,312522.845,277459.815,490309.147,156388.236,1329143.339,39928.6,2340,2217,123,,,,,,-17.0,23.513103201881222,20.875085994017084,36.889109896069684,11.766092595976966,27933,83.7718827193642,79.36848888411556,4.403393835248631,163.14037160347974,,,,-0.6085991479611929,-5.011992983209823,Serviços
2021,3531902,Morro Agudo,191536.341,293312.423,471700.131,161933.116,1225918.089,36487.83,2660,2677,-17,-7.766299312583024,-8.617306892803644,123.0,2340.0,2217.0,583.0,15.623910171375243,23.925939720757317,38.477295932942226,13.209130157471721,27933,95.22786668098664,95.83646582894784,-0.6085991479611929,191.06433250993447,4.403393835248631,83.7718827193642,79.36848888411556,20.871370780080905,21.4799699280421,Serviços
2020,3532009,Morungaba,21676.862,206483.949,171334.197,64254.335,544086.277,39480.9,1562,1446,116,,,,,,268.0,3.98408541371831,37.950589406245946,31.49026252687494,11.809585669810966,13720,113.84839650145771,105.3935860058309,8.454810495626823,219.24198250728864,,,,19.533527696793005,11.078717201166182,Indústria
2021,3532009,Morungaba,27003.63,256012.463,186841.751,67703.797,633323.989,45445.18,2300,2032,268,16.40138995823266,15.106747819831856,116.0,1562.0,1446.0,183.0,4.263793961545329,40.42361689223807,29.501764380505723,10.690230936444129,13720,167.6384839650146,148.10495626822157,19.533527696793005,315.74344023323613,8.454810495626823,113.84839650145771,105.3935860058309,13.338192419825072,-6.195335276967933,Indústria
2020,3532058,Motuca,33495.296,11808.313,34455.62,27607.538,110659.109,23078.02,248,169,79,,,,,,67.0,30.268900863823152,10.670891087691661,31.136722779866233,24.948274253681188,4034,61.47744174516609,41.89390183440754,19.583539910758557,103.37134357957363,,,,16.608824987605352,-2.9747149231532006,Serviços
2021,3532058,Motuca,36173.631,14866.367,36679.589,26838.299,120695.871,24983.62,241,174,67,9.06998266179786,8.257207507403152,79.0,248.0,169.0,16.0,29.970893536200588,12.317212574736711,30.39009428914101,22.2363025160985,4034,59.742191373326726,43.133366385721374,16.608824987605352,102.87555775904808,19.583539910758557,61.47744174516609,41.89390183440754,3.966286564204264,-12.642538423401088,Serviços
2020,3532108,Murutinga do Sul,23947.396,2344.33,28568.514,27860.685,85349.299,18941.26,104,46,58,,,,,,15.0,28.058105081800377,2.7467478086726875,33.47246472405122,32.64313278073907,3737,27.829810008027827,12.30933904201231,15.52047096601552,40.13914905004014,,,,4.013914905004014,-11.506556061011509,Serviços
2021,3532108,Murutinga do Sul,26037.347,2087.377,28329.257,28301.061,88027.071,19453.5,68,53,15,3.13742705725093,2.704360744744561,58.0,104.0,46.0,6.0,29.57879514132647,2.3712898501416686,32.18243737770169,32.15040632216424,3737,18.1964142360182,14.182499331014183,4.013914905004014,32.378913567032384,15.52047096601552,27.829810008027827,12.30933904201231,1.6055659620016056,-2.408348943002408,Serviços
2020,3532157,Nantes,37987.861,2611.922,55239.073,24047.298,129302.485,40673.95,94,48,46,,,,,,23.0,29.379064911242807,2.0200091282081702,42.72081313827804,18.59770753825806,2660,35.338345864661655,18.045112781954888,17.293233082706767,53.38345864661654,,,,8.646616541353383,-8.646616541353383,Serviços
2021,3532157,Nantes,36995.988,2573.649,65532.617,24665.294,142300.887,44261.55,89,66,23,10.052708577101187,8.820387496173865,46.0,94.0,48.0,8.0,25.99842402950025,1.8085965971526237,46.05214934464885,17.333197649006927,2660,33.45864661654135,24.81203007518797,8.646616541353383,58.27067669172932,17.293233082706767,35.338345864661655,18.045112781954888,3.007518796992481,-5.639097744360901,Serviços
2020,3532207,Narandiba,68034.791,62392.54,75140.046,39046.775,262041.707,53434.28,162,145,17,,,,,,-247.0,25.963344453407945,23.810156296989778,28.674842207465858,14.900977194443326,5713,28.356380185541745,25.38071065989848,2.9756695256432697,53.73709084544023,,,,-43.2347278137581,-46.21039733940137,Serviços
2021,3532207,Narandiba,36387.629,301693.831,176032.074,41936.442,639075.516,129106.16,318,565,-247,143.8831296424122,141.61672993441664,17.0,162.0,145.0,92.0,5.693791749017655,47.2078531326492,27.544800198541797,6.562047981822544,5713,55.662524067915285,98.89725188167338,-43.2347278137581,154.55977594958867,2.9756695256432697,28.356380185541745,25.38071065989848,16.10362331524593,59.338351129004025,Indústria
2020,3532306,Natividade da Serra,8797.033,3138.848,33438.876,36228.148,85941.556,12939.11,69,71,-2,,,,,,60.0,10.23606437844807,3.6523052945422587,38.9088556879282,42.154400834911584,6999,9.858551221603086,10.14430632947564,-0.2857551078725532,20.002857551078726,,,,8.572653236176597,8.85840834404915,Administração pública
2021,3532306,Natividade da Serra,14285.492,2820.599,35587.371,36722.854,93391.138,14098.9,153,93,60,8.668195395484823,8.963444935548104,-2.0,69.0,71.0,4.0,15.296410672284559,3.0201998395179634,38.10572583450048,39.32156175246521,6999,21.86026575225032,13.287612516073724,8.572653236176597,35.14787826832404,-0.2857551078725532,9.858551221603086,10.14430632947564,0.5715102157451065,-8.00114302043149,Administração pública
2020,3532405,Nazaré Paulista,23120.002,81840.798,169191.025,91814.789,411551.684,22010.47,888,859,29,,,,,,251.0,5.617763916135501,19.885910125446113,41.110516996450926,22.30941885782686,18217,48.74567711478289,47.1537574792776,1.5919196355052974,95.89943459406048,,,,13.778338914201022,12.186419278695723,Serviços
2021,3532405,Nazaré Paulista,25909.522,87914.187,204046.836,94917.664,465370.933,24667.18,1188,937,251,13.077154362949962,12.070210222680377,29.0,888.0,859.0,55.0,5.567498991175713,18.891207156679034,43.84606375920775,20.396130757053534,18217,65.21381127518252,51.4354723609815,13.778338914201022,116.649283636164,1.5919196355052974,48.74567711478289,47.1537574792776,3.019157929406598,-10.759180984794424,Serviços
2020,3532504,Neves Paulista,34261.687,40641.631,109547.346,34987.928,245988.61,27567.93,472,557,-85,,,,,,71.0,13.928159925778678,16.52175318198676,44.533503400828195,14.223393514033027,9699,48.66481080523765,57.42860088668935,-8.763790081451697,106.093411691927,,,,7.32034230333024,16.084132384781938,Serviços
2021,3532504,Neves Paulista,36596.522,48014.711,123245.183,37967.576,276247.695,30979.89,477,406,71,12.301010603702345,12.376554931763106,-85.0,472.0,557.0,17.0,13.247720311295266,17.381035885204398,44.61401315945822,13.744033592750881,9699,49.18032786885246,41.85998556552222,7.32034230333024,91.04031343437468,-8.763790081451697,48.66481080523765,57.42860088668935,1.7527580162903391,-5.567584287039901,Serviços
2020,3532603,Nhandeara,48726.113,67057.222,169389.195,57691.742,366384.709,31784.91,455,477,-22,,,,,,49.0,13.299166641804366,18.302407374757554,46.23260492020152,15.746219911159013,9852,46.18351603735282,48.416565164433614,-2.233049127080796,94.60008120178644,,,,4.973609419407227,7.206658546488023,Serviços
2021,3532603,Nhandeara,62082.018,49513.981,170199.328,60295.355,367776.641,31773.36,580,531,49,0.3799099596156985,-0.036337998125524,-22.0,455.0,477.0,3.0,16.880359185182726,13.463057595329985,46.27790594237332,16.394558076351565,9852,58.87129516849371,53.89768574908648,4.973609419407227,112.76898091758018,-2.233049127080796,46.18351603735282,48.416565164433614,0.3045066991473812,-4.669102720259846,Serviços
2020,3532702,Nipoã,17102.169,7646.928,37142.644,26046.254,92383.015,17437.34,207,233,-26,,,,,,-3.0,18.512243836164043,8.277417661677312,40.205057174200256,28.193769168499212,4750,43.57894736842105,49.05263157894737,-5.473684210526316,92.63157894736842,,,,-0.631578947368421,4.842105263157895,Serviços
2021,3532702,Nipoã,20239.587,7473.15,36311.104,26338.754,95891.822,17820.45,219,222,-3,3.798108342751094,2.1970667544476408,-26.0,207.0,233.0,49.0,21.106687283509952,7.7933131774261195,37.86673695698472,27.467153559768633,4750,46.10526315789474,46.73684210526316,-0.631578947368421,92.84210526315788,-5.473684210526316,43.57894736842105,49.05263157894737,10.31578947368421,10.947368421052632,Serviços
2020,3532801,Nova Aliança,31653.037,43054.349,103583.485,35238.481,226856.294,32096.25,400,368,32,,,,,,124.0,13.952902272131801,18.978688332094503,45.660397238085885,15.533393576463874,6693,59.76393246675632,54.98281786941581,4.781114597340505,114.74675033617213,,,,18.526819064694457,13.745704467353953,Serviços
2021,3532801,Nova Aliança,37295.395,70221.527,156228.924,37123.238,325932.69,45514.97,639,515,124,43.67363772591648,41.80775012657243,32.0,400.0,368.0,96.0,11.442667809724762,21.544794110710406,47.93287963843086,11.389848008188439,6693,95.47288211564322,76.94606305094875,18.526819064694457,172.41894516659195,4.781114597340505,59.76393246675632,54.98281786941581,14.343343792021516,-4.183475272672942,Serviços
2020,3532827,Nova Campina,11004.891,29328.917,39039.724,46864.124,138923.129,14089.57,522,508,14,,,,,,234.0,7.921568625192714,21.111615618735456,28.101673408176698,33.733852913721805,8497,61.43344709897611,59.78580675532541,1.6476403436507003,121.21925385430151,,,,27.539131458161705,25.891491114511005,Administração pública
2021,3532827,Nova Campina,22836.018,33543.707,47653.803,50738.438,221079.28,22192.26,747,513,234,59.1378495369191,57.508426445945474,14.0,522.0,508.0,184.0,10.329334345579559,15.172705013332774,21.555074270189408,22.950336187090894,8497,87.91338119336237,60.37424973520066,27.539131458161705,148.28763092856303,1.6476403436507003,61.43344709897611,59.78580675532541,21.6547016594092,-5.884429798752503,Administração pública
2020,3532843,Nova Canaã Paulista,16020.266,2320.449,12694.095,13697.048,45872.326,24769.07,34,22,12,,,,,,5.0,34.923596418459354,5.0584943087472825,27.67266477832408,29.85906579055965,2032,16.73228346456693,10.826771653543307,5.905511811023622,27.55905511811024,,,,2.4606299212598426,-3.44488188976378,Agropecuária
2021,3532843,Nova Canaã Paulista,16904.183,2218.559,11890.548,13932.066,46304.606,25386.3,18,13,5,0.9423546562692175,2.491938534632099,12.0,34.0,22.0,0.0,36.50648274601451,4.791227464498888,25.678974571125817,30.087862101666516,2032,8.858267716535433,6.397637795275591,2.4606299212598426,15.255905511811024,5.905511811023622,16.73228346456693,10.826771653543307,0.0,-2.4606299212598426,Agropecuária
2020,3532868,Nova Castilho,24995.962,1508.303,12065.274,15450.063,55115.261,43126.18,23,18,5,,,,,,1.0,45.35216117365388,2.736634051320196,21.890985874130216,28.03227766625291,1062,21.657250470809792,16.949152542372882,4.708097928436911,38.60640301318267,,,,0.9416195856873822,-3.766478342749529,Agropecuária
2021,3532868,Nova Castilho,31262.209,1547.828,11557.653,14843.684,60664.975,47027.11,26,25,1,10.069287343119004,9.045387279837902,5.0,23.0,18.0,3.0,51.53255070161984,2.551435980975843,19.05160762037733,24.46829327795816,1062,24.482109227871938,23.54048964218456,0.9416195856873822,48.0225988700565,4.708097928436911,21.657250470809792,16.949152542372882,2.824858757062147,1.8832391713747647,Agropecuária
2020,3532900,Nova Europa,21124.075,115303.349,120650.476,59716.539,345663.337,30441.51,553,439,114,,,,,,-11.0,6.111170245399789,33.35712430502863,34.90404190595429,17.275925042637656,9311,59.39211685103641,47.148533992052414,12.243582858984,106.54065084308884,,,,-1.1813983460423156,-13.424981205026317,Serviços
2021,3532900,Nova Europa,22829.125,131313.678,124499.503,63485.241,377460.822,32768.54,557,568,-11,9.198975302376368,7.644266003887457,114.0,553.0,439.0,-41.0,6.0480780174849516,34.78869073198808,32.983423906176945,16.81902790960382,9311,59.82171624959725,61.003114595639566,-1.1813983460423156,120.82483084523682,12.243582858984,59.39211685103641,47.148533992052414,-4.403393835248631,-3.221995489206315,Indústria
2020,3533007,Nova Granada,102646.929,33678.099,232926.883,88405.245,485381.226,22379.14,857,816,41,,,,,,97.0,21.147692473791725,6.938484060774118,47.98844094559191,18.213569100837038,19419,44.13203563520264,42.020701374942064,2.1113342602605694,86.1527370101447,,,,4.995107884031104,2.883773623770535,Serviços
2021,3533007,Nova Granada,104377.926,34425.078,246278.236,92660.76,512828.707,23447.89,1134,1037,97,5.654829550411988,4.775652683704568,41.0,857.0,816.0,277.0,20.35337035061885,6.712782948790736,48.023488669482774,18.06855948881192,19419,58.39641588135332,53.40130799732221,4.995107884031104,111.79772387867553,2.1113342602605694,44.13203563520264,42.020701374942064,14.264380246150676,9.269272362119573,Serviços
2020,3533106,Nova Guataporanga,3360.07,1924.95,14653.56,15032.348,36252.419,15592.44,32,29,3,,,,,,0.0,9.268540121419209,5.309852564597137,40.42091646353309,41.46577915255806,2156,14.84230055658627,13.450834879406308,1.391465677179963,28.29313543599258,,,,0.0,-1.391465677179963,Administração pública
2021,3533106,Nova Guataporanga,3229.592,1933.131,14554.127,15588.795,36774.792,15762.88,31,31,0,1.4409328105801755,1.0930938326522366,3.0,32.0,29.0,17.0,8.782080942837148,5.256674191386317,39.576367964229405,42.38989305500355,2156,14.37847866419295,14.37847866419295,0.0,28.7569573283859,1.391465677179963,14.84230055658627,13.450834879406308,7.884972170686456,7.884972170686456,Administração pública
2020,3533205,Nova Independência,27103.016,58565.974,51676.972,31332.541,182131.685,44937.5,512,551,-39,,,,,,128.0,14.880999975374959,32.15584042941238,28.373411249119012,17.203234571733084,4609,111.08700368843569,119.54870904751571,-8.46170535908006,230.63571273595144,,,,27.77175092210892,36.23345628118898,Indústria
2021,3533205,Nova Independência,26717.58,82275.868,54787.476,32068.612,213154.675,51548.89,610,482,128,17.033274578226187,14.7124116828929,-39.0,512.0,551.0,164.0,12.53436266410765,38.5991383956275,25.7031547630846,15.044761274881727,4609,132.34975048817532,104.5779995660664,27.77175092210892,236.92775005424173,-8.46170535908006,111.08700368843569,119.54870904751571,35.58255586895205,7.810804946843131,Indústria
2020,3533254,Novais,13568.113,2571.558,28183.11,28681.905,74998.693,12615.42,389,369,20,,,,,,-28.0,18.0911326014708,3.4288037526200625,37.57813486163019,38.243206451611094,4412,88.16863100634632,83.63553943789664,4.533091568449683,171.80417044424297,,,,-6.346328195829556,-10.879419764279238,Administração pública
2021,3533254,Novais,16046.373,2314.801,27496.091,29897.195,78660.446,12986.7,496,524,-28,4.882422417681331,2.943064915793525,20.0,389.0,369.0,103.0,20.39954489960558,2.94277634784832,34.955422195292414,38.00791442245319,4412,112.42067089755211,118.76699909338168,-6.346328195829556,231.1876699909338,4.533091568449683,88.16863100634632,83.63553943789664,23.345421577515868,29.691749773345425,Administração pública
2020,3533304,Nova Luzitânia,7854.027,2663.374,21572.005,20973.899,54464.746,13092.49,29,38,-9,,,,,,-4.0,14.420386721348155,4.890087984620363,39.6072810107294,38.509128455313096,2837,10.222065562213606,13.39443073669369,-3.1723651744800847,23.616496298907297,,,,-1.409940077546704,1.7624250969333806,Serviços
2021,3533304,Nova Luzitânia,10945.748,2796.63,22923.67,21768.044,60213.767,14278.82,55,59,-4,10.555490334977424,9.06114879598916,-9.0,29.0,38.0,10.0,18.178148528724336,4.6445026433905054,38.07047979575833,36.15127417621954,2837,19.386676066267185,20.79661614381389,-1.409940077546704,40.18329221008107,-3.1723651744800847,10.222065562213606,13.39443073669369,3.5248501938667607,4.934790271413465,Serviços
2020,3533403,Nova Odessa,10356.032,882865.924,1858382.906,297544.814,3610771.864,59235.71,8899,8241,658,,,,,,1671.0,0.2868093690230439,24.450891866149757,51.46774639872401,8.240476696037533,62019,143.48828584788535,132.8786339670101,10.609651880875216,276.3669198148954,,,,26.94335606830165,16.333704187426434,Serviços
2021,3533403,Nova Odessa,11171.611,1199729.416,1791037.4,316937.673,4020494.254,65145.09,11796,10125,1671,11.347224511329587,9.976043167204374,658.0,8899.0,8241.0,678.0,0.27786660779045597,29.84034648989701,44.54769207089631,7.883052504917222,62019,190.1997774875441,163.25642141924249,26.94335606830165,353.45619890678665,10.609651880875216,143.48828584788535,132.8786339670101,10.932133700962607,-16.011222367339045,Serviços
2020,3533502,Novo Horizonte,143354.69,161143.382,817303.632,184473.04,1461180.187,35282.28,3848,3759,89,,,,,,102.0,9.810883782535166,11.02830324649071,55.93448633313559,12.624934394898144,38324,100.40705563093624,98.0847510698257,2.3223045611105317,198.4918067007619,,,,2.6615175868907213,0.3392130257801899,Serviços
2021,3533502,Novo Horizonte,158112.501,173155.441,883338.783,189013.168,1585955.121,37973.31,4392,4290,102,8.539325615698345,7.627143143810433,89.0,3848.0,3759.0,464.0,9.969544466069415,10.918054282066912,55.69759013376269,11.917939259266088,38324,114.6018160943534,111.94029850746269,2.6615175868907213,226.54211460181608,2.3223045611105317,100.40705563093624,98.0847510698257,12.107295689385245,9.445778102494522,Serviços
2020,3533601,Nuporanga,98896.464,274264.607,232505.668,44511.337,719631.528,96233.15,1069,836,233,,,,,,155.0,13.742653031733207,38.11181088219359,32.30898855226365,6.185295566983552,7391,144.63536733865513,113.11053984575835,31.52482749289676,257.74590718441345,,,,20.97145176566094,-10.55337572723582,Indústria
2021,3533601,Nuporanga,76782.636,323151.75,317397.031,46170.153,868091.613,115407.02,1185,1030,155,20.63001400349984,19.92439195848832,233.0,1069.0,836.0,401.0,8.844992262354687,37.22553531916222,36.562619226687545,5.318580701458752,7391,160.33013124069814,139.3586794750372,20.97145176566094,299.6888107157353,31.52482749289676,144.63536733865513,113.11053984575835,54.25517521309701,33.283723447436074,Indústria
2020,3533700,Ocauçu,89848.228,10055.606,46184.601,25310.087,176641.492,41165.58,220,162,58,,,,,,143.0,50.864735676032446,5.692663646658962,26.145952730064124,14.328506124710497,4331,50.79658277534057,37.40475640729623,13.391826368044333,88.2013391826368,,,,33.01777880397137,19.62595243592704,Agropecuária
2021,3533700,Ocauçu,57667.146,8462.643,42198.121,26862.123,141366.238,32921.81,431,288,143,-19.969970588790087,-20.02588084511381,58.0,220.0,162.0,40.0,40.7927287419221,5.986325391215404,29.850211476944015,19.00179518110965,4331,99.51512352805356,66.4973447240822,33.01777880397137,166.01246825213576,13.391826368044333,50.79658277534057,37.40475640729623,9.235742322789196,-23.78203648118217,Agropecuária
2020,3533809,Óleo,82235.929,5423.86,21859.86,17226.883,128780.044,52116.57,33,44,-11,,,,,,4.0,63.85766493448318,4.211723984191215,16.97457099797233,13.376981762795486,2512,13.136942675159236,17.515923566878982,-4.3789808917197455,30.65286624203822,,,,1.5923566878980893,5.971337579617835,Agropecuária
2021,3533809,Óleo,82106.15,5390.92,20951.629,17363.064,128271.549,52419.92,95,91,4,-0.3948554327252718,0.582060561545017,-11.0,33.0,44.0,-16.0,64.00963474760876,4.202740235092975,16.333808364628073,13.536177067605223,2512,37.818471337579616,36.22611464968153,1.5923566878980893,74.04458598726114,-4.3789808917197455,13.136942675159236,17.515923566878982,-6.369426751592357,-7.961783439490446,Agropecuária
2020,3533908,Olímpia,121752.267,478520.663,1070565.367,257214.244,2124220.125,38531.11,5439,5306,133,,,,,,1488.0,5.731621952315324,22.526886802750727,50.39804276404735,12.108643589844533,55074,98.75803464429676,96.34310200820714,2.414932636089625,195.1011366525039,,,,27.01819370301776,24.60326106692813,Serviços
2021,3533908,Olímpia,117750.639,648285.981,1232950.114,265224.635,2551144.674,45985.63,7354,5866,1488,20.097942956829872,19.34675642617094,133.0,5439.0,5306.0,691.0,4.615600212722393,25.41157260138983,48.329290242361225,10.396299265307759,55074,133.52943312633911,106.51123942332134,27.01819370301776,240.04067254966048,2.414932636089625,98.75803464429676,96.34310200820714,12.546755274721283,-14.471438428296477,Serviços
2020,3534005,Onda Verde,38281.354,21243.766,88816.889,26423.77,187867.115,42484.65,354,418,-64,,,,,,-38.0,20.37682539597204,11.307868330229057,47.27644271324441,14.065138542208414,4771,74.19828128274996,87.61265981974428,-13.414378536994342,161.81094110249424,,,,-7.964787256340389,5.449591280653952,Serviços
2021,3534005,Onda Verde,43061.136,22135.5,95642.824,27361.351,205635.802,46086.02,424,462,-38,9.458114582746436,8.476873411926423,-64.0,354.0,418.0,54.0,20.940485840106774,10.764419320328276,46.510784148375095,13.305733113536327,4771,88.8702578075875,96.8350450639279,-7.964787256340389,185.7053028715154,-13.414378536994342,74.19828128274996,87.61265981974428,11.318381890588975,19.283169146929364,Serviços
2020,3534104,Oriente,14724.518,10129.45,49124.112,30083.396,113282.661,17316.21,143,183,-40,,,,,,43.0,12.998033300082879,8.941747934399247,43.364193219295935,26.556046383832744,6085,23.500410846343467,30.07395234182416,-6.57354149548069,53.57436318816762,,,,7.066557107641742,13.640098603122432,Serviços
2021,3534104,Oriente,16499.305,13730.43,48832.505,31892.082,129763.028,19753.85,261,218,43,14.548004835444338,14.077214355797253,-40.0,143.0,183.0,86.0,12.714950671465527,10.581157215289396,37.63206342564694,24.577171549973382,6085,42.89235825801151,35.82580115036976,7.066557107641742,78.71815940838127,-6.57354149548069,23.500410846343467,30.07395234182416,14.133114215283484,7.066557107641742,Serviços
2020,3534203,Orindiúva,39911.582,206209.232,168226.422,37436.758,511710.425,71130.17,1062,939,123,,,,,,119.0,7.799642151124829,40.29803223180376,32.875316542554316,7.316004554724481,6024,176.29482071713147,155.87649402390437,20.41832669322709,332.1713147410358,,,,19.754316069057104,-0.6640106241699861,Indústria
2021,3534203,Orindiúva,40120.139,247543.221,222996.126,41990.126,640841.175,87570.54,1168,1049,119,25.235121993068653,23.11307564708476,123.0,1062.0,939.0,0.0,6.2605432617528045,38.62785829889909,34.79740920205384,6.552345204722526,6024,193.8911022576361,174.13678618857904,19.754316069057104,368.0278884462152,20.41832669322709,176.29482071713147,155.87649402390437,0.0,-19.754316069057104,Indústria
2020,3534302,Orlândia,63208.903,619516.249,953456.91,209127.563,2178410.835,49107.55,5048,4475,573,,,,,,884.0,2.901606160988453,28.438907805928164,43.768461608849826,9.600005638973053,38319,131.7362144106057,116.78279704585192,14.953417364753776,248.51901145645763,,,,23.06949555051019,8.116078185756413,Serviços
2021,3534302,Orlândia,47661.656,974741.561,1017692.765,208564.113,2579406.068,57728.08,5814,4930,884,18.40769548871621,17.55438827634448,573.0,5048.0,4475.0,413.0,1.8477763773330786,37.78938000854544,39.45453868723705,8.085741736729139,38319,151.7262976591247,128.65680210861453,23.06949555051019,280.3830997677392,14.953417364753776,131.7362144106057,116.78279704585192,10.777943056969129,-12.291552493541063,Serviços
2020,3534401,Osasco,1263.099,3766703.407,56803340.306,3087868.377,76612072.001,109454.57,55097,55755,-658,,,,,,26604.0,0.0016486944772666024,4.916592527285823,74.14411178601013,4.030524558792372,728615,75.61881103188927,76.52189427887156,-0.9030832469822884,152.1407053107608,,,,36.51311049045106,37.41619373743335,Serviços
2021,3534401,Osasco,1392.36,4963982.431,58664575.895,3286922.853,86111259.991,122765.64,96223,69619,26604,12.399074639145644,12.161273850877109,-658.0,55097.0,55755.0,9757.0,0.001616931397990836,5.76461479197821,68.12648647938886,3.8170651008283194,728615,132.062886435223,95.54977594477194,36.51311049045106,227.61266237999493,-0.9030832469822884,75.61881103188927,76.52189427887156,13.391159940434935,-23.121950550016127,Serviços
2020,3534500,Oscar Bressane,40068.924,12024.341,30319.598,18009.436,104439.403,40122.71,30,39,-9,,,,,,25.0,38.365715284680434,11.513222648352366,29.030803632609807,17.243909370106223,2470,12.145748987854253,15.789473684210527,-3.643724696356275,27.93522267206478,,,,10.121457489878544,13.765182186234815,Agropecuária
2021,3534500,Oscar Bressane,42618.299,13757.006,32686.322,18509.605,112881.755,43366.02,74,49,25,8.083493162058764,8.083476913697996,-9.0,30.0,39.0,18.0,37.75481609051879,12.187094362592076,28.956248952720482,16.39733985354852,2470,29.959514170040485,19.838056680161944,10.121457489878544,49.797570850202426,-3.643724696356275,12.145748987854253,15.789473684210527,7.28744939271255,-2.8340080971659924,Agropecuária
2020,3534609,Osvaldo Cruz,32593.831,242545.257,490450.965,126346.872,990313.944,30009.51,2030,2085,-55,,,,,,423.0,3.291262452424885,24.491754202746037,49.52479645182094,12.75826446406171,31272,64.91430033256587,66.67306216423638,-1.7587618316705038,131.58736249680226,,,,13.526477359938603,15.285239191609108,Serviços
2021,3534609,Osvaldo Cruz,41703.545,266870.776,525322.959,131802.504,1087489.589,32836.81,2781,2358,423,9.812609989868015,9.421346766408378,-55.0,2030.0,2085.0,279.0,3.8348454478859386,24.54007640159579,48.306021897925504,12.119886510472147,31272,88.9293937068304,75.4029163468918,13.526477359938603,164.33231005372218,-1.7587618316705038,64.91430033256587,66.67306216423638,8.921719109746737,-4.604758250191866,Serviços
2020,3534708,Ourinhos,60595.546,499695.198,2085661.795,494023.207,3454873.394,30212.62,8120,8187,-67,,,,,,1519.0,1.7539150958537266,14.463487978106789,60.36868959140793,14.299314349925496,103970,78.09945176493218,78.74386842358373,-0.6444166586515341,156.84332018851592,,,,14.609983649129555,15.254400307781092,Serviços
2021,3534708,Ourinhos,53262.239,579223.711,2399698.474,520559.525,3961570.958,34406.86,11601,10082,1519,14.666168806068857,13.882410727702531,-67.0,8120.0,8187.0,1271.0,1.344472674216328,14.621061117946532,60.57441604457562,13.140229735094902,103970,111.5802635375589,96.97027988842936,14.609983649129555,208.55054342598828,-0.6444166586515341,78.09945176493218,78.74386842358373,12.224680196210445,-2.3853034529191124,Serviços
2020,3534757,Ouroeste,49118.68,244294.582,176686.42,79336.552,590478.888,56027.98,1053,977,76,,,,,,5.0,8.318448127141169,41.37228052766553,29.922563463437495,13.435967587040976,10294,102.2925976296872,94.90965611035556,7.382941519331649,197.20225374004275,,,,0.4857198367981348,-6.897221682533514,Indústria
2021,3534757,Ouroeste,44081.51,191542.515,184148.166,77161.37,548740.254,51226.69,1323,1318,5,-7.068607336897726,-8.569450478136108,76.0,1053.0,977.0,101.0,8.033219666075382,34.905861854268124,33.558348354739074,14.061547232509024,10294,128.52146881678647,128.03574897998834,0.4857198367981348,256.5572177967748,7.382941519331649,102.2925976296872,94.90965611035556,9.811540703322324,9.32582086652419,Indústria
2020,3534807,Ouro Verde,26344.341,5250.104,49825.7,41933.083,127049.209,14738.89,319,358,-39,,,,,,17.0,20.735541139811424,4.132338990005046,39.21763889139994,33.00538691271978,7779,41.00784162488752,46.02133950379226,-5.013497878904744,87.02918112867977,,,,2.1853708702918118,7.198868749196555,Serviços
2021,3534807,Ouro Verde,31819.0,4093.279,50970.587,43103.621,134985.78,15558.53,393,376,17,6.246848022485518,5.561070067013185,-39.0,319.0,358.0,87.0,23.572112558819157,3.032377928993706,37.759967753640424,31.93197164916186,7779,50.52063247204011,48.33526160174829,2.1853708702918118,98.8558940737884,-5.013497878904744,41.00784162488752,46.02133950379226,11.183956806787505,8.998585936495694,Serviços
2020,3534906,Pacaembu,26400.541,5870.509,103832.291,61581.855,206121.754,14451.5,379,325,54,,,,,,33.0,12.808226442707257,2.84807832559003,50.37425161829353,29.87644622896039,14877,25.475566310412045,21.845802245076293,3.629764065335753,47.32136855548834,,,,2.218189151038516,-1.4115749142972374,Serviços
2021,3534906,Pacaembu,36833.352,5199.552,100087.422,64972.309,217694.932,15195.79,261,228,33,5.614729049899325,5.150261218558638,54.0,379.0,325.0,-20.0,16.919710377088613,2.388457991295819,45.97600002925194,29.84557720434208,14877,17.543859649122805,15.32567049808429,2.218189151038516,32.8695301472071,3.629764065335753,25.475566310412045,21.845802245076293,-1.3443570612354645,-3.56254621227398,Serviços
2020,3535002,Palestina,120072.825,85179.414,129858.206,58394.488,418650.669,31902.06,612,598,14,,,,,,195.0,28.680910814452798,20.346178880703043,31.01827265920361,13.94826100230118,11476,53.32868595329384,52.108748692924365,1.2199372603694667,105.4374346462182,,,,16.991983269431856,15.77204600906239,Serviços
2021,3535002,Palestina,100213.296,96730.214,129659.472,62549.836,420419.963,31646.21,802,607,195,0.4226182187230698,-0.8019858278744407,14.0,612.0,598.0,52.0,23.836474197111333,23.007997362865478,30.84046510893204,14.877941464449442,11476,69.88497734402232,52.89299407459045,16.991983269431856,122.77797141861276,1.2199372603694667,53.32868595329384,52.108748692924365,4.5311955385151625,-12.460787730916692,Serviços
2020,3535101,Palmares Paulista,9790.101,7104.498,58364.796,50794.664,130802.493,9699.13,223,277,-54,,,,,,22.0,7.484644042678912,5.43146987267284,44.62055321835495,38.833100833942055,9650,23.10880829015544,28.70466321243524,-5.595854922279792,51.81347150259067,,,,2.2797927461139897,7.875647668393782,Serviços
2021,3535101,Palmares Paulista,11179.501,7223.137,59052.639,53012.775,136418.658,9964.11,233,211,22,4.293622293575083,2.731997612156989,-54.0,223.0,277.0,32.0,8.194994118766365,5.2948307114998885,43.28780231806708,38.86035515757676,9650,24.14507772020725,21.865284974093264,2.2797927461139897,46.01036269430052,-5.595854922279792,23.10880829015544,28.70466321243524,3.316062176165804,1.0362694300518136,Serviços
2020,3535200,Palmeira d'Oeste,59505.611,13775.014,90359.056,36074.645,206480.951,22377.91,242,217,25,,,,,,38.0,28.81893497284406,6.67132436831909,43.761448967754895,17.471173406209275,8903,27.18184881500618,24.373806582051,2.8080422329551835,51.55565539705717,,,,4.268224194091879,1.460181961136695,Serviços
2021,3535200,Palmeira d'Oeste,60534.637,12975.983,94049.741,38115.289,215050.397,23443.85,292,254,38,4.150235631179355,4.763358150962249,25.0,242.0,217.0,2.0,28.14904684877192,6.033926549784514,43.73381417194035,17.7238868338383,8903,32.797933280916546,28.529709086824667,4.268224194091879,61.32764236774121,2.8080422329551835,27.18184881500618,24.373806582051,0.2246433786364146,-4.043580815455464,Serviços
2020,3535309,Palmital,131539.861,96417.753,401348.673,107626.66,830826.479,37303.63,1003,865,138,,,,,,59.0,15.832410777076353,11.605040936592488,48.30715957477325,12.954168255390908,19594,51.18913953250996,44.146167194039,7.04297233847096,95.33530672654894,,,,3.0111258548535265,-4.031846483617434,Serviços
2021,3535309,Palmital,110010.31,109062.39,449959.811,111511.501,900626.568,40347.04,1415,1356,59,8.401283633137545,8.158482163800151,138.0,1003.0,865.0,230.0,12.214863952358998,12.109612782375748,49.96075254577656,12.381546909906394,19594,72.21598448504645,69.20485863019292,3.0111258548535265,141.42084311523936,7.04297233847096,51.18913953250996,44.146167194039,11.738287230784934,8.727161375931408,Serviços
2020,3535408,Panorama,37982.606,25233.497,148986.36,71831.476,298636.941,18827.19,963,900,63,,,,,,141.0,12.7186562629571,8.449556480020332,49.88879121956985,24.05311136642,14964,64.35445068163592,60.14434643143544,4.210104250200481,124.49879711307136,,,,9.42261427425822,5.212510024057738,Serviços
2021,3535408,Panorama,43883.204,23743.699,156404.953,75871.318,317825.589,19933.87,1403,1262,141,6.425410043294,5.878094394330757,63.0,963.0,900.0,-64.0,13.80732248088432,7.4706693928285315,49.21093782665814,23.871997921476364,14964,93.7583533814488,84.33573910719059,9.42261427425822,178.09409248863938,4.210104250200481,64.35445068163592,60.14434643143544,-4.276931301790965,-13.699545576049184,Serviços
2020,3535507,Paraguaçu Paulista,115782.151,384101.755,792424.39,208637.479,1655591.991,36034.21,2912,2833,79,,,,,,269.0,6.993398834338768,23.200266556496047,47.86350709037708,12.601986487865293,41120,70.8171206225681,68.89591439688716,1.9212062256809337,139.71303501945525,,,,6.541828793774319,4.620622568093385,Serviços
2021,3535507,Paraguaçu Paulista,117848.385,433251.455,854088.938,208124.881,1801748.006,39015.76,3363,3094,269,8.828021384164831,8.27422052543958,79.0,2912.0,2833.0,487.0,6.54078065342951,24.04617369117266,47.403351365218604,11.551275778128986,41120,81.78501945525292,75.2431906614786,6.541828793774319,157.02821011673151,1.9212062256809337,70.8171206225681,68.89591439688716,11.843385214007782,5.301556420233463,Serviços
2020,3535606,Paraibuna,13044.487,85845.4,118763.294,85034.372,321569.18,17607.69,486,547,-61,,,,,,115.0,4.056510328508471,26.695779738593107,36.93242430757823,26.443570245133568,17667,27.50891492613347,30.961679968302487,-3.452765042169016,58.47059489443596,,,,6.509311145072735,9.96207618724175,Serviços
2021,3535606,Paraibuna,14028.871,89623.32,134366.902,89639.56,352397.922,19254.61,685,570,115,9.586970368242389,9.353413196166006,-61.0,486.0,547.0,102.0,3.9809743827036526,25.432420115122017,38.12931167057222,25.437028541842533,17667,38.772853342389766,32.26354219731703,6.509311145072735,71.03639553970679,-3.452765042169016,27.50891492613347,30.961679968302487,5.773475972151469,-0.7358351729212655,Serviços
2020,3535705,Paraíso,32751.144,75888.065,79889.445,33896.629,265121.99,40813.11,725,707,18,,,,,,-50.0,12.353235580345485,28.62382897774719,30.133088922574853,12.785295176759954,6099,118.87194622069192,115.92064272831612,2.951303492375799,234.79258894900804,,,,-8.198065256599442,-11.149368748975242,Serviços
2021,3535705,Paraíso,37033.209,87834.598,81043.847,34064.798,275312.652,42122.5,688,738,-50,3.843763393598554,3.2082583267974307,18.0,725.0,707.0,231.0,13.451328419153075,31.903582113618228,29.437022385734746,12.373132056422893,6099,112.80537793080832,121.00344318740775,-8.198065256599442,233.8088211182161,2.951303492375799,118.87194622069192,115.92064272831612,37.87506148548942,46.07312674208886,Indústria
2020,3535804,Paranapanema,280973.03,36313.419,407025.484,111280.028,912032.704,44718.45,2180,1853,327,,,,,,212.0,30.807341531472105,3.981591760990185,44.6283869224058,12.201319921089146,19395,112.40010311936068,95.54008765145656,16.8600154679041,207.9401907708172,,,,10.930652229956175,-5.929363237947923,Serviços
2021,3535804,Paranapanema,243678.76,37731.77,456222.125,111471.593,945145.306,45907.58,2339,2127,212,3.630637569768536,2.6591485169991547,327.0,2180.0,1853.0,191.0,25.7821478298703,3.9921660468998823,48.27005139884808,11.794122268010291,19395,120.59809229182778,109.66744006187162,10.930652229956175,230.2655323536994,16.8600154679041,112.40010311936068,95.54008765145656,9.847898943026554,-1.0827532869296217,Serviços
2020,3535903,Paranapuã,57826.015,6580.345,54155.944,21180.65,146139.024,35687.19,49,44,5,,,,,,-18.0,39.56918105597859,4.502797965860235,37.05782515695466,14.493493538043612,4031,12.155792607293476,10.915405606549244,1.2403870007442324,23.07119821384272,,,,-4.465393202679236,-5.705780203423468,Agropecuária
2021,3535903,Paranapuã,57980.099,6058.881,41222.199,22121.623,133064.949,32360.15,86,104,-18,-8.946327026243184,-9.322785010531788,5.0,49.0,44.0,10.0,43.57278113863028,4.55332606034366,30.9790063497488,16.624680779008152,4031,21.334656412800797,25.80004961548003,-4.465393202679236,47.13470602828082,1.2403870007442324,12.155792607293476,10.915405606549244,2.4807740014884647,6.9461672041677005,Agropecuária
2020,3536000,Parapuã,98004.62,198308.254,235128.664,50831.077,641637.618,58602.39,1092,1053,39,,,,,,195.0,15.274138742906434,30.906581602576793,36.6450871027328,7.9220849236429896,10580,103.21361058601134,99.52741020793952,3.6862003780718338,202.74102079395084,,,,18.43100189035917,14.744801512287331,Serviços
2021,3536000,Parapuã,113239.761,229653.756,267073.034,52483.211,741785.799,67842.13,1338,1143,195,15.608215321315534,15.766831352782717,39.0,1092.0,1053.0,280.0,15.265830264297092,30.95957839980164,36.00406402495715,7.075251517453221,10580,126.46502835538752,108.03402646502836,18.43100189035917,234.4990548204159,3.6862003780718338,103.21361058601134,99.52741020793952,26.465028355387524,8.034026465028358,Serviços
2020,3536109,Pardinho,26639.089,68403.412,155598.507,40587.768,317726.955,48820.98,506,696,-190,,,,,,22.0,8.38427101660292,21.528992401667647,48.97239738441455,12.774417581284533,7153,70.7395498392283,97.30183139941283,-26.562281560184537,168.04138123864112,,,,3.0756326017055784,29.63791416189012,Serviços
2021,3536109,Pardinho,33737.293,78985.66,177618.692,43416.371,368270.938,55976.73,852,830,22,15.907993390110708,14.657120770619514,-190.0,506.0,696.0,127.0,9.16099792810694,21.447703809850996,48.2304395140732,11.789247133044203,7153,119.11086257514329,116.03522997343772,3.0756326017055784,235.146092548581,-26.562281560184537,70.7395498392283,97.30183139941283,17.754788200754927,14.679155599049349,Serviços
2020,3536208,Pariquera-Açu,76821.463,33357.143,304326.181,81900.0,534348.631,27092.66,887,880,7,,,,,,289.0,14.376655715620238,6.242580417502743,56.95273896940141,15.327072111465743,19233,46.11865023657256,45.75469245567514,0.3639577808974159,91.8733426922477,,,,15.026256954193313,14.662299173295898,Serviços
2021,3536208,Pariquera-Açu,73700.156,37303.439,340427.985,86011.323,586023.644,29601.64,1475,1186,289,9.670655074626724,9.260737040955004,7.0,887.0,880.0,216.0,12.57631099949271,6.365517736687089,58.09116892901338,14.677107976892485,19233,76.69110383195549,61.66484687776218,15.026256954193313,138.3559507097177,0.3639577808974159,46.11865023657256,45.75469245567514,11.23069723912026,-3.795559715073052,Serviços
2020,3536257,Parisi,16105.999,1721.418,16953.294,17112.203,53322.312,24583.82,69,85,-16,,,,,,24.0,30.204989986180646,3.2283258835438344,31.793996479372467,32.0920124393706,2892,23.858921161825723,29.391424619640382,-5.532503457814661,53.25034578146611,,,,8.298755186721992,13.831258644536652,Administração pública
2021,3536257,Parisi,15226.568,1575.295,17336.671,17528.91,53619.89,24630.17,89,65,24,0.5580740760078085,0.1885386404553823,-16.0,69.0,85.0,5.0,28.397238412835236,2.937893009478386,32.33253742221403,32.691059231938,2892,30.774550484094053,22.47579529737206,8.298755186721992,53.25034578146611,-5.532503457814661,23.858921161825723,29.391424619640382,1.7289073305670817,-6.569847856154911,Administração pública
2020,3536307,Patrocínio Paulista,306450.043,337305.47,325597.148,68933.882,1149196.831,77611.73,1299,1216,83,,,,,,475.0,26.666453886175052,29.3514096890161,28.332583176084302,5.998439966112298,14512,89.51212789415656,83.79272326350606,5.719404630650496,173.30485115766265,,,,32.73153252480706,27.012127894156563,Indústria
2021,3536307,Patrocínio Paulista,394527.984,386103.137,366420.826,72400.087,1360808.588,91078.82,1784,1309,475,18.413882747645683,17.351874516906165,83.0,1299.0,1216.0,256.0,28.99217329160477,28.373067336932472,26.92669852550931,5.320372581305315,14512,122.93274531422271,90.20121278941566,32.73153252480706,213.13395810363835,5.719404630650496,89.51212789415656,83.79272326350606,17.640573318632857,-15.0909592061742,Agropecuária
2020,3536406,Paulicéia,28517.004,31664.183,84510.989,44715.347,197300.128,26469.03,744,665,79,,,,,,86.0,14.453616573426654,16.04873920811648,42.83372233798044,22.663617836071552,7955,93.52608422375864,83.59522313010685,9.930861093651792,177.1213073538655,,,,10.81081081081081,0.8799497171590183,Serviços
2021,3536406,Paulicéia,32861.025,24656.773,87541.499,44687.198,200144.75,26544.4,798,712,86,1.441774026624043,0.2847478732692643,79.0,744.0,665.0,-39.0,16.418629516887155,12.319470283382403,43.73909333120154,22.327439515650546,7955,100.31426775612825,89.50345694531741,10.81081081081081,189.81772470144568,9.930861093651792,93.52608422375864,83.59522313010685,-4.902576995600251,-15.71338780641106,Serviços
2020,3536505,Paulínia,18946.302,19764705.823,12925339.274,1241540.387,39807062.338,355410.68,16365,15824,541,,,,,,3329.0,0.04759532828403108,49.651254481375084,32.46996516409958,3.1188947741436825,110537,148.04997421677808,143.15568542659923,4.894288790178854,291.2056596433774,,,,30.116612536978568,25.222323746799717,Indústria
2021,3536505,Paulínia,18366.625,26746711.487,16124529.315,1228455.565,52389436.509,457517.7,22610,19281,3329,31.60839668138187,28.72930548963808,541.0,16365.0,15824.0,3328.0,0.03505787850351242,51.05363460514635,30.778207191119456,2.3448535560961092,110537,204.546893800266,174.4302812632874,30.116612536978568,378.9771750635534,4.894288790178854,148.04997421677808,143.15568542659923,30.107565792449588,-0.0090467445289803,Indústria
2020,3536570,Paulistânia,9935.734,1828.213,11990.207,17088.137,43160.269,23533.41,86,58,28,,,,,,14.0,23.020556243521096,4.235870262995812,27.78065864232681,39.592285673659724,2090,41.14832535885168,27.751196172248804,13.397129186602871,68.89952153110048,,,,6.698564593301436,-6.698564593301436,Administração pública
2021,3536570,Paulistânia,13961.467,1865.428,11916.293,17867.287,48636.69,26505.01,97,83,14,12.688570129162091,12.627154330800328,28.0,86.0,58.0,41.0,28.705627377191995,3.8354337024168377,24.50062493973171,36.73623143351244,2090,46.411483253588514,39.71291866028708,6.698564593301436,86.1244019138756,13.397129186602871,41.14832535885168,27.751196172248804,19.61722488038277,12.91866028708134,Administração pública
2020,3536604,Paulo de Faria,163075.774,14361.021,77790.083,44641.783,307535.942,34327.04,103,102,1,,,,,,-1.0,53.02657404512413,4.669704915336368,25.294631415797248,14.51595631706684,7400,13.91891891891892,13.783783783783784,0.1351351351351351,27.702702702702705,,,,-0.1351351351351351,-0.2702702702702703,Agropecuária
2021,3536604,Paulo de Faria,126868.006,11172.421,75107.445,46504.62,269674.996,30054.05,155,156,-1,-12.311063791041375,-12.44788365090611,1.0,103.0,102.0,81.0,47.04477904210297,4.142920613967489,27.851097103566847,17.244691087341298,7400,20.945945945945947,21.08108108108108,-0.1351351351351351,42.02702702702703,0.1351351351351351,13.91891891891892,13.783783783783784,10.945945945945946,11.08108108108108,Agropecuária
2020,3536703,Pederneiras,127357.352,730494.774,919900.09,200792.109,2334463.824,49552.42,4456,3734,722,,,,,,1304.0,5.455529046570481,31.291758154055678,39.40519791066164,8.601208848717631,44827,99.4043768264662,83.29801235862315,16.10636446784304,182.70238918508932,,,,29.089611171838403,12.983246703995365,Serviços
2021,3536703,Pederneiras,116145.461,1125486.823,1031294.767,212007.17,3066260.985,64521.62,6246,4942,1304,31.347547709953293,30.208817248481523,722.0,4456.0,3734.0,345.0,3.7878530747440604,36.70551295228381,33.633626493147325,6.9141919437754575,44827,139.33566823566153,110.24605706382312,29.089611171838403,249.5817252994847,16.10636446784304,99.4043768264662,83.29801235862315,7.6962544894817855,-21.393356682356615,Indústria
2020,3536802,Pedra Bela,21884.764,5774.381,45028.831,29277.628,107040.641,17518.93,203,233,-30,,,,,,38.0,20.445284889502858,5.394568778787489,42.06704162020106,27.351880301239973,6557,30.95928015860912,35.53454323623608,-4.575263077626963,66.49382339484521,,,,5.795333231660821,10.370596309287784,Serviços
2021,3536802,Pedra Bela,24263.559,6354.5,47984.05,32549.876,118076.036,19271.43,331,293,38,10.309537477452135,10.003464823479511,-30.0,203.0,233.0,25.0,20.549096854843604,5.3817016689144275,40.638262957946864,27.566877329791122,6557,50.48040262315083,44.68506939149001,5.795333231660821,95.16547201464084,-4.575263077626963,30.95928015860912,35.53454323623608,3.812719231355803,-1.9826140003050177,Serviços
2020,3536901,Pedranópolis,29698.14,3813.806,18559.549,18930.994,73026.819,29434.43,38,30,8,,,,,,8.0,40.66744301158729,5.222473130042813,25.414702782001225,25.92334468245152,2787,13.634732687477577,10.764262648008613,2.8704700394689637,24.398995335486187,,,,2.8704700394689637,0.0,Agropecuária
2021,3536901,Pedranópolis,33440.768,3676.919,19568.365,19842.646,79886.711,32369.01,101,93,8,9.393661252039465,9.969889004135624,8.0,38.0,30.0,3.0,41.86023880742818,4.602666643767572,24.495144129791502,24.83848158425248,2787,36.23968424829565,33.36921420882669,2.8704700394689637,69.60889845712235,2.8704700394689637,13.634732687477577,10.764262648008613,1.0764262648008611,-1.7940437746681022,Agropecuária
2020,3537008,Pedregulho,284094.484,638489.44,283093.847,75078.424,1323337.856,78718.57,853,807,46,,,,,,96.0,21.468023657897987,48.248407396878704,21.392409029671107,5.673413154440887,15525,54.943639291465374,51.98067632850242,2.962962962962963,106.9243156199678,,,,6.183574879227053,3.2206119162640903,Indústria
2021,3537008,Pedregulho,589565.748,651483.459,355373.157,78725.55,1731363.803,102593.26,1129,1033,96,30.83308961124438,30.32917137595359,46.0,853.0,807.0,9.0,34.05210083394587,37.6283400329353,20.525620114283978,4.547025290905888,15525,72.72141706924315,66.5378421900161,6.183574879227053,139.25925925925924,2.962962962962963,54.943639291465374,51.98067632850242,0.5797101449275363,-5.603864734299517,Indústria
2020,3537107,Pedreira,9205.922,325022.107,638772.418,209990.658,1379244.925,28459.75,5766,5584,182,,,,,,501.0,0.667461002258174,23.565220441177264,46.313196910983734,15.225044819360129,43112,133.7446650584524,129.5231026164409,4.221562442011504,263.2677676748933,,,,11.620894414548154,7.3993319725366495,Serviços
2021,3537107,Pedreira,10274.972,356878.015,685061.34,226702.381,1502007.81,30658.23,6079,5578,501,8.900731318623478,7.724874603606846,182.0,5766.0,5584.0,88.0,0.6840824615951897,23.76006387077308,45.60970558468667,15.093289095480799,43112,141.00482464279088,129.38393022824272,11.620894414548154,270.3887548710336,4.221562442011504,133.7446650584524,129.5231026164409,2.041195026906662,-9.579699387641492,Serviços
2020,3537156,Pedrinhas Paulista,31115.476,12701.924,84800.863,22423.784,164751.614,53128.54,118,109,9,,,,,,87.0,18.886295098753934,7.709741769206584,51.47194673309847,13.610661198135515,2804,42.08273894436519,38.87303851640513,3.209700427960057,80.95577746077034,,,,31.027104136947216,27.81740370898716,Serviços
2021,3537156,Pedrinhas Paulista,21799.021,18484.151,96780.102,21953.768,176652.401,56819.68,209,122,87,7.22347217794177,6.947565282238144,9.0,118.0,109.0,9.0,12.340064939168304,10.463571904692087,54.78561369794232,12.42766465427209,2804,74.53637660485022,43.509272467903,31.027104136947216,118.0456490727532,3.209700427960057,42.08273894436519,38.87303851640513,3.209700427960057,-27.81740370898716,Serviços
2020,3537206,Pedro de Toledo,29504.426,8481.344,71145.784,50386.385,167446.199,14661.26,150,175,-25,,,,,,9.0,17.620242308396623,5.065115870441466,42.488742309402916,30.091089138428277,11281,13.296693555535857,15.512809148125166,-2.216115592589309,28.80950270366102,,,,0.7978016133321515,3.013917205921461,Serviços
2021,3537206,Pedro de Toledo,32675.893,8575.559,73920.552,53938.365,178608.884,15521.76,197,188,9,6.666430809814927,5.86920905843018,-25.0,150.0,175.0,27.0,18.294662767166724,4.801305964153496,41.38682821622692,30.19915011618347,11281,17.462990869603757,16.66518925627161,0.7978016133321515,34.12818012587537,-2.216115592589309,13.296693555535857,15.512809148125166,2.3934048399964545,1.595603226664303,Serviços
2020,3537305,Penápolis,97339.768,231674.682,966928.5,304372.885,1735465.713,27220.0,5354,5409,-55,,,,,,561.0,5.608855725056897,13.349424322507488,55.71579390805286,17.538398063413656,61679,86.80426076946773,87.69597431864979,-0.8917135491820555,174.5002350881175,,,,9.095478201656968,9.987191750839022,Serviços
2021,3537305,Penápolis,96862.97,299214.439,1174012.793,314785.118,2082458.291,32488.66,6534,5973,561,19.994205324873505,19.355841293166787,-55.0,5354.0,5409.0,700.0,4.65137623253363,14.368328061750363,56.37629325273244,15.116034705734235,61679,105.93556964282818,96.84009144117124,9.095478201656968,202.7756610839994,-0.8917135491820555,86.80426076946773,87.69597431864979,11.349081535044345,2.2536033333873764,Serviços
2020,3537404,Pereira Barreto,119412.321,23147.288,566875.554,126906.603,937552.237,36513.31,1343,1495,-152,,,,,,445.0,12.736604563186596,2.468906487180618,60.46335677400768,13.535950104079376,24095,55.73770491803279,62.04606764888981,-6.308362730857024,117.7837725669226,,,,18.46856194231168,24.776924673168704,Serviços
2021,3537404,Pereira Barreto,115617.168,87880.215,631252.452,130849.388,1087485.494,42339.32,1960,1515,445,15.991989681530685,15.95585281093388,-152.0,1343.0,1495.0,-38.0,10.631605537535567,8.08104710222461,58.04697676270798,12.032288129077335,24095,81.34467731894584,62.87611537663416,18.46856194231168,144.22079269558,-6.308362730857024,55.73770491803279,62.04606764888981,-1.577090682714256,-20.045652625025937,Serviços
2020,3537503,Pereiras,28886.817,94991.535,93633.017,39852.028,284494.477,32428.41,1050,1039,11,,,,,,-23.0,10.153735603099246,33.38958843830209,32.91206844764161,14.00801464416478,8737,120.17855099004235,118.9195375987181,1.2590133913242532,239.09808858876045,,,,-2.632482545496166,-3.8914959368204194,Indústria
2021,3537503,Pereiras,36557.559,106160.074,96904.471,45466.485,317964.199,35826.95,1166,1189,-23,11.7646297927956,10.4801314649716,11.0,1050.0,1039.0,128.0,11.49738213137637,33.3874298848343,30.47653519005138,14.29924662681914,8737,133.45541948037084,136.087902025867,-2.632482545496166,269.5433215062378,1.2590133913242532,120.17855099004235,118.9195375987181,14.6503376445004,17.282820189996567,Indústria
2020,3537602,Peruíbe,30024.069,270553.657,927775.982,332409.517,1634968.54,23694.85,2277,2552,-275,,,,,,350.0,1.836369830088596,16.547942690077694,56.74580025863983,20.331248514420956,68352,33.31285112359551,37.33614232209738,-4.023291198501873,70.64899344569288,,,,5.120552434456929,9.143843632958802,Serviços
2021,3537602,Peruíbe,28423.278,433602.555,1045156.899,360440.044,1966247.303,28211.36,3181,2831,350,20.26208791760604,19.06114619843553,-275.0,2277.0,2552.0,516.0,1.4455596687473242,22.05228987922482,53.15490566244403,18.331368767807536,68352,46.53850655430711,41.41795411985019,5.120552434456929,87.9564606741573,-4.023291198501873,33.31285112359551,37.33614232209738,7.549157303370786,2.4286048689138573,Serviços
2020,3537701,Piacatu,22034.695,6762.134,43489.902,30120.047,105974.25,17551.22,439,379,60,,,,,,-10.0,20.792499121248795,6.380921780526873,41.03817861414448,28.42204309065646,5519,79.54339554267077,68.67186084435586,10.871534698314912,148.2152563870266,,,,-1.811922449719152,-12.683457148034064,Serviços
2021,3537701,Piacatu,32846.471,5451.068,45595.796,30152.738,119024.81,19534.68,332,342,-10,12.31484063345576,11.30098078652082,60.0,439.0,379.0,39.0,27.596322985098652,4.5797745864916735,38.30780826283193,25.333153650906905,5519,60.155825330675846,61.967747780395,-1.811922449719152,122.12357311107084,10.871534698314912,79.54339554267077,68.67186084435586,7.066497553904693,8.878420003623845,Serviços
2020,3537800,Piedade,517359.933,122624.596,585733.667,197886.94,1509520.675,27178.0,1796,1962,-166,,,,,,481.0,34.27312666651618,8.123412817780718,38.802626336999325,13.109256685073225,52970,33.905984519539366,37.0398338682273,-3.133849348687937,70.94581838776666,,,,9.080611666981309,12.214461015669244,Serviços
2021,3537800,Piedade,475444.061,167586.946,622008.1,208790.21,1597083.415,28657.0,2864,2383,481,5.800698291197626,5.441901538008676,-166.0,1796.0,1962.0,-18.0,29.76951964653643,10.493312022778722,38.946500486951706,13.073218846242918,52970,54.06834057013403,44.98772890315273,9.080611666981309,99.05606947328675,-3.133849348687937,33.905984519539366,37.0398338682273,-0.3398149896167642,-9.420426656598073,Serviços
2020,3537909,Pilar do Sul,133915.385,41845.509,495251.655,121115.86,873894.574,29722.28,1872,1745,127,,,,,,546.0,15.323974880292598,4.788393273626161,56.67178510253572,13.859321662294702,27619,67.77942720590897,63.18114341576452,4.598283790144466,130.9605706216735,,,,19.76899960172345,15.170715811578985,Serviços
2021,3537909,Pilar do Sul,139941.391,48206.132,795120.558,131488.3,1276179.945,43096.72,2733,2187,546,46.03362727824878,44.99802841504759,127.0,1872.0,1745.0,281.0,10.965647246556596,3.7773773352942004,62.30473697030241,10.303272709711795,27619,98.9536188855498,79.18461928382635,19.76899960172345,178.13823816937617,4.598283790144466,67.77942720590897,63.18114341576452,10.17415547268185,-9.5948441290416,Serviços
2020,3538006,Pindamonhangaba,36010.318,2860683.112,3608839.504,726102.636,8928793.07,52481.56,8680,9241,-561,,,,,,2187.0,0.40330555000755547,32.03885552697662,40.41799911485685,8.132147652067829,165428,52.46995671833064,55.86116014217666,-3.391203423846024,108.3311168605073,,,,13.220252919699204,16.61145634354523,Serviços
2021,3538006,Pindamonhangaba,43052.007,6276328.458,4231574.697,775303.52,13742498.486,79951.7,13024,10837,2187,53.91216235230771,52.34246085672758,-561.0,8680.0,9241.0,1384.0,0.3132764179953063,45.670941600567986,30.791887671014585,5.641648938799818,165428,78.72911478105279,65.50886186135358,13.220252919699204,144.23797664240638,-3.391203423846024,52.46995671833064,55.86116014217666,8.3661774306647,-4.854075489034504,Indústria
2020,3538105,Pindorama,41516.777,89343.91,178920.845,77041.727,420183.67,24406.58,609,580,29,,,,,,82.0,9.880626012905262,21.263060984735557,42.58157986006453,18.335250153819636,14542,41.8786961903452,39.884472562233526,1.9942236281116767,81.76316875257874,,,,5.638839224315775,3.644615596204098,Serviços
2021,3538105,Pindorama,32396.097,139678.398,197578.818,80182.043,498800.901,28703.01,714,632,82,18.71020618197752,17.60357247922486,29.0,609.0,580.0,181.0,6.494795204870731,28.002835945158,39.610758040711715,16.07495953580886,14542,49.09916105074955,43.46032182643378,5.638839224315775,92.55948287718331,1.9942236281116767,41.8786961903452,39.884472562233526,12.446706092697015,6.80786686838124,Serviços
2020,3538204,Pinhalzinho,55752.187,27436.524,123423.18,62400.004,285392.8,18546.45,691,757,-66,,,,,,126.0,19.535246509372346,9.613600623421474,43.24677427040907,21.864603451803973,15224,45.38885969521807,49.724119810825016,-4.335260115606936,95.1129795060431,,,,8.276405675249604,12.61166579085654,Serviços
2021,3538204,Pinhalzinho,54127.241,31328.263,139613.441,64722.874,314651.306,20216.61,972,846,126,10.252012664650255,9.005281334163673,-66.0,691.0,757.0,77.0,17.202293449244415,9.956501817284687,44.370844276743604,20.56971408216561,15224,63.84655806621125,55.570152390961645,8.276405675249604,119.41671045717288,-4.335260115606936,45.38885969521807,49.724119810825016,5.057803468208093,-3.218602207041512,Serviços
2020,3538303,Piquerobi,13053.513,3411.35,19683.064,23027.236,61636.627,16663.05,104,106,-2,,,,,,30.0,21.178175437796103,5.534614994425311,31.93403818155072,37.35966278621963,3264,31.862745098039213,32.47549019607843,-0.6127450980392157,64.33823529411764,,,,9.191176470588236,9.803921568627452,Administração pública
2021,3538303,Piquerobi,16621.751,3845.287,20308.244,23239.478,67093.357,18103.98,136,106,30,8.853063941996698,8.647456498060091,-2.0,104.0,106.0,-6.0,24.77406369754311,5.731248475165731,30.26863598433448,34.637524546580664,3264,41.66666666666666,32.47549019607843,9.191176470588236,74.1421568627451,-0.6127450980392157,31.862745098039213,32.47549019607843,-1.838235294117647,-11.029411764705882,Administração pública
2020,3538501,Piquete,4191.296,43495.05,88693.857,52110.774,198457.378,14619.33,669,503,166,,,,,,-195.0,2.111937607076518,21.9165699145738,44.691640035675576,26.25791720376352,12490,53.56285028022418,40.27221777421938,13.290632506004805,93.83506805444355,,,,-15.612489991993597,-28.9031224979984,Serviços
2021,3538501,Piquete,4666.264,36176.23,90118.282,54602.678,197854.114,14661.29,923,1118,-195,-0.3039766049917292,0.287017257288813,166.0,669.0,503.0,-134.0,2.358436681281239,18.28429506398841,45.54784339738319,27.597443841880388,12490,73.89911929543635,89.51160928742995,-15.612489991993597,163.41072858286628,13.290632506004805,53.56285028022418,40.27221777421938,-10.728582866293037,4.88390712570056,Serviços
2020,3538600,Piracaia,29470.692,96141.639,291858.353,123581.437,589905.532,21480.79,1283,1283,0,,,,,,282.0,4.995832451355957,16.297802577650685,49.47543923015796,20.949360583382358,26029,49.29117522763072,49.29117522763072,0.0,98.58235045526143,,,,10.834069691497945,10.834069691497945,Serviços
2021,3538600,Piracaia,34499.769,104961.994,329290.946,119739.608,661695.603,23959.72,1674,1392,282,12.16975720783713,11.540218027363046,0.0,1283.0,1283.0,285.0,5.2138428672617305,15.862579942215515,49.76471726683062,18.095874818741994,26029,64.31288178570057,53.47881209420262,10.834069691497945,117.79169387990318,0.0,49.29117522763072,49.29117522763072,10.949325752045796,0.1152560605478498,Serviços
2020,3538709,Piracicaba,157150.881,6973702.01,12268238.377,1848431.25,27283652.708,66994.52,38390,39107,-717,,,,,,7636.0,0.5759891561510782,25.560001384840962,44.96552755710293,6.774867242970038,423323,90.68725299593928,92.38099512665268,-1.6937421307134268,183.068248122592,,,,18.038235578978696,19.731977709692124,Serviços
2021,3538709,Piracicaba,168945.818,9974330.039,14606754.804,1922643.897,34555723.85,84225.76,52580,44944,7636,26.65358344730621,25.720372352843167,-717.0,38390.0,39107.0,6563.0,0.4889083462217794,28.864480114196773,42.270145656346884,5.563894147741895,423323,124.20775625231798,106.16952067333928,18.038235578978696,230.37727692565724,-1.6937421307134268,90.68725299593928,92.38099512665268,15.50352803887339,-2.534707540105307,Serviços
2020,3538808,Piraju,80169.719,107979.052,471606.485,132170.366,847254.068,28365.67,1490,1735,-245,,,,,,228.0,9.462299684113171,12.744589383311169,55.662935453736885,15.59985026829048,29436,50.618290528604426,58.94143225981792,-8.323141731213479,109.55972278842232,,,,7.745617611088464,16.06875934230194,Serviços
2021,3538808,Piraju,91329.86,126489.912,496909.843,140956.42,926203.349,30945.65,2447,2219,228,9.318253400230358,9.09543120257692,-245.0,1490.0,1735.0,-268.0,9.860670456288751,13.656818682049485,53.6501885397523,15.218733569921481,29436,83.12950129093628,75.3838836798478,7.745617611088464,158.51338497078407,-8.323141731213479,50.618290528604426,58.94143225981792,-9.104497893735562,-16.850115504824025,Serviços
2020,3538907,Pirajuí,85877.822,31956.836,243469.036,102384.496,493097.372,19172.49,1217,1204,13,,,,,,237.0,17.41599669283981,6.480836811273861,49.3754478983514,20.763545257750838,22431,54.25527172217021,53.67571664214703,0.5795550800231822,107.93098836431724,,,,10.56573492042263,9.986179840399448,Serviços
2021,3538907,Pirajuí,88930.161,37446.002,269193.483,109070.085,540057.892,20820.31,1639,1402,237,9.523579452376406,8.594710441888353,13.0,1217.0,1204.0,102.0,16.46678297222254,6.933701470656409,49.84530121448535,20.195998728225234,22431,73.06852124292274,62.502786322500114,10.56573492042263,135.57130756542284,0.5795550800231822,54.25527172217021,53.67571664214703,4.547278320181891,-6.0184566002407385,Serviços
2020,3539004,Pirangi,42538.925,67128.291,198858.823,49982.545,386242.506,33671.21,674,633,41,,,,,,-82.0,11.013527599678529,17.379830017983572,51.485483837452115,12.940715799933217,10885,61.9200734956362,58.15342214056041,3.766651355075792,120.0734956361966,,,,-7.533302710151585,-11.299954065227377,Serviços
2021,3539004,Pirangi,47357.201,73598.801,160335.446,52153.959,364797.71,31655.48,668,750,-82,-5.552158466991708,-5.986508949336833,41.0,674.0,633.0,189.0,12.981770362538732,20.175236571523435,43.95187842599121,14.296679384308636,10885,61.36885622416169,68.90215893431328,-7.533302710151585,130.27101515847497,3.766651355075792,61.9200734956362,58.15342214056041,17.363344051446948,24.89664676159853,Serviços
2020,3539103,Pirapora do Bom Jesus,210.516,144457.041,231530.551,97840.862,516394.603,26926.41,515,480,35,,,,,,171.0,0.04076649887063208,27.974157777942537,44.835974205563105,18.9469180025493,18370,28.03483941208492,26.1295590636908,1.905280348394121,54.16439847577572,,,,9.308655416439846,7.403375068045725,Serviços
2021,3539103,Pirapora do Bom Jesus,232.06,358646.969,286915.08,104029.096,826672.314,42495.88,839,668,171,60.08538997066164,57.82230159906203,35.0,515.0,480.0,157.0,0.028071582423891364,43.3844176133858,34.70723225406095,12.584078871183776,18370,45.67229178007621,36.36363636363636,9.308655416439846,82.03592814371258,1.905280348394121,28.03483941208492,26.1295590636908,8.546543277082199,-0.7621121393576473,Indústria
2020,3539202,Pirapozinho,51824.302,296987.206,379468.131,121374.395,962090.098,34664.92,1385,1545,-160,,,,,,73.0,5.386637083962588,30.868959842469973,39.442057639803295,12.61569942901543,25348,54.63941928357266,60.95155436326338,-6.312135079690705,115.59097364683603,,,,2.8799116301088845,9.19204670979959,Serviços
2021,3539202,Pirapozinho,34317.905,285286.432,371560.44,126887.38,927781.106,33165.84,1695,1622,73,-3.566089295724151,-4.324487118389431,-160.0,1385.0,1545.0,460.0,3.698922599098499,30.74932547721013,40.048286993246876,13.67643501030727,25348,66.86918100047342,63.98926937036453,2.8799116301088845,130.85845037083794,-6.312135079690705,54.63941928357266,60.95155436326338,18.14738835411078,15.267476724001895,Serviços
2020,3539301,Pirassununga,107968.522,640927.9,1576431.846,369552.831,3127620.518,40683.44,7497,7388,109,,,,,,94.0,3.4520978929068398,20.492508484048766,50.40355237879277,11.815782281551076,73545,101.937589231083,100.45550343327214,1.482085797810864,202.39309266435515,,,,1.2781290366442315,-0.2039567611666326,Serviços
2021,3539301,Pirassununga,128540.359,592377.464,1720941.361,387141.683,3312332.24,42833.73,8541,8447,94,5.905822683313144,5.285418342205084,109.0,7497.0,7388.0,663.0,3.8806602021299645,17.88399897952266,51.95557801291092,11.68788801814156,73545,116.13297980828064,114.85485077163642,1.2781290366442315,230.98783057991707,1.482085797810864,101.937589231083,100.45550343327214,9.014888843565164,7.736759806920932,Serviços
2020,3539400,Piratininga,29351.675,25179.414,129354.619,57243.15,255292.562,18546.5,579,592,-13,,,,,,44.0,11.49726994396335,9.862964201832094,50.669168731989934,22.422568660656868,15108,38.32406671961874,39.18453799311623,-0.8604712734974848,77.50860471273498,,,,2.9123643102991794,3.772835583796664,Serviços
2021,3539400,Piratininga,35313.439,22352.562,141605.355,58754.494,278466.987,20048.02,881,837,44,9.07759506130854,8.0959749818025,-13.0,579.0,592.0,-170.0,12.681373609288915,8.027006088157949,50.85175680088786,21.09926732535803,15108,58.31347630394493,55.40111199364575,2.9123643102991794,113.71458829759068,-0.8604712734974848,38.32406671961874,39.18453799311623,-11.252316653428649,-14.164680963727823,Serviços
2020,3539509,Pitangueiras,80363.235,208500.584,701313.496,169034.616,1304985.0,32559.51,3587,3566,21,,,,,,167.0,6.158173082449223,15.977239891646263,53.74111549174895,12.95299302290831,33674,106.52135178475976,105.89772524796578,0.6236265367939656,212.4190770327256,,,,4.959315792599631,4.335689255805666,Serviços
2021,3539509,Pitangueiras,97629.338,240279.826,715107.412,177310.155,1389560.822,34369.55,4465,4298,167,6.480980394410651,5.559174569887593,21.0,3587.0,3566.0,398.0,7.025913256497959,17.291781849042373,51.46283636370399,12.760157899731,33674,132.59488032309793,127.63556453049831,4.959315792599631,260.2304448535963,0.6236265367939656,106.52135178475976,105.89772524796578,11.819207697333251,6.8598919047336215,Serviços
2020,3539608,Planalto,33882.112,44844.632,51824.682,35695.001,179704.363,33880.91,1544,1377,167,,,,,,83.0,18.85436248423195,24.954670688768974,28.838855737742993,19.863179949615358,4389,351.7885623148781,313.73889268626107,38.049669628617,665.5274550011392,,,,18.910913647755752,-19.138755980861244,Serviços
2021,3539608,Planalto,44812.981,44986.379,50656.264,36093.825,193761.556,36082.23,1877,1794,83,7.822399392718138,6.497228085078,167.0,1544.0,1377.0,286.0,23.127901078581345,23.2173914829627,26.143609210074676,18.627959924103827,4389,427.6600592390066,408.7491455912509,18.910913647755752,836.4092048302575,38.049669628617,351.7885623148781,313.73889268626107,65.16290726817043,46.25199362041468,Serviços
2020,3539707,Platina,51065.639,13315.015,27104.897,24351.764,125902.461,35187.94,77,54,23,,,,,,12.0,40.559682943767086,10.575659041327238,21.528488628987166,19.341769657703516,3025,25.454545454545457,17.85123966942149,7.603305785123967,43.30578512396694,,,,3.9669421487603302,-3.6363636363636367,Agropecuária
2021,3539707,Platina,44723.913,13437.68,25511.078,24422.331,120018.909,33283.11,102,90,12,-4.67310325252498,-5.413303535245317,23.0,77.0,54.0,51.0,37.264055616436245,11.19630240931452,21.25588227101781,20.34873604791725,3025,33.71900826446281,29.75206611570248,3.9669421487603302,63.47107438016529,7.603305785123967,25.454545454545457,17.85123966942149,16.859504132231404,12.892561983471072,Agropecuária
2020,3539806,Poá,3655.308,808357.021,1533904.683,580989.102,3305648.416,27931.36,9558,9828,-270,,,,,,1063.0,0.11057763984541058,24.453811152068987,46.40253559863155,17.575647161624822,103765,92.1119838095697,94.714017250518,-2.6020334409482966,186.8260010600877,,,,10.244302028622368,12.846335469570665,Serviços
2021,3539806,Poá,3513.614,1004374.56,1688507.023,562104.846,3769347.372,31616.47,12440,11377,1063,14.02747351338407,13.193449943003133,-270.0,9558.0,9828.0,1537.0,0.09321544695244394,26.645847699281777,44.79573932460582,14.912524384871153,103765,119.88628150146968,109.6419794728473,10.244302028622368,229.52826097431696,-2.6020334409482966,92.1119838095697,94.714017250518,14.812316291620489,4.568014262998121,Serviços
2020,3539905,Poloni,29552.795,26985.164,46529.094,29535.287,143733.677,23512.79,542,534,8,,,,,,61.0,20.56080079270497,18.77441985986346,32.3717412447467,20.548619931291398,5592,96.9241773962804,95.49356223175964,1.430615164520744,192.41773962804007,,,,10.908440629470672,9.477825464949929,Serviços
2021,3539905,Poloni,33294.854,30293.966,45648.986,30755.434,154422.732,25044.23,958,897,61,7.43670879580991,6.513221102217126,8.0,542.0,534.0,-149.0,21.56085025098507,19.617556047382973,29.561053226282773,19.916390288963417,5592,171.3161659513591,160.4077253218884,10.908440629470672,331.7238912732475,1.430615164520744,96.9241773962804,95.49356223175964,-26.645207439198856,-37.55364806866953,Serviços
2020,3540002,Pompéia,52297.012,574059.701,557662.461,109469.443,1502082.316,67746.81,1736,1385,351,,,,,,752.0,3.4816342248982313,38.21759266354348,37.12595874805572,7.287845801388157,20196,85.95761536938006,68.57793622499504,17.379679144385026,154.53555159437514,,,,37.235096058625466,19.85541691424044,Indústria
2021,3540002,Pompéia,47880.902,841052.627,653537.436,115359.259,1951861.434,87425.49,2715,1963,752,29.943706360763777,29.04738983282018,351.0,1736.0,1385.0,409.0,2.453089198134134,43.08977124858752,33.482778265703466,5.9102176512392735,20196,134.43256090314915,97.19746484452368,37.235096058625466,231.6300257476728,17.379679144385026,85.95761536938006,68.57793622499504,20.25153495741731,-16.983561101208156,Indústria
2020,3540101,Pongaí,20486.247,4475.862,34933.376,21553.708,84883.992,24965.88,126,69,57,,,,,,50.0,24.134405695717042,5.2729164764070005,41.154256741365316,25.39195847433754,3395,37.11340206185567,20.324005891016203,16.78939617083947,57.437407952871865,,,,14.727540500736376,-2.0618556701030943,Serviços
2021,3540101,Pongaí,25946.722,4713.374,37104.152,21905.071,94398.934,27887.43,145,95,50,11.209347929819312,11.702171123148863,57.0,126.0,69.0,-32.0,27.48624470695824,4.9930373154425665,39.305689617215386,23.20478640150746,3395,42.70986745213549,27.98232695139912,14.727540500736376,70.69219440353461,16.78939617083947,37.11340206185567,20.324005891016203,-9.425625920471282,-24.153166421207654,Serviços
2020,3540200,Pontal,73510.388,377471.212,504884.111,210677.861,1299449.332,25553.55,4003,3743,260,,,,,,-107.0,5.65704150133035,29.048551775314625,38.85369737525095,16.212856924228273,37607,106.4429494509001,99.52934294147366,6.913606509426437,205.97229239237376,,,,-2.845214986571649,-9.758821495998086,Serviços
2021,3540200,Pontal,81325.328,450923.587,540579.857,224953.808,1462864.886,28285.96,4220,4327,-107,12.575754204166234,10.692878288926575,260.0,4003.0,3743.0,551.0,5.559319167361571,30.824691419929263,36.95350556114175,15.377620322482743,37607,112.21315180684448,115.05836679341613,-2.845214986571649,227.2715186002606,6.913606509426437,106.4429494509001,99.52934294147366,14.651527641130642,17.49674262770229,Serviços
2020,3540259,Pontalinda,30717.07,3790.486,24560.039,23578.974,85488.754,18290.28,62,74,-12,,,,,,-8.0,35.931123759272474,4.433900159546131,28.728970596530157,27.581375206380944,4127,15.023019142234068,17.930700266537436,-2.907681124303368,32.953719408771505,,,,-1.938454082868912,0.969227041434456,Agropecuária
2021,3540259,Pontalinda,38924.762,3922.52,27381.924,24128.747,98029.534,20773.37,61,69,-8,14.669508459557148,13.57600867783326,-12.0,62.0,74.0,36.0,39.707178450935004,4.001365547652201,27.932320886070926,24.613752626835907,4127,14.780712381875457,16.719166464744365,-1.938454082868912,31.49987884661982,-2.907681124303368,15.023019142234068,17.930700266537436,8.723043372910103,10.661497455779015,Agropecuária
2020,3540309,Pontes Gestal,22495.692,16172.949,30783.776,21901.471,101952.203,39562.36,46,63,-17,,,,,,0.0,22.064939587426082,15.863265848213207,30.194321548892873,21.482096860623994,2387,19.271051529116047,26.39296187683285,-7.121910347716799,45.664013405948886,,,,0.0,7.121910347716799,Serviços
2021,3540309,Pontes Gestal,23558.894,17561.669,32158.988,21651.352,126662.711,49170.31,106,106,0,24.237345808015554,24.285583569837588,-17.0,46.0,63.0,197.0,18.599707691397825,13.864908512814006,25.389467623190225,17.093706450038006,2387,44.40720569752828,44.40720569752828,0.0,88.81441139505655,-7.121910347716799,19.271051529116047,26.39296187683285,82.5303728529535,82.5303728529535,Serviços
2020,3540408,Populina,39077.536,5138.231,36323.693,26131.391,109618.621,26401.4,38,39,-1,,,,,,30.0,35.64862944225507,4.687370588250695,33.136425790286125,23.83845989086106,4127,9.207656893627332,9.449963653985945,-0.242306760358614,18.65762054761328,,,,7.26920281075842,7.511509571117035,Agropecuária
2021,3540408,Populina,46156.519,5126.137,35944.338,26042.974,117259.827,28351.02,86,56,30,6.970718962063938,7.384532638420693,-1.0,38.0,39.0,19.0,39.362601993264065,4.37160546041058,30.653582663054756,22.20963024275995,4127,20.838381390840805,13.569178580082385,7.26920281075842,34.40755997092319,-0.242306760358614,9.207656893627332,9.449963653985945,4.603828446813666,-2.6653743639447542,Agropecuária
2020,3540507,Porangaba,50208.481,16455.466,81129.562,43085.492,201320.803,19998.09,314,319,-5,,,,,,160.0,24.939539407658728,8.173753409874884,40.29864812331391,21.401410762304575,10451,30.044971773036075,30.523394890441104,-0.478423117405033,60.56836666347718,,,,15.309539756961057,15.78796287436609,Serviços
2021,3540507,Porangaba,65062.559,16478.762,91472.273,46301.559,233734.267,22903.9,479,319,160,16.10040468594791,14.530437656796224,-5.0,314.0,319.0,78.0,27.836123404190456,7.050212282309465,39.13515727670347,19.80948689906902,10451,45.83293464740216,30.523394890441104,15.309539756961057,76.35632953784327,-0.478423117405033,30.044971773036075,30.523394890441104,7.463400631518515,-7.846139125442542,Serviços
2020,3540606,Porto Feliz,200622.709,645661.897,1280601.179,262718.611,3065172.468,57398.08,5909,5609,300,,,,,,906.0,6.545233949948163,21.06445571140371,41.77909048738069,8.571087393702898,56497,104.5896242278351,99.27960776678408,5.310016461051029,203.8692319946192,,,,16.03624971237411,10.726233251323082,Serviços
2021,3540606,Porto Feliz,227392.769,861156.651,1505563.877,267988.011,3754665.663,69921.89,7778,6872,906,22.49443390863708,21.81921416186743,300.0,5909.0,5609.0,518.0,6.0562721000919115,22.93564136711791,40.09848045423692,7.137466689534108,56497,137.67102678018304,121.63477706780893,16.03624971237411,259.305803847992,5.310016461051029,104.5896242278351,99.27960776678408,9.16862842274811,-6.867621289626001,Serviços
2020,3540705,Porto Ferreira,37515.813,763823.128,863432.719,257328.645,2289456.531,40518.49,5737,5478,259,,,,,,1154.0,1.638633994226292,33.36263945864801,37.71343580054196,11.239726175871212,52649,108.96693194552604,104.04756025755476,4.919371687971281,213.0144922030808,,,,21.91874489543961,16.999373207468327,Serviços
2021,3540705,Porto Ferreira,65186.806,810504.629,890768.826,265956.556,2495873.112,43904.33,7611,6457,1154,9.015964190848402,8.356283760821315,259.0,5737.0,5478.0,-227.0,2.61178365545051,32.473791440083424,35.68966794494639,10.655852443832087,52649,144.5611502592642,122.64240536382458,21.91874489543961,267.2035556230888,4.919371687971281,108.96693194552604,104.04756025755476,-4.311572869380235,-26.230317764819844,Serviços
2020,3540754,Potim,2450.704,37600.081,109668.192,95098.422,262032.667,10427.09,408,391,17,,,,,,94.0,0.9352665940693571,14.34938682664326,41.85287019957706,36.29258255803656,20392,20.00784621420165,19.17418595527658,0.8336602589250687,39.18203216947823,,,,4.609650843468027,3.775990584542959,Serviços
2021,3540754,Potim,2965.718,42569.123,129450.598,104072.821,308459.434,12047.78,510,416,94,17.71793094789973,15.543070981453134,17.0,408.0,391.0,147.0,0.9614612727325434,13.800557968993743,41.966814346161314,33.73954871485629,20392,25.009807767752054,20.400156924284037,4.609650843468027,45.40996469203609,0.8336602589250687,20.00784621420165,19.17418595527658,7.208709297763829,2.599058454295802,Serviços
2020,3540804,Potirendaba,52929.636,177841.924,225492.089,78787.168,586373.539,33476.45,1087,884,203,,,,,,27.0,9.026607184605579,30.32911824488042,38.45536573573113,13.436344370921555,18496,58.76946366782007,47.79411764705882,10.975346020761243,106.56358131487887,,,,1.4597750865051904,-9.515570934256054,Serviços
2021,3540804,Potirendaba,62041.144,186511.432,231343.072,81259.743,620168.928,35101.25,1383,1356,27,5.763457378659087,4.853561234838222,203.0,1087.0,884.0,282.0,10.003910418420705,30.07429485406273,37.303234901829846,13.102840102301935,18496,74.77292387543253,73.31314878892734,1.4597750865051904,148.08607266435985,10.975346020761243,58.76946366782007,47.79411764705882,15.246539792387544,13.786764705882351,Serviços
2020,3540853,Pracinha,4334.201,2033.892,9194.301,19599.281,35863.295,8514.55,32,40,-8,,,,,,26.0,12.085339620913249,5.6712357300130956,25.637078243926,54.649972904051346,2578,12.412723041117143,15.515903801396432,-3.1031807602792862,27.928626842513577,,,,10.08533747090768,13.188518231186968,Administração pública
2021,3540853,Pracinha,5252.385,2023.387,11143.002,21417.133,40969.449,9468.33,65,39,26,14.23782728274132,11.201766388123868,-8.0,32.0,40.0,-22.0,12.820248082906852,4.938770350560487,27.198320387467255,52.2758629241023,2578,25.2133436772692,15.12800620636152,10.08533747090768,40.34134988363072,-3.1031807602792862,12.412723041117143,15.515903801396432,-8.533747090768037,-18.61908456167572,Administração pública
2020,3540903,Pradópolis,32680.836,338231.322,324428.61,117580.216,1014224.283,46368.78,1887,1755,132,,,,,,377.0,3.222249412460577,33.34876985981216,31.987856674104105,11.59311781139833,17078,110.4930319709568,102.76378967092164,7.729242300035133,213.25682164187845,,,,22.075184447827613,14.34594214779248,Indústria
2021,3540903,Pradópolis,38146.789,395874.063,352138.853,129845.316,1096525.583,49306.42,2181,1804,377,8.11470415168516,6.335383419619833,132.0,1887.0,1755.0,263.0,3.4788781576471433,36.1025833904324,32.114057205722304,11.841521804238651,17078,127.70816254830775,105.63297810048016,22.075184447827613,233.34114064878796,7.729242300035133,110.4930319709568,102.76378967092164,15.399929734160908,-6.675254713666705,Indústria
2020,3541000,Praia Grande,4871.953,791433.756,5066922.453,1695460.637,8098515.48,24478.28,13177,13246,-69,,,,,,2807.0,0.0601585934117397,9.772578171326778,62.56606492280237,20.935449727633294,349935,37.65556460485519,37.852744081043625,-0.197179476188435,75.50830868589881,,,,8.021489705230973,8.218669181419408,Serviços
2021,3541000,Praia Grande,5370.531,829936.303,5478764.798,1747690.357,8727831.468,25940.64,18331,15524,2807,7.770757363545844,5.974112560196221,-69.0,13177.0,13246.0,2069.0,0.06153339486091919,9.50907801144998,62.77349440221799,20.024336668367024,349935,52.384014174060894,44.362524468829925,8.021489705230973,96.7465386428908,-0.197179476188435,37.65556460485519,37.852744081043625,5.912526612085101,-2.108963093145872,Serviços
2020,3541059,Pratânia,36415.53,8352.923,36551.231,27962.693,114048.826,21449.84,470,434,36,,,,,,126.0,31.92977190313208,7.323988587133726,32.04875690697597,24.518176977990112,5126,91.68942645337496,84.66640655481856,7.023019898556379,176.3558330081935,,,,24.580569644947328,17.557549746390947,Serviços
2021,3541059,Pratânia,41597.294,8319.528,38295.405,28955.301,126366.892,23527.63,620,494,126,10.800695133854331,9.686738922061888,36.0,470.0,434.0,-14.0,32.91787377345642,6.583629515870343,30.304935409822377,22.91367662979319,5126,120.95200936402654,96.3714397190792,24.580569644947328,217.32344908310571,7.023019898556379,91.68942645337496,84.66640655481856,-2.7311744049941478,-27.311744049941478,Agropecuária
2020,3541109,Presidente Alves,19867.076,3479.405,25209.699,21016.416,72582.79,17789.9,78,107,-29,,,,,,-14.0,27.371606960823634,4.793705229573017,34.732336687526065,28.955095278095545,3804,20.50473186119874,28.128286014721343,-7.623554153522608,48.63301787592009,,,,-3.680336487907466,3.9432176656151423,Serviços
2021,3541109,Presidente Alves,24089.03,3404.973,24925.976,21861.285,77332.792,19014.7,78,92,-14,6.544253810028522,6.884805423301987,-29.0,78.0,107.0,-5.0,31.14982580740134,4.403013148678248,32.23209114187937,28.269100900947684,3804,20.50473186119874,24.185068349106203,-3.680336487907466,44.68980021030495,-7.623554153522608,20.50473186119874,28.128286014721343,-1.3144058885383807,2.3659305993690856,Serviços
2020,3541208,Presidente Bernardes,50613.25,18291.154,209254.014,67634.016,367891.054,28249.33,545,538,7,,,,,,112.0,13.75767348776032,4.971894206484292,56.8793428719797,18.38425133327651,14490,37.61214630779848,37.12905452035887,0.4830917874396135,74.74120082815736,,,,7.729468599033816,7.246376811594202,Serviços
2021,3541208,Presidente Bernardes,54727.507,17709.227,163406.16,68099.092,331914.146,25644.3,647,535,112,-9.779228825716425,-9.221563838859192,7.0,545.0,538.0,30.0,16.488452709695594,5.335484255015753,49.23145396761728,20.5170803416134,14490,44.65148378191856,36.92201518288475,7.729468599033816,81.57349896480332,0.4830917874396135,37.61214630779848,37.12905452035887,2.070393374741201,-5.659075224292615,Serviços
2020,3541307,Presidente Epitácio,67457.321,146762.937,502786.964,177033.578,955113.068,21516.89,1465,1542,-77,,,,,,237.0,7.062757621069425,15.366027532983143,52.64161708653325,18.535352926403476,39505,37.08391342867992,39.03303379319074,-1.9491203645108213,76.11694722187065,,,,5.9992406024553855,7.948360966966207,Serviços
2021,3541307,Presidente Epitácio,95665.205,206442.422,740222.661,187910.916,1325522.126,29738.9,1710,1473,237,38.781697205298826,38.21188842811392,-77.0,1465.0,1542.0,295.0,7.217171492164138,15.574422934981621,55.84385552535092,14.176369621762163,39505,43.28566004303253,37.28641944057715,5.9992406024553855,80.57207948360967,-1.9491203645108213,37.08391342867992,39.03303379319074,7.46740918871029,1.4681685862549043,Serviços
2020,3541406,Presidente Prudente,41225.728,1101170.966,5590576.983,898854.055,8429988.904,36593.1,19169,19412,-243,,,,,,2629.0,0.4890365630308071,13.062543480662214,66.31772647230048,10.662576964644604,225668,84.94336813371855,86.02017122498538,-1.0768030912668167,170.9635393587039,,,,11.649857312512186,12.726660403779002,Serviços
2021,3541406,Presidente Prudente,44943.632,1206432.864,6029072.116,919877.186,9242189.133,39845.09,25514,22885,2629,9.634653595031594,8.886893977279865,-243.0,19169.0,19412.0,1953.0,0.48628773284378096,13.053540093572982,65.2342429833285,9.953022739120351,225668,113.05989329457434,101.41003598206215,11.649857312512186,214.4699292766365,-1.0768030912668167,84.94336813371855,86.02017122498538,8.65430632610738,-2.9955509864048064,Serviços
2020,3541505,Presidente Venceslau,28283.633,35426.994,522035.63,143953.37,779335.854,19688.65,1593,1584,9,,,,,,427.0,3.6291969444023553,4.5457929104850345,66.98468026597426,18.471287989786234,35201,45.25439618192665,44.9987216272265,0.2556745547001505,90.25311780915315,,,,12.130337206329369,11.874662651629215,Serviços
2021,3541505,Presidente Venceslau,33876.117,33624.736,543918.302,149854.998,823130.043,20760.95,2058,1631,427,5.619424382340799,5.446285042397525,9.0,1593.0,1584.0,458.0,4.115524307257001,4.084984661409084,66.0792673801119,18.2055070489026,35201,58.46424817476776,46.3339109684384,12.130337206329369,104.79815914320616,0.2556745547001505,45.25439618192665,44.9987216272265,13.010994005852108,0.8806567995227397,Serviços
2020,3541604,Promissão,88913.295,813690.169,711165.916,192472.332,2001114.415,49013.29,2631,2136,495,,,,,,-131.0,4.443188971781006,40.66185136145751,35.53849348489152,9.618257234931766,35131,74.89112180125815,60.80100196407731,14.090119837180836,135.69212376533545,,,,-3.7289004013549287,-17.819020238535764,Indústria
2021,3541604,Promissão,97930.104,869918.623,702533.622,201300.014,2115365.137,51330.11,2851,2982,-131,5.709354804682665,4.726922024618219,495.0,2631.0,2136.0,347.0,4.62946572613388,41.1238044810417,33.21098611827977,9.516088285613074,35131,81.15339728444964,84.88229768580456,-3.7289004013549287,166.03569497025418,14.090119837180836,74.89112180125815,60.80100196407731,9.877316330306568,13.606216731661496,Indústria
2020,3541653,Quadra,52898.918,5192.673,35954.277,25877.713,125110.756,32462.57,59,81,-22,,,,,,-7.0,42.28167081014201,4.150460892427186,28.73795838944495,20.683843521815184,3405,17.327459618208515,23.78854625550661,-6.461086637298092,41.116005873715125,,,,-2.055800293685756,4.405286343612335,Agropecuária
2021,3541653,Quadra,64414.798,4907.805,40333.172,28130.108,144522.602,37038.08,69,76,-7,15.51572911924537,14.094725094162296,-22.0,59.0,81.0,25.0,44.57074333604926,3.395873677945543,27.907864542876133,19.464158277471366,3405,20.26431718061674,22.320117474302496,-2.055800293685756,42.58443465491924,-6.461086637298092,17.327459618208515,23.78854625550661,7.342143906020558,9.397944199706314,Agropecuária
2020,3541703,Quatá,71592.744,244799.461,286495.139,63528.107,747252.512,52586.38,1336,1454,-118,,,,,,46.0,9.580796698613174,32.759938182717015,38.339802730566134,8.501558172078786,13163,101.49661931170706,110.46114107726204,-8.964521765554965,211.95776038896904,,,,3.4946440780976977,12.459165843652665,Serviços
2021,3541703,Quatá,56280.547,266167.478,328347.114,67059.348,821158.912,57387.58,1450,1404,46,9.890418407854074,9.13012076511066,-118.0,1336.0,1454.0,244.0,6.853794823090223,32.41363810467906,39.98581872542595,8.16642759641632,13163,110.1572589835144,106.6626149054167,3.4946440780976977,216.81987388893108,-8.964521765554965,101.49661931170706,110.46114107726204,18.536807718605186,15.042163640507484,Serviços
2020,3541802,Queiroz,101190.601,413528.407,225490.115,28508.906,862586.717,249302.52,495,466,29,,,,,,-325.0,11.731064136013122,47.94050254311997,26.14115317984893,3.30504811147005,3265,151.60796324655436,142.72588055130169,8.882082695252679,294.33384379785605,,,,-99.5405819295559,-108.42266462480858,Indústria
2021,3541802,Queiroz,101587.799,314269.632,163503.105,28491.176,684733.345,194914.13,353,678,-325,-20.618607786885267,-21.81622151272277,29.0,495.0,466.0,150.0,14.836110982735914,45.89664491949052,23.878361729265578,4.160915516681899,3265,108.11638591117917,207.65696784073504,-99.5405819295559,315.7733537519142,8.882082695252679,151.60796324655436,142.72588055130169,45.94180704441042,145.48238897396632,Indústria
2020,3541901,Queluz,4141.843,39036.751,197266.238,63052.92,344367.408,25309.97,313,326,-13,,,,,,22.0,1.2027395461303354,11.335785586306123,57.28365501998959,18.309781511030803,9159,34.17403646686319,35.59340539360193,-1.4193689267387268,69.76744186046511,,,,2.402008952942461,3.821377879681188,Serviços
2021,3541901,Queluz,4393.669,49016.47,225259.917,68470.448,388523.141,28178.35,430,408,22,12.822274110214282,11.33300434571829,-13.0,313.0,326.0,23.0,1.1308641716144263,12.61610051690589,57.978507128356604,17.623261210070368,9159,46.948356807511736,44.54634785456928,2.402008952942461,91.494704662081,-1.4193689267387268,34.17403646686319,35.59340539360193,2.511191178076209,0.1091822251337482,Serviços
2020,3542008,Quintana,35168.021,57965.432,75868.357,31281.916,218538.679,32676.24,317,315,2,,,,,,200.0,16.092355440658633,26.524106517546947,34.71621469808555,14.314132465310639,7038,45.0412048877522,44.75703324808184,0.2841716396703609,89.79823813583404,,,,28.41716396703609,28.132992327365727,Serviços
2021,3542008,Quintana,55401.526,71633.619,89933.672,33547.315,276283.799,41016.0,631,431,200,26.42329507263106,25.52239792583235,2.0,317.0,315.0,8.0,20.052397643482525,25.92754959186007,32.55119276827376,12.142338827475006,7038,89.65615231599887,61.23898834896278,28.41716396703609,150.89514066496162,0.2841716396703609,45.0412048877522,44.75703324808184,1.1366865586814436,-27.28047740835465,Serviços
2020,3542107,Rafard,20259.018,140687.27,129883.379,44101.954,382438.042,42021.54,482,520,-38,,,,,,53.0,5.297333365178143,36.786944432687996,33.96194016702972,11.531790553409433,8965,53.76464026770776,58.00334634690463,-4.238706079196876,111.76798661461235,,,,5.911879531511433,10.150585610708308,Indústria
2021,3542107,Rafard,20286.315,174144.116,141670.81,45998.402,442882.5,48529.75,850,797,53,15.80503280581067,15.487795068909891,-38.0,482.0,520.0,126.0,4.580518534825828,39.3206134810023,31.98835131214261,10.386141245138383,8965,94.81316229782487,88.90128276631344,5.911879531511433,183.71444506413832,-4.238706079196876,53.76464026770776,58.00334634690463,14.054656999442276,8.142777467930843,Indústria
2020,3542206,Rancharia,276656.907,267027.605,532466.069,140539.807,1324391.779,44553.31,1965,2095,-130,,,,,,-43.0,20.88935550543009,20.16228197985514,40.20457371020875,10.611649002088829,28588,68.73513362249895,73.2824961522317,-4.547362529732755,142.01762977473064,,,,-1.5041276059885265,3.0432349237442287,Serviços
2021,3542206,Rancharia,283382.561,281459.334,547758.116,143717.627,1381836.35,46459.21,2240,2283,-43,4.33743035186871,4.27779664406529,-130.0,1965.0,2095.0,141.0,20.50767885791975,20.368499786534052,39.639868787646236,10.400480997623198,28588,78.35455435847209,79.85868196446062,-1.5041276059885265,158.2132363229327,-4.547362529732755,68.73513362249895,73.2824961522317,4.93213935917168,6.436266965160207,Serviços
2020,3542305,Redenção da Serra,12175.999,3079.037,23904.267,21319.702,62413.497,16257.75,4351,3373,978,,,,,,63.0,19.508599237757817,4.9332871061526955,38.29983601143195,34.15880061968007,4494,968.179795282599,750.5562972852692,217.62349799732976,1718.7360925678684,,,,14.018691588785046,-203.60480640854476,Serviços
2021,3542305,Redenção da Serra,14008.206,3298.308,24434.812,22062.525,66824.941,17461.44,204,141,63,7.068092979952723,7.403792037643586,978.0,4351.0,3373.0,29.0,20.962541515749336,4.9357439761899675,36.56540751753152,33.01540513144636,4494,45.39385847797063,31.375166889185586,14.018691588785046,76.76902536715622,217.62349799732976,968.179795282599,750.5562972852692,6.453048509123275,-7.565643079661771,Serviços
2020,3542404,Regente Feijó,63329.685,111791.241,457362.827,99158.385,840785.528,41227.1,1552,1584,-32,,,,,,108.0,7.532204455355468,13.296047241193712,54.397086030719585,11.793540885018656,20145,77.04144949118889,78.62993298585256,-1.588483494663688,155.67138247704145,,,,5.361131794489948,6.949615289153636,Serviços
2021,3542404,Regente Feijó,72280.677,119719.467,534674.237,109415.958,983725.278,47932.82,1645,1537,108,17.00073862356013,16.265320626481138,-32.0,1552.0,1584.0,119.0,7.3476486389526325,12.17001023328385,54.35198718152691,11.122613238367958,20145,81.65797964755522,76.29684785306527,5.361131794489948,157.9548275006205,-1.588483494663688,77.04144949118889,78.62993298585256,5.907172995780591,0.5460412012906426,Serviços
2020,3542503,Reginópolis,69727.849,6674.689,51893.782,43201.805,176723.262,17965.16,702,260,442,,,,,,35.0,39.45595402149152,3.7769159104815535,29.36443194444883,24.446020581037036,7662,91.62098668754894,33.93369877316627,57.68728791438267,125.55468546071522,,,,4.567997911772383,-53.11929000261029,Agropecuária
2021,3542503,Reginópolis,69046.284,6299.308,55621.67,46939.155,184875.117,18401.03,703,668,35,4.612779838796777,2.426196037218697,442.0,702.0,260.0,449.0,37.34752687134202,3.4073314474224246,30.086076970542226,25.38965533149602,7662,91.7515009135996,87.1835030018272,4.567997911772383,178.93500391542676,57.68728791438267,91.62098668754894,33.93369877316627,58.60088749673714,54.03288958496477,Agropecuária
2020,3542602,Registro,130674.099,151950.478,1450062.567,260021.604,2216285.778,39300.72,2816,3124,-308,,,,,,585.0,5.8960852565647786,6.856086859751532,65.42759879588056,11.732313882131495,59947,46.97482776452533,52.11269955127029,-5.137871786744958,99.08752731579564,,,,9.758620114434418,14.896491901179376,Serviços
2021,3542602,Registro,114879.81,163775.815,1531136.703,270795.48,2357409.327,41751.4,4252,3667,585,6.367570030943903,6.235712729944898,-308.0,2816.0,3124.0,973.0,4.873138011471013,6.9472795039976525,64.94997222007683,11.486994511242127,59947,70.92932090012845,61.17070078569403,9.758620114434418,132.10002168582247,-5.137871786744958,46.97482776452533,52.11269955127029,16.231004053580666,6.472383939146248,Serviços
2020,3542701,Restinga,46797.39,36292.105,54861.049,43164.39,191048.559,24879.35,742,733,9,,,,,,-306.0,24.495023801775965,18.996272565447615,28.7157617346907,22.593413018100804,6404,115.86508432229856,114.45971267957526,1.4053716427232978,230.32479700187383,,,,-47.78263585259213,-49.18800749531543,Serviços
2021,3542701,Restinga,65327.198,31185.788,57624.834,43809.474,211751.731,27280.56,684,990,-306,10.836602018024122,9.651417742023003,9.0,742.0,733.0,93.0,30.85084485094481,14.727524470626404,27.21339453890934,20.68907479202614,6404,106.80824484697064,154.59088069956275,-47.78263585259213,261.3991255465334,1.4053716427232978,115.86508432229856,114.45971267957526,14.522173641474078,62.304809494066205,Agropecuária
2020,3542800,Ribeira,15017.759,2157.168,16357.263,18899.133,54103.599,16247.33,125,138,-13,,,,,,14.0,27.757412219471757,3.9871062921340963,30.233225334972637,34.931378594610685,3132,39.910600255427845,44.06130268199234,-4.150702426564496,83.97190293742018,,,,4.469987228607918,8.620689655172413,Administração pública
2021,3542800,Ribeira,14888.842,2321.653,22349.047,18943.363,62081.261,18699.17,234,220,14,14.745159559533173,15.090725676157234,-13.0,125.0,138.0,-26.0,23.98282792612734,3.7397001327018793,35.999666630482906,30.51381801023662,3132,74.71264367816093,70.24265644955301,4.469987228607918,144.95530012771394,-4.150702426564496,39.910600255427845,44.06130268199234,-8.301404853128991,-12.77139208173691,Serviços
2020,3542909,Ribeirão Bonito,59067.712,40591.483,170808.584,59066.0,348168.254,26180.03,762,425,337,,,,,,-83.0,16.965277942887923,11.658582462259755,49.05920687415688,16.964786226604105,10989,69.34206934206934,38.67503867503867,30.66703066703067,108.01710801710804,,,,-7.5530075530075536,-38.22003822003822,Serviços
2021,3542909,Ribeirão Bonito,73855.425,31299.151,184693.109,59740.268,371778.478,27794.44,569,652,-83,6.781268461081469,6.16657047375424,337.0,762.0,425.0,657.0,19.865438526003114,8.418763551988075,49.67826808952615,16.068780614030057,10989,51.77905177905178,59.33205933205933,-7.5530075530075536,111.1111111111111,30.66703066703067,69.34206934206934,38.67503867503867,59.78705978705979,67.34006734006735,Serviços
2020,3543006,Ribeirão Branco,301107.969,20802.468,109126.936,72076.911,512397.794,31608.03,565,548,17,,,,,,298.0,58.76449362699637,4.059827782943187,21.297307927129758,14.066592761326369,18627,30.332313308638,29.419659633864818,0.9126536747731788,59.75197294250282,,,,15.998282063671017,15.085628388897836,Agropecuária
2021,3543006,Ribeirão Branco,378479.394,22176.25,107844.412,74591.408,595498.967,37255.94,1291,993,298,16.218097340208292,17.868592253297667,17.0,565.0,548.0,197.0,63.556683550048874,3.7239779124587464,18.10992427800467,12.525866900454256,18627,69.30799377248081,53.30971170880979,15.998282063671017,122.6177054812906,0.9126536747731788,30.332313308638,29.419659633864818,10.576045525312718,-5.422236538358296,Agropecuária
2020,3543105,Ribeirão Corrente,88820.827,9606.131,42590.874,30350.298,175336.617,36897.44,272,315,-43,,,,,,41.0,50.657317632631184,5.478679333707003,24.290918080163486,17.30973171451118,4608,59.02777777777778,68.359375,-9.33159722222222,127.3871527777778,,,,8.897569444444445,18.229166666666664,Agropecuária
2021,3543105,Ribeirão Corrente,206883.033,12518.718,62648.775,30036.847,319057.831,66664.82,368,327,41,81.96873902272222,80.67600353845688,-43.0,272.0,315.0,44.0,64.84186028331648,3.923651696861188,19.63555472173946,9.41423280721795,4608,79.8611111111111,70.96354166666667,8.897569444444445,150.8246527777778,-9.33159722222222,59.02777777777778,68.359375,9.548611111111112,0.6510416666666679,Agropecuária
2020,3543204,Ribeirão do Sul,53996.377,11649.117,95321.581,27230.809,205674.25,45312.68,170,171,-1,,,,,,34.0,26.25334819502198,5.663867499212954,46.34589940160229,13.239775518811909,4677,36.34808638015822,36.56189865298269,-0.2138122728244601,72.9099850331409,,,,7.269617276031645,7.483429548856105,Serviços
2021,3543204,Ribeirão do Sul,58713.303,12106.65,104315.168,28719.939,224362.519,49451.73,287,253,34,9.086343574851984,9.134418886722218,-1.0,170.0,171.0,21.0,26.168944466165488,5.396021605551684,46.49402603649676,12.800684859488495,4677,61.36412230062005,54.09450502458841,7.269617276031645,115.45862732520848,-0.2138122728244601,36.34808638015822,36.56189865298269,4.490057729313663,-2.779559546717982,Serviços
2020,3543238,Ribeirão dos Índios,12371.517,2225.712,12212.491,14319.512,42304.924,19022.0,15,21,-6,,,,,,-8.0,29.243680948345396,5.261118067485477,28.867776715542615,33.84833406153856,2025,7.407407407407407,10.37037037037037,-2.962962962962963,17.77777777777778,,,,-3.9506172839506175,-0.9876543209876548,Administração pública
2021,3543238,Ribeirão dos Índios,13530.595,2079.879,12821.803,16996.59,47000.592,21152.38,28,36,-8,11.099577912017988,11.199558406056154,-6.0,15.0,21.0,1.0,28.788137391971574,4.425218729159837,27.280088301866495,36.162501953166895,2025,13.827160493827162,17.77777777777778,-3.9506172839506175,31.60493827160494,-2.962962962962963,7.407407407407407,10.37037037037037,0.4938271604938272,4.444444444444445,Administração pública
2020,3543253,Ribeirão Grande,37411.876,83796.003,51470.611,35649.936,219417.476,28573.7,41,47,-6,,,,,,1.0,17.050545235512597,38.19021370932186,23.45784480722037,16.24753718341013,7450,5.503355704697986,6.308724832214765,-0.8053691275167785,11.81208053691275,,,,0.1342281879194631,0.9395973154362416,Indústria
2021,3543253,Ribeirão Grande,33355.353,7966.09,33481.625,38330.653,116991.72,15221.41,94,93,1,-46.68076484482029,-46.72930002064836,-6.0,41.0,47.0,60.0,28.51086641003312,6.809105806804105,28.61879883465257,32.76356053231802,7450,12.61744966442953,12.483221476510067,0.1342281879194631,25.1006711409396,-0.8053691275167785,5.503355704697986,6.308724832214765,8.053691275167786,7.919463087248323,Administração pública
2020,3543303,Ribeirão Pires,1588.218,658722.051,1807849.388,476066.487,3346442.05,26952.88,5784,6234,-450,,,,,,657.0,0.047459898491294665,19.68425094945242,54.023029862417616,14.226049036169625,115559,50.05235420867263,53.94646890333077,-3.894114694658141,103.9988231120034,,,,5.685407454200885,9.579522148859024,Serviços
2021,3543303,Ribeirão Pires,1771.047,868340.258,1974789.715,496761.422,3891002.63,31068.87,7439,6782,657,16.272822653540352,15.271058231995973,-450.0,5784.0,6234.0,180.0,0.04551646884905858,22.31661966262922,50.752721156603286,12.766925886143646,115559,64.37404269680424,58.68863524260334,5.685407454200885,123.06267793940758,-3.894114694658141,50.05235420867263,53.94646890333077,1.5576458778632558,-4.127761576337629,Serviços
2020,3543402,Ribeirão Preto,131403.25,4017883.419,24450021.929,2782072.864,35167949.068,49405.33,86158,86670,-512,,,,,,15415.0,0.3736449053253616,11.424844284297347,69.52359343368006,7.910819191135208,698642,123.32210202077744,124.05495232179,-0.7328503010125357,247.37705434256745,,,,22.064233183805158,22.79708348481769,Serviços
2021,3543402,Ribeirão Preto,120324.39,5374493.185,26672690.555,2865373.695,39955305.609,55484.54,114925,99510,15415,13.612839724441317,12.304765497973593,-512.0,86158.0,86670.0,11941.0,0.3011474650638055,13.45126286254556,66.75631721107881,7.171447324268669,698642,164.49769696067514,142.43346377686998,22.064233183805158,306.9311607375451,-0.7328503010125357,123.32210202077744,124.05495232179,17.091729383575565,-4.972503800229589,Serviços
2020,3543501,Riversul,23155.734,4888.119,27290.997,26163.638,85307.999,15672.97,267,138,129,,,,,,-73.0,27.143684380640554,5.729965603811666,31.991134852430424,30.669618683706318,5599,47.68708697981783,24.647258439006965,23.03982854081086,72.33434541882478,,,,-13.03804250759064,-36.0778710484015,Serviços
2021,3543501,Riversul,27094.174,5038.52,28006.545,28482.952,92796.33,17299.84,128,201,-73,8.777993960449137,10.380100261788304,129.0,267.0,138.0,38.0,29.19746287380115,5.429654383961091,30.180660161883555,30.69405007719594,5599,22.86122521878907,35.89926772637971,-13.03804250759064,58.76049294516878,23.03982854081086,47.68708697981783,24.647258439006965,6.7869262368280046,19.824968744418644,Administração pública
2020,3543600,Rifaina,31432.69,35255.124,65677.684,28110.538,173166.638,47573.25,539,355,184,,,,,,192.0,18.151700791234394,20.359074015169135,37.92744650964465,16.233229636299804,4049,133.1192887132625,87.67596937515435,45.443319338108175,220.7952580884169,,,,47.4191158310694,1.9757964929612228,Serviços
2021,3543600,Rifaina,36130.572,40687.709,70364.227,28658.969,191157.71,52357.63,681,489,192,10.389456195367131,10.056870194909951,184.0,539.0,355.0,17.0,18.90092322198252,21.284890366179845,36.80951555655276,14.992316553697993,4049,168.18967646332428,120.77056063225488,47.4191158310694,288.96023709557915,45.443319338108175,133.1192887132625,87.67596937515435,4.198567547542604,-43.2205482835268,Serviços
2020,3543709,Rincão,42860.101,17274.095,87151.379,49471.743,206872.027,19133.56,372,398,-26,,,,,,50.0,20.71817133594384,8.350135709744846,42.12816022728873,23.914177144887745,9098,40.88810727632447,43.7458782149923,-2.857770938667839,84.63398549131678,,,,5.495713343591998,8.353484282259837,Serviços
2021,3543709,Rincão,47037.112,18982.225,93798.312,52240.413,226043.187,20883.52,475,425,50,9.267159160189408,9.146024054070434,-26.0,372.0,398.0,121.0,20.808904981506917,8.397609877974336,41.495748332375086,23.11081067884607,9098,52.20927676412399,46.71356342053198,5.495713343591998,98.92284018465595,-2.857770938667839,40.88810727632447,43.7458782149923,13.299626291492636,7.803912947900638,Serviços
2020,3543808,Rinópolis,93825.59,38601.286,108685.414,42917.823,302306.635,30349.02,510,448,62,,,,,,19.0,31.036563256377086,12.768917890273892,35.952043857720824,14.1967849961348,9259,55.08154228318393,48.38535478993412,6.696187493249811,103.46689707311803,,,,2.052057457608813,-4.644130035640998,Serviços
2021,3543808,Rinópolis,106189.324,54593.581,121641.767,42651.161,349025.974,35113.28,576,557,19,15.454288325494405,15.69823341906922,62.0,510.0,448.0,33.0,30.42447608784554,15.641695766745428,34.85178068724479,12.220053571141957,9259,62.20974187277243,60.15768441516362,2.052057457608813,122.36742628793608,6.696187493249811,55.08154228318393,48.38535478993412,3.564099794794254,1.512042337185441,Serviços
2020,3543907,Rio Claro,94426.212,3881199.621,4774759.111,997979.124,11374233.937,54681.71,25127,22827,2300,,,,,,3933.0,0.8301764542826459,34.12273426498278,41.9787313804745,8.77403374616384,201418,124.75051882155518,113.33147980816015,11.419039013395029,238.0819986297153,,,,19.5265567129055,8.10751769951047,Serviços
2021,3543907,Rio Claro,112216.836,4767917.619,5155244.741,1035055.215,13245335.958,63209.08,31518,27585,3933,16.450356405220123,15.594556205356414,2300.0,25127.0,22827.0,552.0,0.847217740311242,35.99695495923034,38.92120786778763,7.814488196313668,201418,156.48055288008024,136.95399616717475,19.5265567129055,293.43454904725496,11.419039013395029,124.75051882155518,113.33147980816015,2.740569363214808,-16.785987349690693,Serviços
2020,3544004,Rio das Pedras,28783.65,283690.411,746880.426,168772.369,1476072.965,41302.62,2612,2562,50,,,,,,418.0,1.9500153910074494,19.219267456741207,50.59915354523141,11.433877118669402,31328,83.3758937691522,81.77987742594483,1.5960163432073544,165.15577119509703,,,,13.342696629213483,11.746680286006129,Serviços
2021,3544004,Rio das Pedras,29941.306,401905.016,834683.382,175137.138,1787681.408,49338.49,3545,3127,418,21.110639540776365,19.45607808899288,50.0,2612.0,2562.0,501.0,1.6748681205728577,22.48191507734246,46.690835305705654,9.796887589491561,31328,113.15755873340144,99.81486210418794,13.342696629213483,212.97242083758937,1.5960163432073544,83.3758937691522,81.77987742594483,15.99208375893769,2.6493871297242078,Serviços
2020,3544103,Rio Grande da Serra,762.527,134140.549,465539.409,177334.301,866735.693,16850.76,769,749,20,,,,,,52.0,0.08797687762929132,15.476523014265664,53.71180773560228,20.460020561308532,44170,17.41000679194023,16.957210776545164,0.4527960153950645,34.367217568485394,,,,1.1772696400271678,0.7244736246321033,Serviços
2021,3544103,Rio Grande da Serra,843.112,162025.797,506839.251,186092.794,960727.232,18472.33,864,812,52,10.84431387320286,9.623126790720438,20.0,769.0,749.0,5.0,0.08775768729328576,16.86491145490919,52.755791042259126,19.369992626585606,44170,19.56078786506679,18.38351822503962,1.1772696400271678,37.94430609010641,0.4527960153950645,17.41000679194023,16.957210776545164,0.1131990038487661,-1.0640706361784018,Serviços
2020,3544202,Riolândia,82234.294,14195.388,75947.335,66206.498,246600.318,19434.18,214,187,27,,,,,,-13.0,33.34719706241417,5.756435399243889,30.79774414565029,26.84769368383378,10309,20.75856048113299,18.139489766223686,2.6190707149093027,38.89805024735668,,,,-1.261034047919294,-3.880104762828597,Agropecuária
2021,3544202,Riolândia,96918.132,14491.007,79811.807,67408.638,268963.075,20921.21,229,242,-13,9.06842180146743,7.651622039108408,27.0,214.0,187.0,48.0,36.03399165480243,5.387731011031905,29.673889994007542,25.06241349300457,10309,22.21359976719372,23.474633815113005,-1.261034047919294,45.68823358230672,2.6190707149093027,20.75856048113299,18.139489766223686,4.656125715394316,5.9171597633136095,Agropecuária
2020,3544251,Rosana,68535.782,1781489.063,208124.614,119470.958,2195060.252,134823.43,371,392,-21,,,,,,25.0,3.122273383500728,81.15900515153605,9.481498916048889,5.442718845241065,17440,21.272935779816518,22.47706422018349,-1.2041284403669723,43.75,,,,1.43348623853211,2.637614678899083,Indústria
2021,3544251,Rosana,70908.157,1521544.537,208092.733,121058.863,1941771.839,121901.68,498,473,25,-11.539018702070692,-9.5842020930635,-21.0,371.0,392.0,66.0,3.6517244495891577,78.35856440186019,10.716641822716227,6.234453532004282,17440,28.555045871559635,27.121559633027523,1.43348623853211,55.67660550458715,-1.2041284403669723,21.272935779816518,22.47706422018349,3.784403669724771,2.350917431192661,Indústria
2020,3544301,Roseira,6073.866,92253.769,160028.767,55161.177,352069.628,32596.02,762,829,-67,,,,,,49.0,1.7251888595172997,26.20327391603345,45.45372684064641,15.667689744597906,10832,70.34711964549483,76.5324963072378,-6.185376661742984,146.87961595273262,,,,4.523633677991137,10.70901033973412,Serviços
2021,3544301,Roseira,6311.252,90354.55,180997.182,55619.889,374786.246,34421.96,989,940,49,6.452308348506541,5.601726836589238,-67.0,762.0,829.0,379.0,1.6839604087285531,24.10828864835131,48.29344297762731,14.840429603171726,10832,91.30354505169868,86.77991137370753,4.523633677991137,178.0834564254062,-6.185376661742984,70.34711964549483,76.5324963072378,34.988921713441655,30.46528803545052,Serviços
2020,3544400,Rubiácea,36033.635,4054.925,19191.453,20177.886,81598.721,25806.05,75,89,-14,,,,,,40.0,44.159558579355675,4.969348723002655,23.51930614206563,24.728189060708434,2700,27.77777777777777,32.96296296296296,-5.185185185185185,60.74074074074074,,,,14.814814814814817,20.0,Agropecuária
2021,3544400,Rubiácea,33639.442,3548.239,18347.839,20915.373,78950.332,24710.59,142,102,40,-3.2456256269016936,-4.244973562401066,-14.0,75.0,89.0,-15.0,42.60836040562819,4.49426735786241,23.239723678426078,26.491811332724986,2700,52.5925925925926,37.77777777777778,14.814814814814817,90.37037037037037,-5.185185185185185,27.77777777777777,32.96296296296296,-5.555555555555555,-20.37037037037037,Agropecuária
2020,3544509,Rubinéia,22336.01,4738.194,34018.035,23893.155,88153.404,27808.64,92,90,2,,,,,,15.0,25.337660245088212,5.374941618817126,38.58958753311444,27.10406395650927,3833,24.002087138012,23.48030263501174,0.5217845030002609,47.48238977302374,,,,3.9133837725019567,3.391599269501696,Serviços
2021,3544509,Rubinéia,34686.171,4783.028,36348.031,22660.468,102856.803,32233.41,144,129,15,16.679332087958866,15.911493694046165,2.0,92.0,90.0,40.0,33.722777675677904,4.650181476085739,35.33848023645067,22.031083349926792,3833,37.56848421601879,33.65510044351683,3.9133837725019567,71.22358465953562,0.5217845030002609,24.002087138012,23.48030263501174,10.435690060005218,6.522306287503261,Serviços
2020,3544608,Sabino,53541.266,4901.946,46233.526,25527.121,135120.506,24068.49,50,51,-1,,,,,,7.0,39.624826449362175,3.6278327732135645,34.21651336918469,18.892114717213982,5112,9.780907668231611,9.976525821596244,-0.1956181533646322,19.757433489827857,,,,1.3693270735524257,1.5649452269170578,Agropecuária
2021,3544608,Sabino,72684.113,5164.994,57895.85,31476.897,175475.616,31123.73,77,70,7,29.866014563326186,29.313180843501183,-1.0,50.0,51.0,60.0,41.421204072023315,2.943425484256456,32.99367246558062,17.93804616135384,5112,15.062597809076683,13.693270735524257,1.3693270735524257,28.755868544600936,-0.1956181533646322,9.780907668231611,9.976525821596244,11.737089201877934,10.36776212832551,Agropecuária
2020,3544707,Sagres,13837.916,2090.673,12876.202,16711.91,46480.237,19127.67,19,17,2,,,,,,18.0,29.771612395177762,4.497982658737303,27.702530862740648,35.95487260531826,2474,7.679870654810024,6.8714632174616,0.8084074373484236,14.551333872271623,,,,7.275666936135813,6.467259498787389,Administração pública
2021,3544707,Sagres,16300.252,2285.073,16790.864,17808.494,54769.352,22566.69,49,31,18,17.833633249331314,17.979293871130153,2.0,19.0,17.0,-4.0,29.761630190548903,4.172174613276418,30.657408544837267,32.515436735493964,2474,19.805982215036376,12.530315278900568,7.275666936135813,32.33629749393695,0.8084074373484236,7.679870654810024,6.8714632174616,-1.6168148746968471,-8.89248181083266,Administração pública
2020,3544806,Sales,37363.16,6783.056,73853.971,31925.473,155649.223,24293.62,221,227,-6,,,,,,35.0,24.004719895068156,4.357911892692198,47.44898148319058,20.511167601524104,6437,34.332763709802705,35.264874941743045,-0.9321112319403448,69.59763865154575,,,,5.437315519652011,6.369426751592356,Serviços
2021,3544806,Sales,44360.384,6382.233,78462.855,32929.688,169480.032,26150.29,307,272,35,8.885883741289224,7.642623865854503,-6.0,221.0,227.0,47.0,26.174401477573472,3.765772831574636,46.2962238524949,19.429833480324103,6437,47.693024700947646,42.25570918129564,5.437315519652011,89.94873388224327,-0.9321112319403448,34.332763709802705,35.264874941743045,7.301537983532702,1.864222463880691,Serviços
2020,3544905,Sales Oliveira,97166.89,70024.227,165073.308,51112.022,411902.943,34330.97,832,797,35,,,,,,98.0,23.58975376391035,17.000176422628762,40.07577775427547,12.408753777707288,11411,72.91210235737447,69.84488651301376,3.0672158443607045,142.75698887038823,,,,8.588204364209973,5.5209885198492685,Serviços
2021,3544905,Sales Oliveira,67156.374,85088.256,173985.042,53601.821,417237.49,34473.89,938,840,98,1.2950980542034918,0.4163005006849518,35.0,832.0,797.0,-13.0,16.09547933959626,20.39324318627264,41.699283062986495,12.846837181385595,11411,82.20138462886688,73.6131802646569,8.588204364209973,155.8145648935238,3.0672158443607045,72.91210235737447,69.84488651301376,-1.139251599333976,-9.72745596354395,Serviços
2020,3545001,Salesópolis,28929.815,11236.192,123967.459,69813.558,244597.997,14177.95,350,421,-71,,,,,,74.0,11.827494646246018,4.5937383534665654,50.68212353349729,28.54216259178934,15202,23.02328640968294,27.693724509932903,-4.670438100249967,50.717010919615845,,,,4.867780555190107,9.538218655440074,Serviços
2021,3545001,Salesópolis,27911.065,11189.23,128927.665,69563.599,251751.908,14499.33,638,564,74,2.9247627076848026,2.266759298770271,-71.0,350.0,421.0,60.0,11.086734246319992,4.444546255434934,51.21218981982849,27.631806071555175,15202,41.96816208393633,37.10038152874621,4.867780555190107,79.06854361268255,-4.670438100249967,23.02328640968294,27.693724509932903,3.946849098802789,-0.9209314563873175,Serviços
2020,3545100,Salmourão,21567.45,4109.993,29458.604,25796.649,83056.088,15562.32,213,162,51,,,,,,96.0,25.96733185892406,4.9484548321129695,35.46832593415669,31.059311389672,4808,44.301164725457575,33.693843594009984,10.607321131447586,77.99500831946756,,,,19.96672212978369,9.359400998336108,Serviços
2021,3545100,Salmourão,30980.728,4221.725,30835.038,27979.726,96894.972,18037.04,440,344,96,16.662094655842672,15.901999187781769,51.0,213.0,162.0,-35.0,31.973514580302474,4.357011424700139,31.823155901216428,28.87634458473243,4808,91.51414309484193,71.54742096505824,19.96672212978369,163.06156405990015,10.607321131447586,44.301164725457575,33.693843594009984,-7.2795341098169715,-27.246256239600665,Agropecuária
2020,3545159,Saltinho,16550.609,53280.502,135552.464,42972.974,294710.198,35113.81,655,532,123,,,,,,165.0,5.615892871138447,18.078947508969474,45.99517251859741,14.581434335027662,8161,80.25977208675407,65.18808969489034,15.071682391863742,145.4478617816444,,,,20.218110525670877,5.146428133807131,Serviços
2021,3545159,Saltinho,18640.608,65924.154,189118.567,45259.454,377871.414,44465.92,837,672,165,28.217963465247987,26.633709073438627,123.0,655.0,532.0,175.0,4.933055878103549,17.446187130736487,50.048392123146954,11.977474961892725,8161,102.56096066658498,82.34285014091411,20.218110525670877,184.90381080749907,15.071682391863742,80.25977208675407,65.18808969489034,21.443450557529715,1.225340031858842,Serviços
2020,3545209,Salto,13415.921,1932397.643,4078021.034,533970.131,7862759.306,65667.46,10920,10494,426,,,,,,-180.0,0.1706261183623214,24.576583967480794,51.86501170000333,6.7911290454043565,134319,81.29899716346905,78.12744287852054,3.171554284948518,159.4264400419896,,,,-1.340093359837402,-4.51164764478592,Serviços
2021,3545209,Salto,14776.445,2891896.873,4214031.257,553966.857,9303486.748,77029.01,14179,14359,-180,18.323433109552177,17.301643766943297,426.0,10920.0,10494.0,1340.0,0.15882695810983488,31.084011310293754,45.295182023082944,5.954400452272241,134319,105.56213193963625,106.90222529947364,-1.340093359837402,212.4643572391099,3.171554284948518,81.29899716346905,78.12744287852054,9.976250567678438,11.31634392751584,Serviços
2020,3545308,Salto de Pirapora,20288.072,886061.38,602247.391,190011.752,1937616.869,42250.69,1921,1697,224,,,,,,287.0,1.047063138466101,45.729441881732505,31.08186146783593,9.806466646735206,43748,43.910578769315165,38.79034470147207,5.120234067843102,82.70092347078725,,,,6.560299899423974,1.4400658315808723,Indústria
2021,3545308,Salto de Pirapora,19757.781,1024555.25,666588.506,195077.919,2221476.714,47995.61,2137,1850,287,14.649947032433698,13.597221725846364,224.0,1921.0,1697.0,440.0,0.8893985192590228,46.120458681521875,30.006549328160098,8.781452345216884,43748,48.8479473347353,42.28764743531133,6.560299899423974,91.13559477004662,5.120234067843102,43.910578769315165,38.79034470147207,10.057602633263237,3.497302733839261,Indústria
2020,3545407,Salto Grande,32739.693,76470.183,96340.69,44962.566,266521.805,28462.39,293,276,17,,,,,,65.0,12.284057959160227,28.691904964398695,36.14739514464868,16.870126629976863,9050,32.3756906077348,30.497237569060776,1.8784530386740328,62.87292817679559,,,,7.18232044198895,5.303867403314917,Serviços
2021,3545407,Salto Grande,43114.819,48822.264,113272.933,46659.162,273943.204,29155.3,438,373,65,2.784537272663324,2.434475811764236,17.0,293.0,276.0,64.0,15.738597771529312,17.822038760998062,41.34905752215703,17.032421800834303,9050,48.39779005524862,41.21546961325967,7.18232044198895,89.61325966850829,1.8784530386740328,32.3756906077348,30.497237569060776,7.071823204419889,-0.1104972375690609,Serviços
2020,3545506,Sandovalina,61730.66,266402.005,46658.341,38635.668,421650.0,96841.98,168,534,-366,,,,,,124.0,14.640260879876676,63.18083837305822,11.065656587216885,9.162971184631804,3645,46.09053497942387,146.50205761316872,-100.41152263374484,192.59259259259255,,,,34.01920438957476,134.4307270233196,Indústria
2021,3545506,Sandovalina,71526.328,144229.223,51478.986,39558.516,318809.778,72374.52,1246,1122,124,-24.38994948416934,-25.265344636695776,-366.0,168.0,534.0,175.0,22.43542480055301,45.2398994487553,16.147241882901096,12.408187806586033,3645,341.83813443072705,307.8189300411522,34.01920438957476,649.6570644718793,-100.41152263374484,46.09053497942387,146.50205761316872,48.01097393689986,13.9917695473251,Indústria
2020,3545605,Santa Adélia,76133.387,10196.371,185389.297,67480.899,357079.12,22947.05,1212,1404,-192,,,,,,166.0,21.32115341832365,2.855493482788912,51.91826870190561,18.898024337015283,14018,86.46026537309173,100.15694107575972,-13.696675702668,186.61720644885148,,,,11.841917534598371,25.53859323726637,Serviços
2021,3545605,Santa Adélia,82701.045,9911.674,197598.05,69164.102,382545.565,24461.0,895,729,166,7.131877383365337,6.597580081099763,-192.0,1212.0,1404.0,260.0,21.618612935690418,2.5909786720439434,51.653467737888946,18.079964408945635,14018,63.84648309316593,52.00456555856756,11.841917534598371,115.85104865173348,-13.696675702668,86.46026537309173,100.15694107575972,18.547581680696247,6.705664146097874,Serviços
2020,3545704,Santa Albertina,31852.348,55452.091,78138.66,31328.276,212133.936,35226.49,341,354,-13,,,,,,118.0,15.015206242154486,26.140132053176067,36.83458737125399,14.768158546777732,6393,53.33959017675583,55.37306428906616,-2.0334741123103397,108.712654465822,,,,18.45768809635539,20.49116220866573,Serviços
2021,3545704,Santa Albertina,30195.349,55697.825,77797.21,32799.254,214790.792,35584.96,521,403,118,1.252442702048384,1.0176148688103792,-13.0,341.0,354.0,33.0,14.058027683048909,25.9311977396126,36.21999308052275,15.27032592719338,6393,81.49538557797591,63.037697481620526,18.45768809635539,144.53308305959644,-2.0334741123103397,53.33959017675583,55.37306428906616,5.161895823557016,-13.295792272798376,Serviços
2020,3545803,Santa Bárbara d'Oeste,36355.095,1497255.96,3228376.164,887005.9,6459528.022,33229.73,17550,17058,492,,,,,,3711.0,0.5628134884805985,23.17903033937794,49.97851473056122,13.731744749446339,183347,95.72013722613406,93.03670090047834,2.683436325655724,188.7568381266124,,,,20.240309358756893,17.55687303310117,Serviços
2021,3545803,Santa Bárbara d'Oeste,37205.583,2030517.323,3641483.469,955416.19,7825506.502,40073.67,25191,21480,3711,21.14672272258471,20.59583391137993,492.0,17550.0,17058.0,3149.0,0.47543993466098583,25.947423626586364,46.53351790161224,12.209001292834143,183347,137.39521235689702,117.15490299814014,20.240309358756893,254.5501153550372,2.683436325655724,95.72013722613406,93.03670090047834,17.17508331197129,-3.065226046785604,Serviços
2020,3546009,Santa Branca,7343.539,77326.359,109821.646,72080.848,282593.5,19020.9,1883,1138,745,,,,,,228.0,2.598622756715919,27.36310601623887,38.8620566290449,25.506902317286134,13975,134.7406082289803,81.43112701252237,53.30948121645796,216.1717352415027,,,,16.31484794275492,-36.994633273703045,Serviços
2021,3546009,Santa Branca,7654.173,74785.447,133136.413,73038.806,312818.584,20959.37,928,700,228,10.695604817520564,10.19126329458646,745.0,1883.0,1138.0,74.0,2.4468408820621734,23.906970629340872,42.56026329944643,23.34861473575368,13975,66.40429338103756,50.08944543828265,16.31484794275492,116.4937388193202,53.30948121645796,134.7406082289803,81.43112701252237,5.295169946332737,-11.019677996422182,Serviços
2020,3546108,Santa Clara d'Oeste,24529.023,4016.921,22038.876,20019.536,73893.611,34970.95,489,571,-82,,,,,,154.0,33.19505254655913,5.436087025169199,29.825144152178463,27.09237744518941,2598,188.2217090069284,219.78444957659735,-31.56274056966898,408.0061585835258,,,,59.27636643571979,90.83910700538875,Agropecuária
2021,3546108,Santa Clara d'Oeste,32616.507,13088.348,25747.306,20225.579,96783.316,45847.14,529,375,154,30.97656846137888,31.10064210437522,-82.0,489.0,571.0,14.0,33.70054710669347,13.523351483431295,26.603041788731435,20.897795029052322,2598,203.61816782140107,144.3418013856813,59.27636643571979,347.9599692070824,-31.56274056966898,188.2217090069284,219.78444957659735,5.388760585065435,-53.88760585065435,Agropecuária
2020,3546207,Santa Cruz da Conceição,19509.486,17683.98,59388.972,32910.18,143089.34,31489.73,343,329,14,,,,,,69.0,13.63447899053836,12.35869841876411,41.50481929681135,22.99974267824563,4277,80.19639934533551,76.92307692307693,3.273322422258593,157.11947626841243,,,,16.13280336684592,12.859480944587329,Serviços
2021,3546207,Santa Cruz da Conceição,26035.007,21339.892,64182.381,32998.879,161650.68,35264.11,461,392,69,12.97185380825714,11.986066568370068,14.0,343.0,329.0,5.0,16.105720681162616,13.201238621452136,39.70436808555337,20.413696372944425,4277,107.78583119008653,91.6530278232406,16.13280336684592,199.4388590133271,3.273322422258593,80.19639934533551,76.92307692307693,1.1690437222352117,-14.963759644610708,Serviços
2020,3546256,Santa Cruz da Esperança,23732.31,3695.977,17017.228,17966.531,63850.927,29656.72,64,58,6,,,,,,6.0,37.168309240052224,5.788446892869699,26.65149716620402,28.138246136974644,2116,30.245746691871457,27.41020793950851,2.835538752362949,57.65595463137996,,,,2.835538752362949,0.0,Agropecuária
2021,3546256,Santa Cruz da Esperança,22280.32,3182.942,17160.176,18943.848,63456.694,29296.72,135,129,6,-0.6174272144866433,-1.2138901402447777,6.0,64.0,58.0,14.0,35.11106330247838,5.015927870430817,27.042341663749454,29.853190902129256,2116,63.79962192816635,60.9640831758034,2.835538752362949,124.76370510396976,2.835538752362949,30.245746691871457,27.41020793950851,6.616257088846881,3.780718336483932,Agropecuária
2020,3546306,Santa Cruz das Palmeiras,48308.894,21641.871,340202.472,134944.769,583108.711,16786.39,2201,2304,-103,,,,,,346.0,8.284714854825758,3.711464190422633,58.34288968459605,23.142300304273792,28864,76.25415742793791,79.82261640798225,-3.5684589800443463,156.07677383592016,,,,11.987250554323726,15.555709534368072,Serviços
2021,3546306,Santa Cruz das Palmeiras,59893.535,21537.978,380846.13,142122.511,655974.339,18687.66,2550,2204,346,12.496062333735235,11.326258951448164,-103.0,2201.0,2304.0,56.0,9.130469202698492,3.2833567899673586,58.05808358000418,21.66586443254147,28864,88.34534368070953,76.35809312638581,11.987250554323726,164.70343680709536,-3.5684589800443463,76.25415742793791,79.82261640798225,1.9401330376940131,-10.047117516629712,Serviços
2020,3546405,Santa Cruz do Rio Pardo,196338.834,624447.226,1115089.752,229149.045,2437283.528,50837.11,5729,5863,-134,,,,,,1133.0,8.055641936788243,25.620623075905023,45.751335008406954,9.401821428138746,46442,123.35816717626288,126.24348649928945,-2.885319323026571,249.6016536755523,,,,24.396020843202272,27.281340166228844,Serviços
2021,3546405,Santa Cruz do Rio Pardo,183709.816,770808.261,1248462.762,243413.036,2786906.107,57811.23,7595,6462,1133,14.344764365059138,13.718561106247009,-134.0,5729.0,5863.0,159.0,6.591891113179867,27.658207036969262,44.79744613082511,8.73416708903857,46442,163.53731536109555,139.14129451789327,24.396020843202272,302.6786098789889,-2.885319323026571,123.35816717626288,126.24348649928945,3.423625166874812,-20.972395676327466,Serviços
2020,3546504,Santa Ernestina,18229.46,6184.984,48491.213,28808.445,106320.313,19026.54,221,241,-20,,,,,,24.0,17.145792262669506,5.817311692827691,45.60860632530305,27.09589935086064,6118,36.12291598561621,39.391958156260216,-3.2690421706440014,75.51487414187643,,,,3.9228506047728016,7.191892775416803,Serviços
2021,3546504,Santa Ernestina,15709.522,6348.247,46813.366,30065.592,104372.706,18714.85,222,198,24,-1.831829633533899,-1.6381853978705618,-20.0,221.0,241.0,91.0,15.051369847592147,6.082286493558957,44.85211488145186,28.805990715618695,6118,36.286368094148415,32.36351748937561,3.9228506047728016,68.64988558352402,-3.2690421706440014,36.12291598561621,39.391958156260216,14.874141876430206,10.951291271657404,Serviços
2020,3546603,Santa Fé do Sul,55973.093,204529.775,713267.447,190209.865,1269417.395,38983.43,3005,3303,-298,,,,,,605.0,4.40935292209384,16.11209802273113,56.18856727577772,14.98402855902254,34794,86.36546531011093,94.930160372478,-8.564695062367074,181.29562568258893,,,,17.38805541185262,25.95275047421969,Serviços
2021,3546603,Santa Fé do Sul,49563.016,245497.189,723952.564,193499.542,1344880.815,41007.46,3919,3314,605,5.94472868398026,5.1920264584209175,-298.0,3005.0,3303.0,251.0,3.685309169943064,18.254196673926085,53.83023952200553,14.387858005097648,34794,112.63436224636432,95.2463068345117,17.38805541185262,207.88066908087603,-8.564695062367074,86.36546531011093,94.930160372478,7.213887451859517,-10.174167959993104,Serviços
2020,3546702,Santa Gertrudes,17298.3,1577802.434,553411.311,164600.348,2695730.812,98452.61,3584,2882,702,,,,,,1081.0,0.6416924094570908,58.52967317717478,20.52917555923978,6.105963817577198,23611,151.79365549955529,122.06175087882768,29.731904620727622,273.8554063783829,,,,45.78374486468172,16.05184024395409,Indústria
2021,3546702,Santa Gertrudes,11776.002,2307247.556,723287.443,164236.196,3895817.986,139885.74,4236,3155,1081,44.51806421686588,42.08433885094565,702.0,3584.0,2882.0,-322.0,0.30227289987155986,59.22369998524874,18.565740124389887,4.215705060919137,23611,179.40790309601456,133.62415823133287,45.78374486468172,313.0320613273474,29.731904620727622,151.79365549955529,122.06175087882768,-13.63771123628817,-59.42145610096989,Indústria
2020,3546801,Santa Isabel,79161.75,285729.265,837763.851,246406.145,1619403.672,27937.13,2465,2465,0,,,,,,760.0,4.888327189121008,17.64410381057849,51.73286102070788,15.215856877469152,53174,46.3572422612555,46.3572422612555,0.0,92.714484522511,,,,14.292699439575731,14.292699439575731,Serviços
2021,3546801,Santa Isabel,75738.403,339688.536,803783.316,252992.035,1658732.668,28340.36,4351,3591,760,2.428609782725011,1.443347974541398,0.0,2465.0,2465.0,618.0,4.566040354852408,20.478799420377726,48.45767684609199,15.25212831945021,53174,81.82570429157107,67.53300485199534,14.292699439575731,149.3587091435664,0.0,46.3572422612555,46.3572422612555,11.622221386391846,-2.6704780531838868,Serviços
2020,3546900,Santa Lúcia,33625.037,4779.425,47429.797,35944.879,125560.009,14181.16,157,170,-13,,,,,,87.0,26.78005303424277,3.8064866656707554,37.774604651390234,28.627649270079296,7149,21.9611134424395,23.779549587354875,-1.8184361449153728,45.740663029794376,,,,12.169534200587496,13.987970345502868,Serviços
2021,3546900,Santa Lúcia,39226.251,4057.202,44589.409,38222.493,131127.832,14751.7,227,140,87,4.434392004543408,4.023225180450685,-13.0,157.0,170.0,41.0,29.914511970273406,3.0940815066629033,34.00453459796392,29.14903145809656,7149,31.75269268429151,19.58315848370401,12.169534200587496,51.33585116799552,-1.8184361449153728,21.9611134424395,23.779549587354875,5.735067841656176,-6.43446635893132,Serviços
2020,3547007,Santa Maria da Serra,25569.105,25150.237,50800.492,27582.114,136245.98,21848.3,456,353,103,,,,,,72.0,18.766869305061327,18.459434179268992,37.285864874692074,20.24435069570493,5243,86.97310699980927,67.32786572572955,19.645241274079726,154.3009727255388,,,,13.732595842075147,-5.912645432004579,Serviços
2021,3547007,Santa Maria da Serra,29119.759,26485.308,55640.419,31762.629,153023.631,24297.18,626,554,72,12.314235620016078,11.208560849127846,103.0,456.0,353.0,202.0,19.029583084458373,17.307985588186707,36.360670986822946,20.75668234535619,5243,119.39729162693116,105.664695784856,13.732595842075147,225.0619874117872,19.645241274079726,86.97310699980927,67.32786572572955,38.527560556933054,24.794964714857905,Serviços
2020,3547106,Santa Mercedes,18357.594,3106.537,19936.837,18718.248,61893.693,21030.82,118,101,17,,,,,,82.0,29.659878269018463,5.019149527884852,32.21141934445566,30.24257738183437,2956,39.918809201623816,34.16779431664411,5.751014884979702,74.08660351826794,,,,27.74018944519621,21.98917456021651,Serviços
2021,3547106,Santa Mercedes,19337.389,3217.578,24690.615,18600.138,69067.532,23436.56,189,107,82,11.590581612249265,11.439116496646353,17.0,118.0,101.0,33.0,27.997799313286592,4.658597038040971,35.748512050495734,26.93036432806083,2956,63.93775372124493,36.19756427604872,27.74018944519621,100.13531799729364,5.751014884979702,39.918809201623816,34.16779431664411,11.163734776725304,-16.57645466847091,Serviços
2020,3547205,Santana da Ponte Pensa,12642.103,2008.311,11821.478,13924.997,41452.849,28256.88,10,9,1,,,,,,-1.0,30.497549155185926,4.8448081336942606,28.517890290242775,33.59237624415152,1670,5.9880239520958085,5.389221556886228,0.5988023952095808,11.377245508982035,,,,-0.5988023952095808,-1.1976047904191616,Administração pública
2021,3547205,Santana da Ponte Pensa,12838.29,1769.976,10938.256,13117.162,39913.179,27564.35,24,25,-1,-3.7142682279811545,-2.450836751969798,1.0,10.0,9.0,0.0,32.16554111112022,4.434565334923586,27.405123505697205,32.86423764942402,1670,14.37125748502994,14.97005988023952,-0.5988023952095808,29.34131736526946,0.5988023952095808,5.9880239520958085,5.389221556886228,0.0,0.5988023952095808,Administração pública
2020,3547304,Santana de Parnaíba,135530.812,1793819.985,5398905.921,935057.242,9962481.461,70009.92,18456,20019,-1563,,,,,,2661.0,1.3604121877723012,18.00575481141164,54.192381106404355,9.385786519758724,154105,119.76249959443236,129.90493494695176,-10.142435352519389,249.66743454138413,,,,17.267447519548362,27.409882872067747,Serviços
2021,3547304,Santana de Parnaíba,125769.367,2027288.28,6311003.897,1004321.29,11544903.483,79579.96,23675,21014,2661,15.883813969387916,13.669548543977772,-1563.0,18456.0,20019.0,4187.0,1.0893929705449406,17.560027963726203,54.66484762122978,8.69926103305129,154105,153.62901917523766,136.3615716556893,17.267447519548362,289.990590830927,-10.142435352519389,119.76249959443236,129.90493494695176,27.16978683365238,9.90233931410402,Serviços
2020,3547403,Santa Rita d'Oeste,19943.621,2190.936,25178.265,17267.255,66826.773,26870.44,15,21,-6,,,,,,1.0,29.843758877897635,3.2785302980289055,37.67691281456909,25.838828099630067,2733,5.488474204171241,7.683863885839736,-2.1953896816684964,13.172338090010976,,,,0.3658982802780827,2.561287961946579,Serviços
2021,3547403,Santa Rita d'Oeste,20832.115,1877.796,25363.914,17300.769,68134.763,27518.08,23,22,1,1.957284395582004,2.4102322105630014,-6.0,15.0,21.0,-2.0,30.57486968876666,2.7560028351459884,37.22609851890143,25.39198529244168,2733,8.4156604463959,8.04976216611782,0.3658982802780827,16.46542261251372,-2.1953896816684964,5.488474204171241,7.683863885839736,-0.7317965605561654,-1.0976948408342482,Serviços
2020,3547502,Santa Rita do Passa Quatro,68590.039,107437.688,387115.332,117559.847,759779.386,27528.24,5650,5127,523,,,,,,2984.0,9.02762568501694,14.140642662816333,50.95101803670151,15.472892416694231,24833,227.5198324809729,206.4591471026457,21.060685378327225,433.9789795836186,,,,120.16268674747312,99.1020013691459,Serviços
2021,3547502,Santa Rita do Passa Quatro,88082.72,115490.234,408510.435,121169.83,825834.738,29877.17,6147,3163,2984,8.694017397307995,8.532801225214538,523.0,5650.0,5127.0,1540.0,10.665901535374744,13.984666506000137,49.46636611452399,14.672406526933965,24833,247.53352393991864,127.37083719244556,120.16268674747312,374.9043611323642,21.060685378327225,227.5198324809729,206.4591471026457,62.01425522490235,-58.14843152257077,Serviços
2020,3547601,Santa Rosa de Viterbo,47463.638,201084.981,291282.244,117664.923,764522.4,28577.07,1243,1265,-22,,,,,,265.0,6.208273034249879,26.30203915542566,38.099896615194005,15.390644276740614,23411,53.0946990730853,54.03442826021956,-0.9397291871342532,107.12912733330488,,,,11.319465208662596,12.259194395796849,Serviços
2021,3547601,Santa Rosa de Viterbo,42429.504,218541.814,313616.038,125855.001,833444.1,30914.1,1528,1263,265,9.01500073771546,8.177990255823975,-22.0,1243.0,1265.0,285.0,5.090863802383387,26.221532313924833,37.628922923565,15.100592949185195,23411,65.26846354277903,53.94899833411644,11.319465208662596,119.21746187689548,-0.9397291871342532,53.0946990730853,54.03442826021956,12.173764469693731,0.8542992610311373,Serviços
2020,3547650,Santa Salete,11554.027,2065.471,11908.58,12464.986,39550.329,25483.46,25,20,5,,,,,,3.0,29.213478856269443,5.222386392790816,30.109939161315197,31.516769430666436,1645,15.197568389057752,12.1580547112462,3.0395136778115504,27.35562310030395,,,,1.82370820668693,-1.2158054711246205,Administração pública
2021,3547650,Santa Salete,11391.71,2117.031,12833.314,13588.408,42106.248,27025.83,32,29,3,6.462446873703631,6.052435579783921,5.0,25.0,20.0,-7.0,27.05467844107126,5.027831024032348,30.478407860040154,32.27171416460569,1645,19.452887537993924,17.62917933130699,1.82370820668693,37.08206686930091,3.0395136778115504,15.197568389057752,12.1580547112462,-4.25531914893617,-6.0790273556231,Administração pública
2020,3547700,Santo Anastácio,65148.104,64247.619,247302.206,87094.269,500347.692,23979.09,736,710,26,,,,,,-30.0,13.020566506380526,12.840594655925782,49.42607110097352,17.406749424957876,17963,40.973111395646605,39.52569169960474,1.4474196960418635,80.49880309525136,,,,-1.6700996492790736,-3.1175193453209373,Serviços
2021,3547700,Santo Anastácio,80281.793,81044.873,257093.12,89684.152,555800.928,26650.73,889,919,-30,11.082940300641964,11.14154040040718,26.0,736.0,710.0,61.0,14.444343101204757,14.581636862614236,46.256331547542864,16.136020557346033,17963,49.49061960696989,51.16071925624895,-1.6700996492790736,100.65133886321884,1.4474196960418635,40.973111395646605,39.52569169960474,3.3958692868674496,5.065968936146524,Serviços
2020,3547809,Santo André,1437.939,6387257.601,15718582.063,2747068.744,28458458.307,39450.68,96934,98299,-1365,,,,,,9428.0,0.0050527649266450475,22.44414483770159,55.23342794410496,9.652907808165759,748919,129.4318878276556,131.25451484072374,-1.822627013068169,260.68640266837934,,,,12.588811340078166,14.411438353146336,Serviços
2021,3547809,Santo André,1385.093,7782624.984,17322921.87,2818755.748,32620294.592,45062.56,94136,84708,9428,14.624250688858664,14.22505264801519,-1365.0,96934.0,98299.0,10295.0,0.004246108189162978,23.858230225513225,53.10473766919438,8.641110643713466,748919,125.69583626533712,113.10702492525894,12.588811340078166,238.80286119059605,-1.822627013068169,129.4318878276556,131.25451484072374,13.746479926400584,1.1576685863224192,Serviços
2020,3547908,Santo Antônio da Alegria,71987.818,6995.878,60575.43,39966.138,187423.088,26862.99,296,292,4,,,,,,29.0,38.409258308666864,3.7326660629985993,32.320153640836395,21.324020656409203,6775,43.690036900369,43.09963099630996,0.5904059040590406,86.78966789667896,,,,4.280442804428044,3.690036900369003,Agropecuária
2021,3547908,Santo Antônio da Alegria,81213.937,7656.974,69243.969,41577.064,211521.905,30114.17,384,355,29,12.85797670775759,12.102822507844424,4.0,296.0,292.0,32.0,38.3950480211494,3.619943759489118,32.73607478147476,19.656150506019696,6775,56.678966789667896,52.39852398523985,4.280442804428044,109.07749077490774,0.5904059040590406,43.690036900369,43.09963099630996,4.723247232472325,0.4428044280442806,Agropecuária
2020,3548005,Santo Antônio de Posse,206450.68,283793.822,743563.878,112725.03,1596119.167,67836.25,2240,2425,-185,,,,,,349.0,12.934540494744901,17.780240214357377,46.58573704102383,7.062444479748548,23244,96.36895542935812,104.32799862330064,-7.959043193942523,200.69695405265875,,,,15.014627430734814,22.973670624677336,Serviços
2021,3548005,Santo Antônio de Posse,226780.43,376094.552,802556.542,121588.77,1870734.354,78794.3,3305,2956,349,17.205180708164526,16.153678895870584,-185.0,2240.0,2425.0,105.0,12.122535169950698,20.10411318933848,42.90061495283793,6.49952088280301,23244,142.1872311134056,127.1726036826708,15.014627430734814,269.3598347960764,-7.959043193942523,96.36895542935812,104.32799862330064,4.517294785751162,-10.497332644983652,Serviços
2020,3548054,Santo Antônio do Aracanguá,86268.355,19143.957,78800.501,60631.849,253511.117,29891.65,297,441,-144,,,,,,-4.0,34.029416942689735,7.55152563980064,31.08364711280098,23.916840301721365,8379,35.44575725026853,52.63157894736842,-17.185821697099893,88.07733619763695,,,,-0.4773839360305525,16.70843776106934,Agropecuária
2021,3548054,Santo Antônio do Aracanguá,109970.317,21800.531,82896.563,63316.71,289678.137,33916.19,267,271,-4,14.266443392302984,13.463759946339524,-144.0,297.0,441.0,65.0,37.96293297757573,7.5257771351933265,28.6167827018302,21.85760743138168,8379,31.865377730039384,32.34276166606994,-0.4773839360305525,64.20813939610932,-17.185821697099893,35.44575725026853,52.63157894736842,7.757488960496479,8.234872896527031,Agropecuária
2020,3548104,Santo Antônio do Jardim,75159.174,10562.696,71971.73,28370.039,196417.648,33066.94,297,354,-57,,,,,,31.0,38.26498014068471,5.377671562384252,36.642191133456606,14.44373216402632,6126,48.4818805093046,57.78648383937316,-9.30460333006856,106.26836434867778,,,,5.060398302317989,14.36500163238655,Agropecuária
2021,3548104,Santo Antônio do Jardim,89678.809,11351.638,77595.169,30209.145,222832.584,37602.53,461,430,31,13.448351647098434,13.716388634690713,-57.0,297.0,354.0,18.0,40.24492620881693,5.094245103759152,34.8221824686106,13.556879545048941,6126,75.2530199151159,70.19262161279791,5.060398302317989,145.4456415279138,-9.30460333006856,48.4818805093046,57.78648383937316,2.9382957884427032,-2.1221025138752854,Agropecuária
2020,3548203,Santo Antônio do Pinhal,13647.111,6912.601,65261.388,37884.991,128833.843,18871.22,229,273,-44,,,,,,66.0,10.592799750605904,5.36551641947062,50.655469463873715,29.4060862563884,7133,32.10430393943643,38.27281648675172,-6.168512547315295,70.37712042618814,,,,9.252768820972944,15.421281368288238,Serviços
2021,3548203,Santo Antônio do Pinhal,16760.97,7378.609,77467.992,39101.693,148429.124,21690.65,404,338,66,15.209731033172712,14.940369515060503,-44.0,229.0,273.0,37.0,11.292238038135965,4.971132888987474,52.19190810558175,26.34367969455913,7133,56.638160661713165,47.38539184074022,9.252768820972944,104.02355250245338,-6.168512547315295,32.10430393943643,38.27281648675172,5.187158278424225,-4.0656105425487175,Serviços
2020,3548302,Santo Expedito,5557.467,3086.092,17023.075,18209.946,44967.183,14343.6,22,24,-2,,,,,,4.0,12.358939629373715,6.862987169999064,37.85666315810799,40.49607910729031,3000,7.333333333333333,8.0,-0.6666666666666666,15.333333333333332,,,,1.3333333333333333,2.0,Administração pública
2021,3548302,Santo Expedito,6470.526,3327.494,17748.76,18406.667,47273.391,14964.67,31,27,4,5.1286468178360245,4.329945062606311,-2.0,22.0,24.0,28.0,13.687458976657712,7.038830787493117,37.544926700942604,38.93663350699762,3000,10.333333333333334,9.0,1.3333333333333333,19.333333333333336,-0.6666666666666666,7.333333333333333,8.0,9.333333333333334,8.0,Administração pública
2020,3548401,Santópolis do Aguapeí,9052.321,3689.621,32477.992,23379.947,71710.202,14886.9,170,137,33,,,,,,39.0,12.623477200635968,5.145182829076398,45.29061569231111,32.603376295049344,3899,43.60092331367017,35.137214670428314,8.463708643241858,78.73813798409849,,,,10.002564760194922,1.5388561169530632,Serviços
2021,3548401,Santópolis do Aguapeí,11204.767,3838.978,36716.096,24002.814,80653.418,16609.02,162,123,39,12.471330090521835,11.568022892610298,33.0,170.0,137.0,-9.0,13.89248872254862,4.759845391797282,45.52329821905377,29.760442390674623,3899,41.54911515773276,31.54655039753783,10.002564760194922,73.09566555527059,8.463708643241858,43.60092331367017,35.137214670428314,-2.308284175429597,-12.31084893562452,Serviços
2020,3548500,Santos,4711.728,2034634.486,14525608.621,2332899.967,22454711.686,51780.01,38263,43518,-5255,,,,,,8138.0,0.02098324870916804,9.06105816209855,64.68846638568236,10.389356138803198,418608,91.40532431296106,103.95883499598668,-12.553510683025646,195.36415930894773,,,,19.44062225279976,31.9941329358254,Serviços
2021,3548500,Santos,5248.939,2150156.228,15770943.804,2400186.743,24090173.097,55508.46,54243,46105,8138,7.283377466029428,7.2005586711937575,-5255.0,38263.0,43518.0,6111.0,0.021788714339514903,8.925449474116744,65.46629507599508,9.963343697596345,418608,129.57946336429308,110.13884111149332,19.44062225279976,239.7183044757864,-12.553510683025646,91.40532431296106,103.95883499598668,14.598383212934296,-4.84223903986546,Serviços
2020,3548609,São Bento do Sapucaí,38941.021,9723.33,129396.452,48901.042,238088.797,21857.05,399,396,3,,,,,,116.0,16.35567128343296,4.083909080358787,54.3479800941663,20.538993273169424,11674,34.178516361144425,33.92153503512078,0.2569813260236422,68.10005139626521,,,,9.936611272914169,9.679629946890527,Serviços
2021,3548609,São Bento do Sapucaí,39804.065,13677.018,283080.376,51153.626,406647.208,37283.14,539,423,116,70.79644784798505,70.5771821906433,3.0,399.0,396.0,241.0,9.78835320074299,3.3633620816597367,69.61325946199537,12.579362403983357,11674,46.17097824224773,36.23436696933357,9.936611272914169,82.40534521158129,0.2569813260236422,34.178516361144425,33.92153503512078,20.644166523899266,10.707555250985092,Serviços
2020,3548708,São Bernardo do Campo,11388.668,9986700.0,26366575.311,3467933.337,48586085.122,57533.53,84933,88463,-3530,,,,,,14198.0,0.023440184512505943,20.554650523752482,54.26775021036032,7.13770893104887,810729,104.7612704121846,109.11537640814625,-4.35410599596166,213.87664682033085,,,,17.51263369140613,21.86673968736779,Serviços
2021,3548708,São Bernardo do Campo,11195.535,13216248.199,29662760.19,3651104.667,58277014.065,68571.36,116649,102451,14198,19.945893806150483,19.185038706994,-3530.0,84933.0,88463.0,12982.0,0.019210893316381858,22.678320794299946,50.89958822686981,6.265085343816165,810729,143.88161765522142,126.3689839638153,17.51263369140613,270.2506016190367,-4.35410599596166,104.7612704121846,109.11537640814625,16.01274901970942,-1.4998846716967087,Serviços
2020,3548807,São Caetano do Sul,31.741,3017273.572,7489759.994,1524023.384,13974664.542,86286.26,40407,41329,-922,,,,,,5589.0,0.00022713246464417349,21.591026839547876,53.59527573266596,10.905616942858563,165655,243.92261024418215,249.4883945549485,-5.565784310766352,493.4110047991308,,,,33.73879448250883,39.304578793275184,Serviços
2021,3548807,São Caetano do Sul,30.821,3515560.444,8183229.277,1532317.804,15566768.386,95640.71,50705,45116,5589,11.39278756363009,10.841181434912128,-922.0,40407.0,41329.0,1642.0,0.0001979922822499172,22.58375249651511,52.56858118580091,9.843519001529518,165655,306.0879538800519,272.3491593975431,33.73879448250883,578.4371132775949,-5.565784310766352,243.92261024418215,249.4883945549485,9.912166852796474,-23.826627629712355,Serviços
2020,3548906,São Carlos,167433.091,3020777.865,6146472.354,1192154.956,12143042.299,47716.33,24678,24298,380,,,,,,5169.0,1.3788397246527617,24.8766148599249,50.617235801823504,9.817596996250074,254857,96.83077176612768,95.33973954021276,1.491032225914925,192.1705113063404,,,,20.28196204145854,18.790929815543617,Serviços
2021,3548906,São Carlos,170583.18,3844335.362,6861133.828,1208302.393,14141854.369,55044.88,36439,31270,5169,16.46055428930364,15.35857849922657,380.0,24678.0,24298.0,3413.0,1.2062292224839413,27.184096665760254,48.51650744643585,8.544158081903946,254857,142.97821915819458,122.69625711673604,20.28196204145854,265.6744762749306,1.491032225914925,96.83077176612768,95.33973954021276,13.391823650125364,-6.890138391333178,Serviços
2020,3549003,São Francisco,14729.155,2508.238,14453.417,15182.791,47816.445,16974.24,12,15,-3,,,,,,2.0,30.8035342234246,5.245555164128157,30.22687487536976,31.752237122604992,2602,4.611837048424289,5.764796310530361,-1.1529592621060722,10.37663335895465,,,,0.7686395080707148,1.9215987701767872,Administração pública
2021,3549003,São Francisco,16633.994,2507.216,14798.64,16043.426,51167.786,18189.76,16,14,2,7.008762361986554,7.160968620686381,-3.0,12.0,15.0,-5.0,32.508723359654454,4.899989223688514,28.921790753268077,31.354544048476125,2602,6.149116064565718,5.380476556495004,0.7686395080707148,11.529592621060722,-1.1529592621060722,4.611837048424289,5.764796310530361,-1.921598770176787,-2.690238278247502,Agropecuária
2020,3549102,São João da Boa Vista,100426.854,696177.587,1885991.76,415616.318,3433710.454,37416.07,7847,7338,509,,,,,,860.0,2.9247327445157962,20.274790094459146,54.92576573551708,12.104000135359113,92547,84.78935027607594,79.28944212130052,5.499908154775412,164.07879239737647,,,,9.29257566425708,3.792667509481669,Serviços
2021,3549102,São João da Boa Vista,125955.232,943016.747,2146777.947,422205.569,4135189.744,44794.34,9891,9031,860,20.42919166882089,19.71952158524397,509.0,7847.0,7338.0,306.0,3.045935973863259,22.804678996127826,51.9148595325013,10.21006519985217,92547,106.87542545949626,97.58284979523918,9.29257566425708,204.4582752547354,5.499908154775412,84.78935027607594,79.28944212130052,3.306428085189147,-5.986147579067934,Serviços
2020,3549201,São João das Duas Pontes,15297.36,3232.702,14152.064,15694.286,49351.563,19270.43,14,19,-5,,,,,,14.0,30.99670825015208,6.550353835804552,28.676019845612586,31.800990781183565,2580,5.426356589147287,7.364341085271318,-1.937984496124031,12.790697674418604,,,,5.426356589147287,7.364341085271318,Administração pública
2021,3549201,São João das Duas Pontes,16036.73,3694.699,14414.448,17036.494,52612.013,20591.79,51,37,14,6.606579005410618,6.856930540730022,-5.0,14.0,19.0,1.0,30.481118447226113,7.0225387498478735,27.397636353507327,32.381376473848285,2580,19.76744186046512,14.34108527131783,5.426356589147287,34.10852713178294,-1.937984496124031,5.426356589147287,7.364341085271318,0.3875968992248062,-5.038759689922481,Administração pública
2020,3549250,São João de Iracema,12282.343,1186.812,12614.869,15385.565,42506.954,22001.53,152,154,-2,,,,,,-21.0,28.89490270227314,2.7920419797664167,29.67718881950469,36.19540699152426,1846,82.34019501625136,83.42361863488624,-1.0834236186348862,165.7638136511376,,,,-11.375947995666303,-10.29252437703142,Administração pública
2021,3549250,São João de Iracema,19378.211,1440.394,13452.91,15765.594,51478.104,26507.78,50,71,-21,21.10513493862676,20.48153014813061,-2.0,152.0,154.0,-26.0,37.64359891731832,2.7980711954737107,26.133266291237145,30.625824913831323,1846,27.085590465872155,38.46153846153847,-11.375947995666303,65.54712892741061,-1.0834236186348862,82.34019501625136,83.42361863488624,-14.084507042253522,-2.708559046587217,Agropecuária
2020,3549300,São João do Pau d'Alho,18755.092,2289.807,17198.36,15605.836,55304.733,26335.59,17,20,-3,,,,,,13.0,33.91227293331296,4.140345456509119,31.097446940029528,28.217903158487356,2242,7.582515611061551,8.920606601248885,-1.3380909901873326,16.503122212310437,,,,5.798394290811775,7.136485280999107,Agropecuária
2021,3549300,São João do Pau d'Alho,19148.291,3111.482,17640.906,16271.021,58492.972,27920.27,46,33,13,5.7648574128366326,6.0172564958673735,-3.0,17.0,20.0,21.0,32.73605417074722,5.319411706418337,30.159018078274425,27.817052961507923,2242,20.51739518287244,14.71900089206066,5.798394290811775,35.2363960749331,-1.3380909901873326,7.582515611061551,8.920606601248885,9.36663693131133,3.5682426404995558,Agropecuária
2020,3549409,São Joaquim da Barra,76122.646,541381.148,858176.216,218040.33,1881212.894,35956.59,3423,3147,276,,,,,,689.0,4.046466311324357,28.778303068552113,45.61824016500707,11.590412265162795,48558,70.49301865809959,64.80909427900656,5.683924379093043,135.30211293710613,,,,14.189217018822852,8.50529263972981,Serviços
2021,3549409,São Joaquim da Barra,54709.298,727988.648,931319.947,228172.35,2191085.894,41547.41,4014,3325,689,16.471979380341196,15.548804822704287,276.0,3423.0,3147.0,527.0,2.4969033915929177,33.22501641736187,42.50494923774084,10.413665234431017,48558,82.66403064376622,68.47481362494337,14.189217018822852,151.1388442687096,5.683924379093043,70.49301865809959,64.80909427900656,10.853000535442153,-3.3362164833806998,Serviços
2020,3549508,São José da Bela Vista,64183.457,5168.478,64410.718,42719.544,183900.823,20524.65,134,131,3,,,,,,11.0,34.90112548327203,2.8104702935451247,35.02470350554114,23.229664393617206,7626,17.571466037241017,17.178075006556515,0.3933910306845004,34.749541043797535,,,,1.4424337791765014,1.049042748492001,Serviços
2021,3549508,São José da Bela Vista,95960.632,5787.293,70175.342,48907.88,231517.142,25749.88,229,218,11,25.89239037826383,25.45831475810793,3.0,134.0,131.0,55.0,41.448607723397004,2.499725484690028,30.311078218130387,21.124949788815208,7626,30.02884867558353,28.586414896407028,1.4424337791765014,58.61526357199056,0.3933910306845004,17.571466037241017,17.178075006556515,7.212168895882508,5.769735116706007,Agropecuária
2020,3549607,São José do Barreiro,9130.133,2316.892,21064.378,25798.216,60160.209,14517.42,39,23,16,,,,,,6.0,15.176365161896296,3.851203375972314,35.01380455643031,42.88252389548713,3853,10.121982870490529,5.969374513366208,4.152608357124318,16.091357383856735,,,,1.5572281339216196,-2.5953802232026986,Administração pública
2021,3549607,São José do Barreiro,9640.511,2432.084,22349.784,26616.607,63347.21,15297.56,67,61,6,5.297523151889316,5.373819866064356,16.0,39.0,23.0,11.0,15.21852501475598,3.839291422621454,35.281402290645474,42.01701542972453,3853,17.389047495458087,15.831819361536464,1.5572281339216196,33.22086685699455,4.152608357124318,10.121982870490529,5.969374513366208,2.854918245522969,1.2976901116013495,Administração pública
2020,3549706,São José do Rio Pardo,161038.865,463973.008,1055987.477,236286.331,2168272.039,39334.45,4322,4118,204,,,,,,516.0,7.42705998617547,21.398283963205227,48.70179839089831,10.897448601927943,52205,82.7890048845896,78.88133320563165,3.907671678957954,161.67033809022124,,,,9.884110717364235,5.976439038406284,Serviços
2021,3549706,São José do Rio Pardo,196939.838,472632.208,1153489.695,244885.405,2375167.083,42952.13,6694,6178,516,9.541932021381385,9.197230417611024,204.0,4322.0,4118.0,-78.0,8.291620383659552,19.89890359220678,48.56457060456829,10.310239088135763,52205,128.22526577913993,118.34115506177568,9.884110717364235,246.5664208409156,3.907671678957954,82.7890048845896,78.88133320563165,-1.4941097596015709,-11.378220476965808,Serviços
2020,3549805,São José do Rio Preto,61762.431,1945597.629,12933590.574,1764037.946,18541665.585,39876.01,53308,54500,-1192,,,,,,8088.0,0.3331007708928,10.493111420227354,69.75420042341356,9.513913072766703,480393,110.9674787101394,113.4487804776506,-2.481301767511184,224.41625918779,,,,16.836215348683265,19.31751711619445,Serviços
2021,3549805,São José do Rio Preto,64179.636,2145379.949,14508306.843,1854124.83,20962614.976,44679.93,69101,61013,8088,13.05680646596561,12.047143131923166,-1192.0,53308.0,54500.0,4456.0,0.30616235652602963,10.234314523527887,69.21038648856783,8.844911916393919,480393,143.842645500663,127.00643015197974,16.836215348683265,270.84907565264274,-2.481301767511184,110.9674787101394,113.4487804776506,9.27573882217268,-7.560476526510586,Serviços
2020,3549904,São José dos Campos,21291.034,13865580.003,17770593.372,2759788.227,39363728.555,53942.35,58885,62258,-3373,,,,,,8420.0,0.054087950459905304,35.22425469331915,45.144588747914156,7.0109929326028,697054,84.47695587429381,89.31589231250376,-4.838936438209952,173.79284818679758,,,,12.079408481982746,16.9183449201927,Serviços
2021,3549904,São José dos Campos,25504.102,16459170.872,19457995.78,2884818.643,45208807.937,61315.88,80002,71582,8420,14.848896678659653,13.669278405557051,-3373.0,58885.0,62258.0,8756.0,0.05641401125979881,36.40700036801769,43.0402761495401,6.381098672232394,697054,114.77159588783653,102.6921874058538,12.079408481982746,217.4637832936903,-4.838936438209952,84.47695587429381,89.31589231250376,12.56143713399536,0.4820286520126124,Serviços
2020,3549953,São Lourenço da Serra,1685.962,33422.069,139031.523,69716.637,263785.056,16509.27,3120,3565,-445,,,,,,-907.0,0.6391423477757588,12.670190459917489,52.70636824854854,26.429335329746657,16067,194.18684259662663,221.8833634156968,-27.696520819070145,416.0702060123234,,,,-56.4511109728014,-28.75459015373125,Serviços
2021,3549953,São Lourenço da Serra,1858.98,27606.501,158623.601,72815.995,285411.765,17697.76,5021,5928,-907,8.198610386784022,7.198925209897222,-445.0,3120.0,3565.0,1181.0,0.6513326456602095,9.672516828449591,55.57710664099638,25.51261157717167,16067,312.5038899607892,368.95500093359055,-56.4511109728014,681.4588908943798,-27.696520819070145,194.18684259662663,221.8833634156968,73.50469907263334,129.95581004543473,Serviços
2020,3550001,São Luiz do Paraitinga,23066.43,10574.019,93299.134,53601.364,189934.764,17767.52,341,437,-96,,,,,,67.0,12.144396062218501,5.567184636089053,49.12167316563492,28.22093379387883,10337,32.98829447615363,42.27532166005612,-9.287027183902486,75.26361613620973,,,,6.481571055431943,15.76859823933443,Serviços
2021,3550001,São Luiz do Paraitinga,24929.186,12156.921,97556.423,57574.176,204219.19,19098.4,412,345,67,7.520701160320509,7.49052203121201,-96.0,341.0,437.0,18.0,12.207073194247808,5.952878865105674,47.7704485068225,28.192343726365777,10337,39.85682499758151,33.37525394214956,6.481571055431943,73.23207893973107,-9.287027183902486,32.98829447615363,42.27532166005612,1.7413175969817165,-4.740253458450227,Serviços
2020,3550100,São Manuel,129377.831,171445.718,707316.909,155135.432,1289191.707,31349.65,2251,2152,99,,,,,,287.0,10.035577354206485,13.298698484414,54.86514574670623,12.033542502457317,37289,60.36632787149025,57.71138941779077,2.6549384536994824,118.077717289281,,,,7.696639759714661,5.041701306015179,Serviços
2021,3550100,São Manuel,118878.275,195029.982,721870.938,159806.614,1340317.267,32463.42,2655,2368,287,3.965706552594206,3.552735038509192,99.0,2251.0,2152.0,-24.0,8.869413080537445,14.55103107315262,53.85821370605382,11.923043740060987,37289,71.20062216739521,63.50398240768055,7.696639759714661,134.70460457507576,2.6549384536994824,60.36632787149025,57.71138941779077,-0.6436214433210867,-8.340261203035748,Serviços
2020,3550209,São Miguel Arcanjo,418466.13,42457.758,305308.413,130328.152,931047.286,28211.84,1213,1145,68,,,,,,310.0,44.94574403388573,4.560215000723391,32.79193415746663,13.998016422981122,32039,37.86010799338307,35.73769468460314,2.1224133087799246,73.5978026779862,,,,9.675707731202596,7.553294422422672,Agropecuária
2021,3550209,São Miguel Arcanjo,391383.783,47114.506,328949.807,140484.388,954225.102,28853.83,1862,1552,310,2.4894348921393084,2.275604852430768,68.0,1213.0,1145.0,164.0,41.01587583261879,4.937462439549196,34.472977739795404,14.722353007225752,32039,58.11667030806205,48.440962576859455,9.675707731202596,106.5576328849215,2.1224133087799246,37.86010799338307,35.73769468460314,5.1187615094104055,-4.556946221792191,Agropecuária
2020,3550308,São Paulo,61896.381,57439419.23,519161240.706,45917156.979,746909329.587,60600.02,1640525,1691886,-51361,,,,,,298797.0,0.008287000650296512,7.6902800587269216,69.5079335791759,6.14762129218411,11451999,143.25228285472258,147.73717671473773,-4.484893860015181,290.98945956946034,,,,26.09125271491903,30.57614657493421,Serviços
2021,3550308,São Paulo,61624.738,62513857.934,549767525.142,48453704.592,828980746.586,66872.85,2195112,1896315,298797,10.988136544549644,10.351201204224036,-51361.0,1640525.0,1691886.0,204313.0,0.007433796050606699,7.541050644595966,66.31849140117106,5.844973455842901,11451999,191.67937405513223,165.58812134021318,26.09125271491903,357.2674953953454,-4.484893860015181,143.25228285472258,147.73717671473773,17.840815389522824,-8.250437325396206,Serviços
2020,3550407,São Pedro,56761.928,69551.481,476740.124,156827.86,824684.597,22920.64,2388,2268,120,,,,,,387.0,6.882865062168732,8.433706807791877,57.808782379865406,19.016707789923714,38256,62.42158092848181,59.28481806775408,3.136762860727729,121.70639899623588,,,,10.116060225846926,6.979297365119197,Serviços
2021,3550407,São Pedro,64623.833,64260.756,514870.525,165476.393,886335.955,24418.31,3334,2947,387,7.475749907815965,6.53415436916247,120.0,2388.0,2268.0,488.0,7.291121683086861,7.2501578704431555,58.089770825104345,18.669714577922093,38256,87.14972814721874,77.03366792137182,10.116060225846926,164.18339606859055,3.136762860727729,62.42158092848181,59.28481806775408,12.75616896695943,2.6401087411125044,Serviços
2020,3550506,São Pedro do Turvo,95992.503,21660.893,62294.151,41170.245,233137.861,30293.38,386,330,56,,,,,,85.0,41.17413730582353,9.291023305734113,26.719877557768275,17.659184494276545,7217,53.484827490647085,45.72537065262575,7.759456838021339,99.21019814327282,,,,11.77774698628239,4.018290148261051,Agropecuária
2021,3550506,São Pedro do Turvo,91072.717,24160.74,61183.344,42698.862,234364.608,30342.39,930,845,85,0.5261895235454617,0.1617845218988334,56.0,386.0,330.0,87.0,38.85941558206604,10.309039494563958,26.106050961414784,18.218988935394204,7217,128.8624082028544,117.084661216572,11.77774698628239,245.9470694194264,7.759456838021339,53.484827490647085,45.72537065262575,12.05487044478315,0.2771234585007605,Agropecuária
2020,3550605,São Roque,47544.811,526064.005,1744554.571,378576.699,3068358.305,33329.98,7774,7772,2,,,,,,1069.0,1.5495195239266557,17.144803595550094,56.85628592192723,12.338086408718816,79484,97.80584771777968,97.78068542096524,0.0251622968144532,195.5865331387449,,,,13.449247647325247,13.424085350510794,Serviços
2021,3550605,São Roque,45528.581,602986.495,1906386.234,395962.738,3450778.678,37074.85,9739,8670,1069,12.463354503834578,11.235740315475716,2.0,7774.0,7772.0,886.0,1.3193712274351777,17.473925489463106,55.24510297208924,11.474590953178481,79484,122.52780433797996,109.07855669065472,13.449247647325247,231.6063610286347,0.0251622968144532,97.80584771777968,97.78068542096524,11.146897488802775,-2.3023501585224704,Serviços
2020,3550704,São Sebastião,14743.293,214904.32,2100357.097,662579.203,3274315.18,36249.17,6186,6043,143,,,,,,1431.0,0.45027103957658704,6.563336398177771,64.14645449617346,20.235657429899582,81595,75.81346896255899,74.06091059501195,1.752558367547031,149.87437955757093,,,,17.53783932839022,15.785280960843188,Serviços
2021,3550704,São Sebastião,15863.894,9764264.038,5075980.831,695835.071,16008645.421,174696.31,8940,7509,1431,388.9158355549632,381.931889750855,143.0,6186.0,6043.0,2198.0,0.09909579219732036,60.99369297786635,31.707747267244567,4.346620545965805,81595,109.5655371039892,92.027697775599,17.53783932839022,201.5932348795882,1.752558367547031,75.81346896255899,74.06091059501195,26.93792511796066,9.40008578957044,Indústria
2020,3550803,São Sebastião da Grama,72966.954,28999.142,155587.347,51409.401,332786.796,27369.59,914,791,123,,,,,,182.0,21.926036392381388,8.714030228531062,46.752860651358304,15.448149270922396,10441,87.53950770998946,75.75902691313092,11.78048079685854,163.2985346231204,,,,17.431280528684994,5.650799731826455,Serviços
2021,3550803,São Sebastião da Grama,140653.599,31465.975,173855.553,54012.076,428491.854,35304.59,1262,1080,182,28.758670461192224,28.99203093652481,123.0,914.0,791.0,60.0,32.825267898791836,7.343424316299838,40.57382920516384,12.605158183473891,10441,120.86964850110142,103.43836797241644,17.431280528684994,224.30801647351785,11.78048079685854,87.53950770998946,75.75902691313092,5.74657599846758,-11.684704530217411,Serviços
2020,3550902,São Simão,78026.9,56333.455,214594.486,82786.216,473736.99,30792.13,886,985,-99,,,,,,27.0,16.470510356389944,11.891293310239508,45.29823309765193,17.475142905771406,13442,65.91281059366166,73.27778604374349,-7.364975450081833,139.19059663740515,,,,2.008629668204136,9.373605118285967,Serviços
2021,3550902,São Simão,73197.787,60108.933,223996.775,84468.756,501326.889,32456.75,1149,1122,27,5.823885316618416,5.405991725807868,-99.0,886.0,985.0,48.0,14.600810091397271,11.98996788700077,44.68078212337818,16.849037594709984,13442,85.47835143579825,83.46972176759411,2.008629668204136,168.94807320339237,-7.364975450081833,65.91281059366166,73.27778604374349,3.5708971879184648,1.5622675197143288,Serviços
2020,3551009,São Vicente,3969.739,472083.7,3407046.009,1482000.064,5716548.053,15519.13,8014,8847,-833,,,,,,815.0,0.06944293939620977,8.25819525390422,59.599709079887965,25.924737276060466,329911,24.29139980176472,26.81632319019372,-2.5249233884290003,51.10772299195844,,,,2.4703632191712317,4.995286607600232,Serviços
2021,3551009,São Vicente,4375.988,510075.084,3598069.999,1568230.121,6121259.1,16506.51,10804,9989,815,7.079640427191203,6.362341187940301,-833.0,8014.0,8847.0,194.0,0.07148836421578693,8.33284583558961,58.77990034762619,25.61940436404661,329911,32.748226036719,30.27786281754776,2.4703632191712317,63.02608885426676,-2.5249233884290003,24.29139980176472,26.81632319019372,0.5880373797781826,-1.8823258393930489,Serviços
2020,3551108,Sarapuí,38016.529,28310.915,64066.653,47534.4,189077.058,18197.98,738,560,178,,,,,,38.0,20.10636795501652,14.973215312034316,33.883885056007166,25.14022616112421,10369,71.17369080914264,54.007136657344006,17.16655415179863,125.18082746648663,,,,3.664769987462629,-13.501784164336,Serviços
2021,3551108,Sarapuí,41315.191,30057.453,67773.753,48706.546,203910.875,19433.04,750,712,38,7.845381749064462,6.786797215954743,178.0,738.0,560.0,204.0,20.26139655376399,14.740485518489391,33.23694874047301,23.886193416609096,10369,72.33098659465716,68.66621660719451,3.664769987462629,140.99720320185168,17.16655415179863,71.17369080914264,54.007136657344006,19.674028353746746,16.009258366284115,Serviços
2020,3551207,Sarutaiá,35485.521,3865.335,23945.922,21119.523,85790.116,23633.64,147,106,41,,,,,,37.0,41.36318104523836,4.5055714809850596,27.912215435167383,24.61766458038127,3704,39.68682505399568,28.617710583153347,11.069114470842331,68.30453563714903,,,,9.989200863930884,-1.0799136069114468,Agropecuária
2021,3551207,Sarutaiá,43668.874,3996.137,25356.998,21770.775,96557.722,26651.32,191,154,37,12.551103206341384,12.768579025490778,41.0,147.0,106.0,-95.0,45.225667192107124,4.138599085840075,26.260973720983188,22.546902048911225,3704,51.5658747300216,41.57667386609072,9.989200863930884,93.14254859611232,11.069114470842331,39.68682505399568,28.617710583153347,-25.64794816414687,-35.63714902807776,Agropecuária
2020,3551306,Sebastianópolis do Sul,46281.582,185458.69,109232.643,25595.989,403598.491,113561.76,475,422,53,,,,,,-76.0,11.467233657223957,45.95128429258671,27.064680724983187,6.341943681845927,3130,151.75718849840257,134.82428115015975,16.93290734824281,286.5814696485623,,,,-24.28115015974441,-41.21405750798722,Indústria
2021,3551306,Sebastianópolis do Sul,40418.681,193532.531,114679.751,26257.953,417498.625,116133.14,365,441,-76,3.444050042298108,2.2643009407392167,53.0,475.0,422.0,26.0,9.681153081641884,46.35524991249971,27.468294296777625,6.289350773310931,3130,116.61341853035144,140.89456869009584,-24.28115015974441,257.50798722044726,16.93290734824281,151.75718849840257,134.82428115015975,8.30670926517572,32.587859424920126,Indústria
2020,3551405,Serra Azul,46967.376,12043.39,60795.274,63893.895,188766.878,12600.42,302,361,-59,,,,,,19.0,24.881153143826428,6.380033471761926,32.20653678448822,33.84804351110792,12746,23.69370782990742,28.32261101522046,-4.62890318531304,52.01631884512789,,,,1.4906637376431822,6.119566922956222,Administração pública
2021,3551405,Serra Azul,46604.064,11240.366,62819.181,68651.422,195523.134,12785.98,345,326,19,3.579153330066731,1.4726493243875982,-59.0,302.0,361.0,55.0,23.835575385161327,5.748867548328067,32.12877152429441,35.11166202972177,12746,27.06731523615252,25.57665149850933,1.4906637376431822,52.64396673466185,-4.62890318531304,23.69370782990742,28.32261101522046,4.315079240546054,2.824415502902872,Administração pública
2020,3551504,Serrana,22901.155,186177.182,644674.901,217201.267,1202730.857,26350.25,2800,2750,50,,,,,,317.0,1.9040964041716606,15.479538162377088,53.60092802541274,18.059008441985952,43909,63.768247967387104,62.62952925368376,1.138718713703341,126.39777722107084,,,,7.219476644879182,6.0807579311758415,Serviços
2021,3551504,Serrana,21355.507,227605.044,722884.231,236601.738,1349050.264,29221.73,3029,2712,317,12.165598491832808,10.897353915048246,50.0,2800.0,2750.0,675.0,1.5830030629607437,16.87150212810751,53.58467733119247,17.5383930690962,43909,68.98357967614841,61.764103031269215,7.219476644879182,130.7476827074176,1.138718713703341,63.768247967387104,62.62952925368376,15.372702634995104,8.15322599011592,Serviços
2020,3551603,Serra Negra,62973.668,65316.105,431543.742,124855.525,742187.758,25199.91,1533,1857,-324,,,,,,313.0,8.484870212585747,8.800482667082742,58.14482081500461,16.822633309993236,29894,51.28119355054526,62.119488860640935,-10.83829531009567,113.40068241118618,,,,10.470328494012175,21.30862380410785,Serviços
2021,3551603,Serra Negra,84669.631,62088.45,489895.096,127911.869,845122.36,28485.03,2089,1776,313,13.869078395658471,13.036237034179887,-324.0,1533.0,1857.0,158.0,10.018623930385653,7.346681727838794,57.967357058213445,15.135307625750194,29894,69.8802435271292,59.40991503311702,10.470328494012175,129.2901585602462,-10.83829531009567,51.28119355054526,62.119488860640935,5.285341540108383,-5.184986953903793,Serviços
2020,3551702,Sertãozinho,77621.368,1974611.505,3137055.568,624370.854,6660447.732,52385.9,20660,19701,959,,,,,,2895.0,1.1654076591138092,29.646828328267105,47.099770078940395,9.374307540921336,126887,162.82203850670282,155.26413265346332,7.557905853239497,318.08617116016615,,,,22.815576063741755,15.257670210502258,Serviços
2021,3551702,Sertãozinho,86717.477,2110801.327,3249541.352,660685.268,7109021.763,55352.42,24816,21921,2895,6.734893043974122,5.662821484407066,959.0,20660.0,19701.0,2629.0,1.219822922069735,29.6918675644797,45.71010555788054,9.293617181461427,126887,195.5755908800744,172.76001481633264,22.815576063741755,368.3356056964071,7.557905853239497,162.82203850670282,155.26413265346332,20.719222615397957,-2.0963534483438018,Serviços
2020,3551801,Sete Barras,160222.489,22569.729,97051.541,60984.158,351826.054,27529.43,234,274,-40,,,,,,87.0,45.54025694754261,6.415024908871586,27.585092092128004,17.333610546079683,12730,18.381775333857032,21.52395915161037,-3.142183817753339,39.9057344854674,,,,6.834249803613512,9.976433621366851,Agropecuária
2021,3551801,Sete Barras,180937.473,23882.691,98288.768,62559.381,379170.022,29783.21,525,438,87,7.772013382499532,8.186802269425852,-40.0,234.0,274.0,-29.0,47.71935081935354,6.298675953870636,25.92208304906552,16.499031402857053,12730,41.241162608012566,34.406912804399056,6.834249803613512,75.64807541241163,-3.142183817753339,18.381775333857032,21.52395915161037,-2.27808326787117,-9.11233307148468,Agropecuária
2020,3551900,Severínia,15697.273,9368.601,135583.302,78387.709,253135.607,14333.03,1566,1609,-43,,,,,,251.0,6.20113194901103,3.70102061540477,53.56152917673095,30.966686168335062,14576,107.43688254665204,110.38693743139407,-2.950054884742042,217.8238199780461,,,,17.220087815587267,20.170142700329308,Serviços
2021,3551900,Severínia,19012.237,9149.505,141189.913,84016.986,271911.501,15258.78,1770,1519,251,7.41732631869525,6.458857617684477,-43.0,1566.0,1609.0,53.0,6.992067981707034,3.364883414769572,51.924950758151276,30.898651101925996,14576,121.4324917672887,104.21240395170142,17.220087815587267,225.6448957189901,-2.950054884742042,107.43688254665204,110.38693743139407,3.636114160263447,-13.58397365532382,Serviços
2020,3552007,Silveiras,10227.864,3758.351,30566.142,37878.339,89435.724,14108.81,89,110,-21,,,,,,30.0,11.435993965901142,4.2022928108682835,34.17665853524034,42.35258273304748,6186,14.3873262204979,17.782088587132233,-3.394762366634336,32.16941480763013,,,,4.849660523763337,8.244422890397672,Administração pública
2021,3552007,Silveiras,11715.01,3987.86,32206.108,40275.404,92558.565,14518.99,94,64,30,3.4917154581316945,2.907261491224289,-21.0,89.0,110.0,-21.0,12.656862171534314,4.308472154899982,34.79538387398292,43.513427417549096,6186,15.195602974458454,10.34594245069512,4.849660523763337,25.54154542515357,-3.394762366634336,14.3873262204979,17.782088587132233,-3.394762366634336,-8.244422890397672,Administração pública
2020,3552106,Socorro,89295.776,118526.364,503424.127,168765.589,961559.643,23253.04,2648,2765,-117,,,,,,474.0,9.28655613305518,12.32647031963674,52.35495589533596,17.551234624766796,40122,65.99870395294352,68.91480983001846,-2.916105877074921,134.91351378296196,,,,11.813967399431732,14.730073276506651,Serviços
2021,3552106,Socorro,113684.979,134639.933,581522.818,180394.994,1120219.486,26870.22,3123,2649,474,16.500260192388282,15.55572948741326,-117.0,2648.0,2765.0,337.0,10.148455764319744,12.019067216975726,51.91150709906505,16.10354008785739,40122,77.8375953342306,66.02362793479887,11.813967399431732,143.86122326902944,-2.916105877074921,65.99870395294352,68.91480983001846,8.399381885249987,-3.414585514181745,Serviços
2020,3552205,Sorocaba,47593.359,8600291.106,17984319.437,2833941.774,36624251.584,53282.72,75615,75596,19,,,,,,15165.0,0.1299503933639208,23.482503352388505,49.10494729360365,7.737883100491974,723682,104.48650097694843,104.46024635129794,0.0262546256504928,208.9467473282464,,,,20.9553367363013,20.92908211065081,Serviços
2021,3552205,Sorocaba,43587.377,11416523.526,20709422.068,2960148.0,44533398.241,64046.61,107060,91895,15165,21.59538097006537,20.20146494022828,19.0,75615.0,75596.0,9647.0,0.09787570390231519,25.635868756786888,46.5031254878136,6.6470292340608275,723682,147.93790642851417,126.98256969221288,20.9553367363013,274.9204761207271,0.0262546256504928,104.48650097694843,104.46024635129794,13.330440718437105,-7.624896017864197,Serviços
2020,3552304,Sud Mennucci,86894.641,13548.503,70317.768,44000.357,225828.144,29222.07,1134,1263,-129,,,,,,-89.0,38.47821598356669,5.999474981293741,31.13773454206841,19.484000630142894,7355,154.18082936777702,171.7199184228416,-17.539089055064583,325.9007477906186,,,,-12.100611828687969,5.438477226376614,Agropecuária
2021,3552304,Sud Mennucci,82363.193,9944.752,74978.087,47715.315,226784.378,29307.88,806,895,-89,0.4234343793747763,0.2936479174815432,-129.0,1134.0,1263.0,147.0,36.317842404471094,4.385113334393783,33.061398523667265,21.03994791034504,7355,109.58531611148878,121.68592794017675,-12.100611828687969,231.27124405166552,-17.539089055064583,154.18082936777702,171.7199184228416,19.986403806934057,32.08701563562202,Agropecuária
2020,3552403,Sumaré,188423.851,3424726.836,6716633.373,1080749.214,13672589.77,47771.01,19180,19160,20,,,,,,3628.0,1.3781138333677951,25.048121048101923,49.12480726758468,7.904495287142664,279545,68.6114936772255,68.53994884544527,0.0715448317802142,137.15144252267078,,,,12.978232484930867,12.906687653150655,Serviços
2021,3552403,Sumaré,328221.75,4539680.55,7114201.096,1149288.71,16179891.951,55816.79,26314,22686,3628,18.33816579870955,16.842390395346474,20.0,19180.0,19160.0,3905.0,2.028578132622908,28.057545524705585,43.96939805003028,7.103191501405348,279545,94.13153517322792,81.15330268829706,12.978232484930867,175.28483786152498,0.0715448317802142,68.6114936772255,68.53994884544527,13.969128405086838,0.9908959201559692,Serviços
2020,3552502,Suzano,387096.789,4373436.961,4759727.518,1148630.746,12632702.05,42030.69,20796,20695,101,,,,,,4533.0,3.0642437973117556,34.61996446753844,37.677826162297556,9.092518302527369,307429,67.64488711214622,67.31635597162273,0.328531140523503,134.96124308376895,,,,14.74486792072316,14.416336780199655,Serviços
2021,3552502,Suzano,365314.028,5291217.803,5335113.26,1214448.17,14811513.691,48818.92,30433,25900,4533,17.24739198610323,16.15065086963834,101.0,20796.0,20695.0,2775.0,2.4664192709890127,35.72368032995258,36.02004070145649,8.199352175179378,307429,98.99196237179966,84.2470944510765,14.74486792072316,183.23905682287617,0.328531140523503,67.64488711214622,67.31635597162273,9.026474405472484,-5.718393515250677,Serviços
2020,3552551,Suzanápolis,29483.116,124626.381,82795.136,26377.41,294667.078,73409.84,649,505,144,,,,,,123.0,10.005568385892095,42.29396166204899,28.097857610004194,8.951597232725131,3408,190.43427230046947,148.1807511737089,42.25352112676056,338.6150234741784,,,,36.09154929577465,-6.161971830985912,Indústria
2021,3552551,Suzanápolis,36433.753,142422.703,96822.567,27419.425,341980.906,84169.56,745,622,123,16.056706545276178,14.65705414968892,144.0,649.0,505.0,52.0,10.6537389546538,41.64639033969926,28.312272791042897,8.017823369355012,3408,218.6032863849765,182.5117370892019,36.09154929577465,401.1150234741784,42.25352112676056,190.43427230046947,148.1807511737089,15.258215962441314,-20.833333333333336,Indústria
2020,3552601,Tabapuã,63132.89,10851.37,116391.729,59522.91,260622.214,20874.83,490,471,19,,,,,,36.0,24.223909785372324,4.163639711847433,44.65917437106877,22.83877075804444,11323,43.27475050781595,41.59674997792104,1.6780005298949043,84.87150048573699,,,,3.179369425064029,1.5013688951691249,Serviços
2021,3552601,Tabapuã,77407.832,11555.619,121741.022,62127.838,287136.559,22859.37,599,563,36,10.173478535486623,9.506855864215405,19.0,490.0,471.0,24.0,26.958542746902523,4.024433196610119,42.3983008029291,21.6370350805799,11323,52.90117460037093,49.7218051753069,3.179369425064029,102.62297977567783,1.6780005298949043,43.27475050781595,41.59674997792104,2.119579616709353,-1.0597898083546764,Serviços
2020,3552700,Tabatinga,59514.203,25749.246,121593.609,73659.865,295780.667,17771.01,1646,1456,190,,,,,,239.0,20.121059163072346,8.705520296902975,41.109383596054975,24.903542799840938,14769,111.44965806757396,98.58487372198525,12.864784345588731,210.0345317895592,,,,16.182544518924775,3.3177601733360422,Serviços
2021,3552700,Tabatinga,78089.282,29679.683,133545.56,77089.874,340423.445,20278.99,1693,1454,239,15.09320350542045,14.112760051342054,190.0,1646.0,1456.0,261.0,22.938867209924393,8.71846032813633,39.2292487375539,22.645289310200123,14769,114.63199945832488,98.44945493940008,16.182544518924775,213.08145439772497,12.864784345588731,111.44965806757396,98.58487372198525,17.672151127361364,1.4896066084365884,Serviços
2020,3552809,Taboão da Serra,240.59,1885837.872,4905446.581,1113511.142,9084523.867,30936.36,26723,29054,-2331,,,,,,3555.0,0.0026483501339454405,20.758797044393297,53.997839103260944,12.257231730601605,273542,97.69249329170658,106.2140366013263,-8.521543309619728,203.90652989303288,,,,12.99617608996059,21.51771939958032,Serviços
2021,3552809,Taboão da Serra,265.211,2086009.277,5310499.081,1252193.145,10291072.498,34588.58,32605,29050,3555,13.281363433727655,11.805590573680934,-2331.0,26723.0,29054.0,1470.0,0.002577097771408587,20.270086304468283,51.60297026410085,12.167761380005391,273542,119.1955897083446,106.199413618384,12.99617608996059,225.3950033267286,-8.521543309619728,97.69249329170658,106.2140366013263,5.373946231291721,-7.622229858668869,Serviços
2020,3552908,Taciba,78639.412,11363.005,52985.418,42638.784,191184.863,30207.75,130,122,8,,,,,,23.0,41.13265598856536,5.943464781518816,27.714232794674754,22.302384891213904,6260,20.76677316293929,19.4888178913738,1.2779552715654952,40.25559105431309,,,,3.674121405750799,2.396166134185304,Agropecuária
2021,3552908,Taciba,68762.806,10090.195,54417.335,46713.717,186412.175,29259.48,172,149,23,-2.496373366127857,-3.139161307942495,8.0,130.0,122.0,42.0,36.88750801818605,5.4128411945196175,29.19194253272352,25.059370183304818,6260,27.47603833865815,23.801916932907343,3.674121405750799,51.277955271565496,1.2779552715654952,20.76677316293929,19.4888178913738,6.7092651757188495,3.035143769968051,Agropecuária
2020,3553005,Taguaí,35837.098,17439.581,143673.117,61020.069,278608.219,19702.16,1767,2051,-284,,,,,,392.0,12.862900501869257,6.259535724608326,51.568154563308134,21.90174762934758,12669,139.47430736443286,161.8912305627911,-22.4169231983582,301.3655379272239,,,,30.94166863998737,53.35859183834557,Serviços
2021,3553005,Taguaí,55797.041,20165.789,171943.913,63891.786,343427.748,23824.33,2746,2354,392,23.26547624210613,20.92242677960183,-284.0,1767.0,2051.0,-50.0,16.247097482641383,5.871916033995016,50.06698323048724,18.60414202756849,12669,216.74954613623805,185.80787749625068,30.94166863998737,402.5574236324888,-22.4169231983582,139.47430736443286,161.8912305627911,-3.9466414081616543,-34.88831004814902,Serviços
2020,3553104,Taiaçu,24649.691,2744.164,41157.28,27343.969,100404.708,15886.82,80,117,-37,,,,,,-23.0,24.550333834943277,2.733102913859378,40.99138458726458,27.23375182765334,5677,14.091949973577591,20.60947683635723,-6.517526862779637,34.70142680993483,,,,-4.051435617403558,2.466091245376079,Serviços
2021,3553104,Taiaçu,28186.582,2699.843,44400.285,28776.496,109907.367,17319.16,131,154,-23,9.464355994143215,9.015901231335157,-37.0,80.0,117.0,12.0,25.645762217195138,2.4564713664735507,40.39791527350482,26.182499668106868,5677,23.07556808173331,27.127003699136868,-4.051435617403558,50.20257178087017,-6.517526862779637,14.091949973577591,20.60947683635723,2.113792496036639,6.165228113440197,Serviços
2020,3553203,Taiúva,20221.319,8036.704,50034.409,30165.53,116175.063,20879.77,149,191,-42,,,,,,49.0,17.405903192839244,6.917753080968849,43.06811436805504,25.96558092677772,6548,22.755039706780696,29.169211973121563,-6.414172266340868,51.924251679902255,,,,7.483200977397679,13.897373243738548,Serviços
2021,3553203,Taiúva,24191.068,20237.949,52322.844,31400.116,139651.101,25108.07,273,224,49,20.207467414930512,20.250701995280583,-42.0,149.0,191.0,5.0,17.322504317384507,14.49179337297169,37.46683243120296,22.484689182650985,6548,41.692119731215634,34.208918753817954,7.483200977397679,75.9010384850336,-6.414172266340868,22.755039706780696,29.169211973121563,0.7635919364691509,-6.719609040928528,Serviços
2020,3553302,Tambaú,64645.177,121190.472,280663.867,89091.582,599795.772,25817.66,1975,1840,135,,,,,,550.0,10.777864736265599,20.205289476431986,46.7932386492381,14.853652886369462,21435,92.13902495917893,85.84091439234896,6.298110566829951,177.97993935152786,,,,25.658968975973877,19.360858409143923,Serviços
2021,3553302,Tambaú,78980.377,158476.676,304125.371,95553.04,700419.073,30119.07,2891,2341,550,16.776260470205507,16.66072757949404,135.0,1975.0,1840.0,-105.0,11.276160236715883,22.62597951840755,43.42048678049063,13.642266991778506,21435,134.87287147189176,109.21390249591788,25.658968975973877,244.08677396780965,6.298110566829951,92.13902495917893,85.84091439234896,-4.89853044086774,-30.557499416841612,Serviços
2020,3553401,Tanabi,120053.916,414952.966,451114.061,121837.469,1199202.912,45944.71,2178,2003,175,,,,,,154.0,10.011142801494465,34.60239813026738,37.61782568119714,10.159871009385942,25265,86.20621413021968,79.27963585988522,6.926578270334455,165.48584999010487,,,,6.09538887789432,-0.8311893924401348,Serviços
2021,3553401,Tanabi,132284.228,461061.387,480104.57,124694.717,1323569.967,50458.24,2214,2060,154,10.370809956805704,9.82382955513268,175.0,2178.0,2003.0,59.0,9.99450208890997,34.83468184496816,36.27345602954438,9.42108993925215,25265,87.63111023154562,81.5357213536513,6.09538887789432,169.16683158519692,6.926578270334455,86.20621413021968,79.27963585988522,2.335246388284188,-3.760142489610132,Serviços
2020,3553500,Tapiraí,73775.861,11517.718,53132.429,38704.419,183684.929,23652.45,155,169,-14,,,,,,84.0,40.16435175255995,6.270366361956674,28.925851069686832,21.07109124886343,7996,19.38469234617309,21.135567783891947,-1.7508754377188596,40.52026013006503,,,,10.505252626313156,12.256128064032016,Agropecuária
2021,3553500,Tapiraí,68949.22,11578.765,55735.276,40565.281,185138.411,23966.14,321,237,84,0.7912908303979505,1.3262473866343605,-14.0,155.0,169.0,20.0,37.24198540301828,6.254112767555296,30.104652891290073,21.910785979469168,7996,40.14507253626813,29.639819909954976,10.505252626313156,69.78489244622311,-1.7508754377188596,19.38469234617309,21.135567783891947,2.501250625312656,-8.0040020010005,Agropecuária
2020,3553609,Tapiratiba,61692.097,21203.3,116481.903,56092.033,269419.107,20804.56,590,602,-12,,,,,,-95.0,22.89818925129167,7.870006042296026,43.23446258026532,20.819619523124615,11816,49.9322951929587,50.9478672985782,-1.015572105619499,100.88016249153692,,,,-8.039945836154368,-7.024373730534869,Serviços
2021,3553609,Tapiratiba,72223.91,25469.716,125753.736,60004.652,301184.818,23275.49,752,847,-95,11.79044476604252,11.876867379074586,-12.0,590.0,602.0,153.0,23.979930489059377,8.45650725993765,41.75301292909126,19.9228674268701,11816,63.64251861882193,71.68246445497631,-8.039945836154368,135.32498307379822,-1.015572105619499,49.9322951929587,50.9478672985782,12.948544346648612,20.98849018280298,Serviços
2020,3553658,Taquaral,8379.451,1868.873,14206.905,18123.716,44548.981,15836.82,78,54,24,,,,,,-6.0,18.80952338730262,4.195097077529113,31.89052741745092,40.68267240500967,2619,29.782359679266893,20.61855670103093,9.16380297823597,50.40091638029782,,,,-2.2909507445589923,-11.454753722794962,Administração pública
2021,3553658,Taquaral,7715.097,1850.936,14486.849,20223.797,46861.863,16647.2,112,118,-6,5.191773073327988,5.117062642626502,24.0,78.0,54.0,84.0,16.463487591178353,3.949770413523679,30.913941684307346,43.156195049266394,2619,42.76441389843451,45.0553646429935,-2.2909507445589923,87.81977854142802,9.16380297823597,29.782359679266893,20.61855670103093,32.07331042382589,34.36426116838488,Administração pública
2020,3553708,Taquaritinga,149471.617,233261.232,885212.795,277245.944,1672139.381,29149.63,3294,3022,272,,,,,,55.0,8.93894484505296,13.949867735338026,52.93893589603821,16.580313049872487,52260,63.03099885189438,57.82625334864141,5.2047455032529655,120.85725220053578,,,,1.052430156907769,-4.152315346345197,Serviços
2021,3553708,Taquaritinga,115944.357,235408.591,885902.109,272970.048,1660014.384,28846.24,3733,3678,55,-0.7251187991726415,-1.0408022331672817,272.0,3294.0,3022.0,406.0,6.984539297823337,14.181117541448964,53.367134498275526,16.44383630834852,52260,71.43130501339456,70.37887485648679,1.052430156907769,141.81017986988138,5.2047455032529655,63.03099885189438,57.82625334864141,7.76884806735553,6.7164179104477615,Serviços
2020,3553807,Taquarituba,130697.719,66372.453,510020.255,97471.178,895749.22,38516.91,1775,1773,2,,,,,,244.0,14.59088281427697,7.409713736619274,56.9378397002679,10.881525300128088,24350,72.8952772073922,72.81314168377824,0.082135523613963,145.70841889117042,,,,10.020533880903493,9.938398357289527,Serviços
2021,3553807,Taquarituba,132339.82,66621.372,574067.49,100748.895,988151.947,42424.52,2736,2492,244,10.315691595020326,10.145180389600284,2.0,1775.0,1773.0,241.0,13.392658932847299,6.742016974440065,58.095062378093964,10.195688558411554,24350,112.36139630390144,102.34086242299794,10.020533880903493,214.70225872689937,0.082135523613963,72.8952772073922,72.81314168377824,9.897330595482549,-0.1232032854209439,Serviços
2020,3553856,Taquarivaí,133314.329,18853.758,129269.37,34141.993,341514.158,57776.04,458,378,80,,,,,,75.0,39.036252488249694,5.520637302539007,37.851833363816205,9.997240875735525,6876,66.60849331006399,54.9738219895288,11.634671320535194,121.5823152995928,,,,10.907504363001744,-0.7271669575334485,Agropecuária
2021,3553856,Taquarivaí,122948.156,16843.793,157444.137,35426.188,367323.698,61548.88,623,548,75,7.557385073329814,6.530111790285376,80.0,458.0,378.0,165.0,33.47133786070073,4.585544872740555,42.86250461302935,9.644405790556972,6876,90.60500290866784,79.6974985456661,10.907504363001744,170.30250145433394,11.634671320535194,66.60849331006399,54.9738219895288,23.99650959860384,13.089005235602096,Serviços
2020,3553906,Tarabai,19195.453,12419.956,52150.751,38567.975,142825.94,18942.43,225,271,-46,,,,,,57.0,13.439752610765243,8.695868551609042,36.513500978883805,27.0034806002327,6536,34.42472460220318,41.46266829865361,-7.037943696450428,75.8873929008568,,,,8.720930232558139,15.758873929008567,Serviços
2021,3553906,Tarabai,16002.304,14259.364,60792.112,42013.462,168350.324,22125.16,303,246,57,17.87097217774305,16.80212095280278,-46.0,225.0,271.0,22.0,9.505359787724556,8.470054384926517,36.110481141693555,24.95597335470528,6536,46.35862913096695,37.63769889840881,8.720930232558139,83.99632802937576,-7.037943696450428,34.42472460220318,41.46266829865361,3.3659730722154224,-5.354957160342717,Serviços
2020,3553955,Tarumã,59116.311,317969.62,312643.805,74736.926,852031.728,56117.48,3022,2652,370,,,,,,210.0,6.9382757774485135,37.318988196176655,36.693915816242935,8.771613021434339,14882,203.06410428705817,178.20185458943692,24.862249697621287,381.2659588764951,,,,14.111006585136408,-10.75124311248488,Indústria
2021,3553955,Tarumã,56414.134,342396.588,316519.163,77491.177,897036.192,58396.99,3453,3243,210,5.282017385155413,4.062032008564875,370.0,3022.0,2652.0,413.0,6.288947369472468,38.169762943076435,35.28499360703609,8.638578653914555,14882,232.02526542131437,217.91425883617796,14.111006585136408,449.9395242574923,24.862249697621287,203.06410428705817,178.20185458943692,27.7516462841016,13.64063969896519,Indústria
2020,3554003,Tatuí,142062.026,1047554.289,2193644.951,505364.528,4402471.045,35802.05,9549,8926,623,,,,,,1484.0,3.2268701951224306,23.794688898402512,49.82758384047475,11.479110772890955,123942,77.04410127317617,72.0175565990544,5.026544674121767,149.06165787223054,,,,11.97334236981814,6.946797695696374,Serviços
2021,3554003,Tatuí,154857.403,1324244.268,2439454.528,526084.162,5076192.938,40892.85,11259,9775,1484,15.303266872479805,14.2192974983276,623.0,9549.0,8926.0,947.0,3.050660305693841,26.087350976886764,48.05677321164107,10.363754262801427,123942,90.84087718448951,78.86753481467137,11.97334236981814,169.7084119991609,5.026544674121767,77.04410127317617,72.0175565990544,7.64067063626535,-4.332671733552791,Serviços
2020,3554102,Taubaté,30856.102,4003394.838,6491077.669,1332033.45,14698397.231,46233.73,22834,27472,-4638,,,,,,4101.0,0.20992834466959576,27.23694818613655,44.1618059914032,9.062440135926137,310739,73.48289078615817,88.40860014352882,-14.925709357370655,161.89149092968697,,,,13.19757095182774,28.1232803091984,Serviços
2021,3554102,Taubaté,29195.862,4619437.11,7062455.685,1494813.013,16199985.933,50495.56,34956,30855,4101,10.216002999517793,9.21801031411482,-4638.0,22834.0,27472.0,4120.0,0.18022152686272955,28.515068649473502,43.595443318339576,9.227248833315391,310739,112.49312123679356,99.29555028496584,13.19757095182774,211.78867152175945,-14.925709357370655,73.48289078615817,88.40860014352882,13.25871551366259,0.0611445618348494,Serviços
2020,3554201,Tejupá,61990.112,3433.807,27930.243,25722.982,121632.648,27083.64,310,383,-73,,,,,,220.0,50.965027087135354,2.823096476531531,22.962784629995063,21.14809010817556,4127,75.11509571117034,92.80348921734917,-17.688393506178823,167.9185849285195,,,,53.30748727889508,70.99588078507391,Agropecuária
2021,3554201,Tejupá,74288.846,4616.711,29408.651,25903.365,138116.334,31023.44,805,585,220,13.55202428874196,14.546789131741525,-73.0,310.0,383.0,-89.0,53.78715453018034,3.3426249208149414,21.292666948429144,18.75474409855101,4127,195.05694208868425,141.7494548097892,53.30748727889508,336.80639689847345,-17.688393506178823,75.11509571117034,92.80348921734917,-21.565301671916647,-74.87278895081172,Agropecuária
2020,3554300,Teodoro Sampaio,116236.087,79933.135,248554.958,100230.601,576546.324,24773.18,714,652,62,,,,,,35.0,20.160754159972754,13.864130542960499,43.111012533313804,17.384657021939486,22173,32.20132593695035,29.40513236819556,2.796193568754792,61.6064583051459,,,,1.5784963694583505,-1.2176971992964416,Serviços
2021,3554300,Teodoro Sampaio,125733.521,89635.136,265524.496,103985.516,627028.261,26801.81,916,881,35,8.755920365559389,8.188815485133528,62.0,714.0,652.0,111.0,20.052289317785625,14.29523062597652,42.34649576663977,16.583864311659788,22173,41.31150498353854,39.73300861408019,1.5784963694583505,81.04451359761873,2.796193568754792,32.20132593695035,29.40513236819556,5.006088485996482,3.427592116538132,Serviços
2020,3554409,Terra Roxa,32824.148,14134.032,62883.48,44877.042,160404.321,16997.38,872,801,71,,,,,,-37.0,20.46338140728765,8.811503276149276,39.20310849980157,27.97745205380097,7904,110.32388663967612,101.3410931174089,8.982793522267206,211.664979757085,,,,-4.681174089068826,-13.663967611336032,Serviços
2021,3554409,Terra Roxa,42624.259,15260.385,63207.555,45914.494,174935.246,18410.36,1072,1109,-37,9.05893613676405,8.31292822776215,71.0,872.0,801.0,53.0,24.365735307566318,8.723447875106883,36.13197251284627,26.24656554345829,7904,135.62753036437246,140.3087044534413,-4.681174089068826,275.9362348178138,8.982793522267206,110.32388663967612,101.3410931174089,6.705465587044534,11.38663967611336,Serviços
2020,3554508,Tietê,63072.546,651540.768,803897.351,201048.143,1955770.014,45999.72,4170,4248,-78,,,,,,463.0,3.22494697988554,33.313772239888735,41.1038795587138,10.279743607931193,37663,110.7187425324589,112.78974059421714,-2.070998061758224,223.50848312667603,,,,12.293232084539204,14.364230146297428,Serviços
2021,3554508,Tietê,64791.462,734290.347,854750.252,214403.526,2158402.234,50258.52,5787,5324,463,10.36073866300724,9.258317224539624,-78.0,4170.0,4248.0,300.0,3.0018251917728507,34.02008835207682,39.60106408970664,9.933436994394809,37663,153.65212542813902,141.35889334359982,12.293232084539204,295.01101877173886,-2.070998061758224,110.7187425324589,112.78974059421714,7.965377160608555,-4.327854923930649,Serviços
2020,3554607,Timburi,19766.34,2887.824,16059.395,18145.858,58140.412,21923.23,125,157,-32,,,,,,15.0,33.99759189872958,4.966982346117534,27.621742687341122,31.210404907347407,2464,50.73051948051948,63.71753246753247,-12.987012987012989,114.44805194805195,,,,6.087662337662338,19.07467532467533,Agropecuária
2021,3554607,Timburi,24316.821,2843.964,17936.369,19346.577,66301.28,25047.71,165,150,15,14.036481200030028,14.251914521719655,-32.0,125.0,157.0,-5.0,36.67624667276409,4.2894556485184,27.052824621183785,29.17979411558872,2464,66.96428571428571,60.87662337662338,6.087662337662338,127.8409090909091,-12.987012987012989,50.73051948051948,63.71753246753247,-2.029220779220779,-8.116883116883116,Agropecuária
2020,3554656,Torre de Pedra,2129.756,2021.254,13409.965,15226.376,33857.803,13979.27,26,35,-9,,,,,,-3.0,6.29029591790111,5.969832124074914,39.6067193137133,44.97154171521407,2046,12.70772238514174,17.10654936461388,-4.398826979472141,29.814271749755623,,,,-1.466275659824047,2.9325513196480943,Administração pública
2021,3554656,Torre de Pedra,2822.443,2481.025,14580.731,16230.499,37756.621,15524.93,29,32,-3,11.515271679027729,11.056800533933451,-9.0,26.0,35.0,7.0,7.475359089999077,6.571099145763071,38.617679797140745,42.987159788477896,2046,14.173998044965789,15.640273704789834,-1.466275659824047,29.814271749755623,-4.398826979472141,12.70772238514174,17.10654936461388,3.421309872922776,4.887585532746823,Administração pública
2020,3554706,Torrinha,45620.148,23178.55,103988.822,43890.229,232466.457,23117.19,670,657,13,,,,,,11.0,19.624400263475433,9.97070730079566,44.732828702250146,18.88024172020654,9335,71.77289769683985,70.38028923406534,1.3926084627745046,142.1531869309052,,,,1.1783610069630424,-0.2142474558114622,Serviços
2021,3554706,Torrinha,68706.213,27529.067,120260.732,45387.966,284592.255,28177.45,887,876,11,22.42293304276584,21.88959817348044,13.0,670.0,657.0,221.0,24.141982711370694,9.673160993084648,42.25720478584352,15.948419256876825,9335,95.01874665238353,93.84038564542048,1.1783610069630424,188.859132297804,1.3926084627745046,71.77289769683985,70.38028923406534,23.674343867166577,22.495982860203533,Serviços
2020,3554755,Trabiju,7178.824,3465.852,13612.164,15737.439,41637.987,23957.41,153,117,36,,,,,,-6.0,17.241044818040795,8.323774153635236,32.69169568644132,37.795868950148815,1682,90.96313912009512,69.5600475624257,21.40309155766944,160.52318668252082,,,,-3.5671819262782405,-24.970273483947683,Administração pública
2021,3554755,Trabiju,9226.651,4962.707,12380.141,15981.989,44919.531,25639.0,167,173,-6,7.881130276542914,7.019080944058653,36.0,153.0,117.0,-18.0,20.54039923079339,11.047993800291458,27.560708503390202,35.579153753853745,1682,99.28656361474437,102.8537455410226,-3.5671819262782405,202.14030915576691,21.40309155766944,90.96313912009512,69.5600475624257,-10.70154577883472,-7.13436385255648,Administração pública
2020,3554805,Tremembé,11373.468,149666.027,369416.552,200962.957,802050.245,16809.54,1466,1327,139,,,,,,394.0,1.4180493143543644,18.660430307580043,46.05902863354901,25.056155552947935,51173,28.6479198014578,25.931643640200885,2.716276161256913,54.579563441658685,,,,7.699372716080745,4.983096554823833,Serviços
2021,3554805,Tremembé,12195.007,180772.247,398574.987,215319.233,896633.754,18591.56,1970,1576,394,11.792716178273842,10.601241913817994,139.0,1466.0,1327.0,120.0,1.3600878781995978,20.16121367208757,44.45237369459995,24.014178814865364,51173,38.49686358040373,30.79749086432298,7.699372716080745,69.29435444472672,2.716276161256913,28.6479198014578,25.931643640200885,2.344986614034745,-5.354386102046,Serviços
2020,3554904,Três Fronteiras,21162.61,8733.423,45997.046,29685.776,110986.839,19030.67,111,140,-29,,,,,,44.0,19.067675222284688,7.868881642804514,41.44369405817567,26.747113682551138,6804,16.313932980599645,20.5761316872428,-4.262198706643151,36.890064667842445,,,,6.466784244562022,10.728982951205172,Serviços
2021,3554904,Três Fronteiras,23088.42,8711.591,52012.067,31356.597,122035.537,20839.4,186,142,44,9.954962317649208,9.504289654541864,-29.0,111.0,140.0,-13.0,18.919423446303185,7.138568989129782,42.620427031840734,25.694644175655164,6804,27.336860670194003,20.870076425631986,6.466784244562022,48.20693709582599,-4.262198706643151,16.313932980599645,20.5761316872428,-1.9106407995296883,-8.37742504409171,Serviços
2020,3554953,Tuiuti,39170.411,7226.0,95917.794,29902.351,183875.78,26354.56,135,143,-8,,,,,,-33.0,21.302648451035804,3.929826973405633,52.16445254508234,16.262256508170896,6778,19.91737975804072,21.09766892888758,-1.1802891708468577,41.015048686928296,,,,-4.868692829743287,-3.688403658896429,Serviços
2021,3554953,Tuiuti,43333.376,6697.597,86971.045,31495.348,181790.461,25756.65,170,203,-33,-1.134091178294383,-2.26871554675927,-8.0,135.0,143.0,66.0,23.836991094928788,3.6842400658195147,47.84136886038261,17.325082860095723,6778,25.08114488049572,29.94983771023901,-4.868692829743287,55.03098259073473,-1.1802891708468577,19.91737975804072,21.09766892888758,9.737385659486574,14.60607848922986,Serviços
2020,3555000,Tupã,184887.313,257920.429,1166682.414,263197.386,2039904.999,31110.34,4890,5264,-374,,,,,,47.0,9.063525658824075,12.643747092459574,57.192977838278246,12.902433502002511,63928,76.49230384182205,82.34263546489801,-5.85033162307596,158.83493930672006,,,,0.7352021023651608,6.585533725441121,Serviços
2021,3555000,Tupã,193785.747,289544.79,1243051.898,275150.707,2213337.24,33732.18,5814,5767,47,8.501976370714326,8.427551740032424,-374.0,4890.0,5264.0,472.0,8.755364681796072,13.08181983148668,56.1618842142646,12.431485904064035,63928,90.94606432236266,90.2108622199975,0.7352021023651608,181.1569265423601,-5.85033162307596,76.49230384182205,82.34263546489801,7.383306219496934,6.648104117131773,Serviços
2020,3555109,Tupi Paulista,43062.365,10219.842,176052.275,70374.629,313127.596,20094.18,700,597,103,,,,,,36.0,13.75233788081712,3.263794737529298,56.22381331091623,22.47474508762236,15854,44.15289516841175,37.6561120222026,6.496783146209158,81.80900719061437,,,,2.2707203229468904,-4.226062823262268,Serviços
2021,3555109,Tupi Paulista,43825.339,9779.23,193547.67,73728.046,340357.291,21720.31,780,744,36,8.696038084104218,8.092542218692177,103.0,700.0,597.0,310.0,12.876274479455766,2.8732247724935616,56.86602729482884,21.661955818070016,15854,49.19894033051596,46.92822000756907,2.2707203229468904,96.12716033808502,6.496783146209158,44.15289516841175,37.6561120222026,19.55342500315378,17.28270468020689,Serviços
2020,3555208,Turiúba,21690.564,2294.291,14774.316,14997.178,54999.491,27227.47,17,35,-18,,,,,,13.0,39.437754069396746,4.171476786939719,26.862641328807936,27.267848715181746,1818,9.350935093509351,19.25192519251925,-9.9009900990099,28.602860286028605,,,,7.150715071507151,17.051705170517053,Agropecuária
2021,3555208,Turiúba,21508.551,2346.69,15192.574,15777.222,56424.618,27877.78,55,42,13,2.5911639800448416,2.388433446074867,-18.0,17.0,35.0,-17.0,38.119090146077724,4.158982520714629,26.925435277204713,27.961592934488273,1818,30.25302530253025,23.1023102310231,7.150715071507151,53.35533553355336,-9.9009900990099,9.350935093509351,19.25192519251925,-9.350935093509351,-16.501650165016503,Agropecuária
2020,3555307,Turmalina,32085.506,3063.852,15489.371,15321.519,67518.184,39810.25,34,24,10,,,,,,6.0,47.52128108184901,4.537817545566688,22.941036151090792,22.692433493175706,1669,20.37147992810066,14.37986818454164,5.991611743559018,34.7513481126423,,,,3.59496704613541,-2.3966446974236075,Agropecuária
2021,3555307,Turmalina,37998.619,3096.682,15557.667,14853.303,73691.514,44206.07,23,17,6,9.143210960768734,11.04193015617838,10.0,34.0,24.0,-1.0,51.56444336318019,4.202223338768694,21.111884063068647,20.156056231929227,1669,13.780707010185742,10.18573996405033,3.59496704613541,23.96644697423607,5.991611743559018,20.37147992810066,14.37986818454164,-0.5991611743559018,-4.194128220491312,Agropecuária
2020,3555356,Ubarana,40683.446,212301.319,81395.788,35685.899,391750.732,61211.05,534,550,-16,,,,,,102.0,10.385033817881927,54.192960384819386,20.77744375471901,9.109338179870969,5365,99.53401677539608,102.51630941286112,-2.982292637465051,202.05032618825723,,,,19.0121155638397,21.99440820130475,Indústria
2021,3555356,Ubarana,37290.128,79174.59,50542.026,36674.157,212639.004,32774.2,776,674,102,-45.7208406696736,-46.45705309743912,-16.0,534.0,550.0,95.0,17.536824053220265,37.23427429146536,23.768934696477416,17.24714483707796,5365,144.64119291705498,125.6290773532153,19.0121155638397,270.27027027027026,-2.982292637465051,99.53401677539608,102.51630941286112,17.707362534948743,-1.304753028890957,Indústria
2020,3555406,Ubatuba,40763.424,284572.572,1490839.788,447337.384,2382854.689,25950.24,7188,6816,372,,,,,,1150.0,1.710697013467782,11.942506327124173,62.565283350352054,18.773170939254033,92981,77.30611630333078,73.30529893203988,4.000817371290909,150.61141523537066,,,,12.36811821770039,8.367300846409481,Serviços
2021,3555406,Ubatuba,31826.987,381498.027,1654039.192,482564.721,2705941.156,29152.88,9455,8305,1150,13.55879854912967,12.341465820740003,372.0,7188.0,6816.0,977.0,1.1761891765247243,14.09853374505532,61.12620698836808,17.833526051739465,92981,101.6874415203106,89.3193233026102,12.36811821770039,191.0067648229208,4.000817371290909,77.30611630333078,73.30529893203988,10.507523042341983,-1.860595175358407,Serviços
2020,3555505,Ubirajara,34694.062,5496.86,41299.198,30371.954,116265.509,24201.81,508,381,127,,,,,,178.0,29.84037338192877,4.727850974273032,35.52145288419113,26.122926963662113,5132,98.9867498051442,74.24006235385815,24.74668745128605,173.22681215900235,,,,34.68433359314108,9.937646141855026,Serviços
2021,3555505,Ubirajara,30979.063,5088.472,40952.197,32485.898,114467.732,23709.14,921,743,178,-1.546268549858587,-2.035674191310488,127.0,508.0,381.0,-175.0,27.06357718348084,4.445333117982978,35.776193241952235,28.379961262795007,5132,179.4621979734996,144.77786438035852,34.68433359314108,324.2400623538581,24.74668745128605,98.9867498051442,74.24006235385815,-34.09976617303195,-68.78409976617303,Serviços
2020,3555604,Uchoa,42384.051,108410.83,119238.22,49330.719,350252.392,34504.23,439,320,119,,,,,,118.0,12.10100258216081,30.952202604800483,34.043513398760744,14.084334647456167,10394,42.23590532999808,30.78699249567058,11.448912834327496,73.02289782566866,,,,11.352703482778526,-0.0962093515489694,Serviços
2021,3555604,Uchoa,38483.852,143054.14,127884.479,50079.771,401840.509,39430.92,621,503,118,14.728840738366756,14.278510200053706,119.0,439.0,320.0,99.0,9.57689708679918,35.599730937032035,31.824685698872635,12.462598936236168,10394,59.74600731191072,48.39330382913219,11.352703482778526,108.13931114104292,11.448912834327496,42.23590532999808,30.78699249567058,9.524725803348083,-1.8279776794304412,Indústria
2020,3555703,União Paulista,16349.372,2401.619,15039.899,15789.589,50742.514,27207.78,52,74,-22,,,,,,31.0,32.220264057078445,4.732952332633736,29.63964103158152,31.117080639717614,1603,32.43917654398003,46.16344354335621,-13.72426699937617,78.60262008733625,,,,19.338739862757333,33.063006862133506,Agropecuária
2021,3555703,União Paulista,20856.867,2472.881,16340.222,16201.576,57594.759,30538.05,99,68,31,13.503952523913163,12.240138666219735,-22.0,52.0,74.0,13.0,36.21313355960044,4.293586852234245,28.37102243973276,28.130295674993622,1603,61.75920149719276,42.42046163443543,19.338739862757333,104.1796631316282,-13.72426699937617,32.43917654398003,46.16344354335621,8.109794135995008,-11.228945726762324,Agropecuária
2020,3555802,Urânia,76354.475,24292.304,98328.553,35696.185,248085.574,27202.37,303,229,74,,,,,,179.0,30.777474791823245,9.791905110935632,39.634933791031315,14.388658084568833,8833,34.30318125212272,25.92550662289143,8.377674629231292,60.22868787501415,,,,20.264915657194614,11.887241027963322,Serviços
2021,3555802,Urânia,89081.036,31474.634,107196.73,37625.921,286014.199,31344.02,590,411,179,15.288524999039254,15.225327793129797,74.0,303.0,229.0,31.0,31.145669100155406,11.004570440924157,37.47951338597703,13.15526331614047,8833,66.79497339522246,46.53005773802785,20.264915657194614,113.3250311332503,8.377674629231292,34.30318125212272,25.92550662289143,3.509566398732028,-16.755349258462587,Serviços
2020,3555901,Uru,15364.155,1856.565,12244.184,14277.071,44857.595,38905.11,12,19,-7,,,,,,10.0,34.2509557188699,4.138797454477887,27.29567646236941,31.827544477139263,1387,8.651766402307137,13.6986301369863,-5.046863734679164,22.35039653929344,,,,7.209805335255948,12.25666906993511,Agropecuária
2021,3555901,Uru,15392.137,1861.27,12625.748,15184.252,46392.065,40623.52,32,22,10,3.420758513692057,4.416926208408079,-7.0,12.0,19.0,16.0,33.17838298424526,4.012043870002337,27.215317964397574,32.73027833531445,1387,23.071377072819036,15.861571737563086,7.209805335255948,38.93294881038212,-5.046863734679164,8.651766402307137,13.6986301369863,11.535688536409516,4.325883201153569,Agropecuária
2020,3556008,Urupês,113197.345,30874.189,215608.114,70175.336,465646.606,33528.7,854,833,21,,,,,,189.0,24.30971117182372,6.630390644359169,46.30294975241374,15.07051379646478,13744,62.13620488940629,60.60826542491269,1.5279394644935973,122.744470314319,,,,13.751455180442376,12.223515715948778,Serviços
2021,3556008,Urupês,96842.634,39978.607,224435.235,75254.706,483324.505,34609.7,1250,1061,189,3.796419596366607,3.224103529215272,21.0,854.0,833.0,84.0,20.036773016505755,8.271587015849736,46.43572437942082,15.570223570600875,13744,90.9487776484284,77.19732246798603,13.751455180442376,168.14610011641443,1.5279394644935973,62.13620488940629,60.60826542491269,6.111757857974389,-7.639697322467986,Serviços
2020,3556107,Valentim Gentil,24795.891,135332.399,148372.377,53693.545,399771.302,29542.66,1956,1833,123,,,,,,309.0,6.202519009230932,33.852454721724875,37.11431417355716,13.431065394483968,14098,138.74308412540788,130.0184423322457,8.724641793162151,268.7615264576536,,,,21.91800255355369,13.193360760391544,Serviços
2021,3556107,Valentim Gentil,23344.673,141998.187,160684.032,61920.349,437546.287,31863.26,1839,1530,309,9.449148753554091,7.855081431394462,123.0,1956.0,1833.0,-35.0,5.335360782069669,32.45329493562814,36.723893396905915,14.151725392198333,14098,130.44403461483898,108.52603206128528,21.91800255355369,238.97006667612428,8.724641793162151,138.74308412540788,130.0184423322457,-2.482621648460775,-24.40062420201447,Serviços
2020,3556206,Valinhos,62297.005,1520907.512,3435621.061,647193.701,6860168.075,52283.88,14908,17672,-2764,,,,,,2178.0,0.9080973573668601,22.17012025612798,50.080712650761114,9.434079368383404,126373,117.9682368860437,139.83999746781353,-21.87176058176984,257.80823435385724,,,,17.234694119788248,39.10645470155809,Serviços
2021,3556206,Valinhos,57997.585,1796025.796,3845353.053,657577.284,7969199.991,59842.76,20513,18335,2178,16.16624992092486,14.45738151032403,-2764.0,14908.0,17672.0,1688.0,0.7277717344965549,22.537090272904912,48.25268605810798,8.251484273736805,126373,162.32106541745466,145.08637129766643,17.234694119788248,307.4074367151211,-21.87176058176984,117.9682368860437,139.83999746781353,13.357283596970872,-3.877410522817376,Serviços
2020,3556305,Valparaíso,165215.442,386653.699,358793.938,135455.188,1149172.081,42844.38,1665,1632,33,,,,,,409.0,14.37691053686502,33.64628373703068,31.22195047479578,11.787197952296928,24241,68.68528526050906,67.32395528237284,1.3613299781362156,136.00924054288188,,,,16.872241244173093,15.510911266036878,Indústria
2021,3556305,Valparaíso,138004.542,449113.554,379299.013,142460.757,1236296.888,45529.09,2497,2088,409,7.58152834031478,6.266189404538003,33.0,1665.0,1632.0,135.0,11.162734723311864,36.327322211944285,30.680252994376218,11.523183337496196,24241,103.00730167897365,86.13506043480054,16.872241244173093,189.1423621137742,1.3613299781362156,68.68528526050906,67.32395528237284,5.569077183284518,-11.303164060888577,Indústria
2020,3556354,Vargem,10626.789,13033.526,70674.378,42329.922,145519.67,13610.14,316,294,22,,,,,,77.0,7.302647813865988,8.956539002596694,48.5668899606493,29.088797411374006,10512,30.060882800608827,27.968036529680365,2.0928462709284625,58.02891933028919,,,,7.324961948249619,5.232115677321157,Serviços
2021,3556354,Vargem,12805.434,13569.871,72837.108,42707.275,153401.48,14148.82,402,325,77,5.4163193195806425,3.9579313658786752,22.0,316.0,294.0,53.0,8.347660009538368,8.845984406408594,47.48135937150019,27.840197500050195,10512,38.24200913242009,30.91704718417047,7.324961948249619,69.15905631659056,2.0928462709284625,30.060882800608827,27.968036529680365,5.041856925418569,-2.2831050228310508,Serviços
2020,3556404,Vargem Grande do Sul,53680.205,161993.769,634340.968,169531.806,1140997.964,26467.13,3837,3535,302,,,,,,-231.0,4.704671409913226,14.197551100976375,55.595276066592525,14.8582040765149,40133,95.60710637131538,88.08212692796452,7.524979443350858,183.6892332992799,,,,-5.755861759649167,-13.280841203000026,Serviços
2021,3556404,Vargem Grande do Sul,59764.36,221264.678,670165.935,174876.449,1287338.885,29684.07,3919,4150,-231,12.825695191161635,12.154472358733258,302.0,3837.0,3535.0,548.0,4.642472987988707,17.18775689743886,52.05823756345246,13.584336730417338,40133,97.65031271023844,103.40617446988762,-5.755861759649167,201.05648718012608,7.524979443350858,95.60710637131538,88.08212692796452,13.6545984601201,19.410460219769263,Serviços
2020,3556453,Vargem Grande Paulista,46258.69,518099.548,1162842.028,257353.998,2398460.361,44857.87,4312,4070,242,,,,,,1006.0,1.928682697958501,21.601338776513558,48.4828537051649,10.729966697998725,50415,85.53010016860061,80.72994148566895,4.800158682931667,166.26004165426954,,,,19.95437865714569,15.154219974214024,Serviços
2021,3556453,Vargem Grande Paulista,43369.001,641802.059,1368881.741,275206.948,2898202.787,53359.16,6244,5238,1006,20.83596769519427,18.95161317289476,242.0,4312.0,4070.0,802.0,1.496410161308702,22.144829267255826,47.23208973299493,9.495779564992874,50415,123.85202816622038,103.89764950907468,19.95437865714569,227.74967767529503,4.800158682931667,85.53010016860061,80.72994148566895,15.907963899633046,-4.046414757512643,Serviços
2020,3556503,Várzea Paulista,2598.187,906975.904,1347517.719,456189.012,3139965.925,25513.45,6803,6399,404,,,,,,1150.0,0.08274570686622977,28.884896386256166,42.91504274843365,14.528470145738922,115771,58.76255711706732,55.27290945055325,3.4896476665140663,114.03546656762056,,,,9.933403011116772,6.443755344602707,Serviços
2021,3556503,Várzea Paulista,2910.654,1326933.945,1594687.474,484951.255,3965839.453,31913.34,9585,8435,1150,26.301990140227403,25.084377063862394,404.0,6803.0,6399.0,803.0,0.07339313743016515,33.459093862113534,40.21059079418059,12.228211977495802,115771,82.79275466222111,72.85935165110433,9.933403011116772,155.65210631332545,3.4896476665140663,58.76255711706732,55.27290945055325,6.936106624284147,-2.997296386832627,Serviços
2020,3556602,Vera Cruz,20569.929,7487.451,113799.506,46082.982,203958.078,18844.87,273,261,12,,,,,,36.0,10.0853710731673,3.6710735232560876,55.7955375515943,22.594340195733754,10176,26.827830188679247,25.64858490566038,1.1792452830188678,52.47641509433962,,,,3.537735849056604,2.358490566037736,Serviços
2021,3556602,Vera Cruz,23928.208,8141.643,136683.118,48491.658,240193.45,22231.9,367,331,36,17.766088186024188,17.973220298150117,12.0,273.0,261.0,45.0,9.962056833772943,3.389619075790784,56.90543101820636,20.188584659573355,10176,36.06525157232705,32.52751572327044,3.537735849056604,68.5927672955975,1.1792452830188678,26.827830188679247,25.64858490566038,4.422169811320755,0.884433962264151,Serviços
2020,3556701,Vinhedo,14670.319,3046860.946,4553885.233,529492.768,10493524.608,130987.31,12741,12256,485,,,,,,3409.0,0.1398035412126038,29.035629684206864,43.39709871674797,5.045900093437891,76540,166.46198066370525,160.12542461458062,6.336556049124641,326.5874052782858,,,,44.53880324013588,38.20224719101124,Serviços
2021,3556701,Vinhedo,14330.505,3476251.858,5428696.996,554172.339,12557908.972,154054.53,18424,15015,3409,19.67293584489396,17.610270796461116,485.0,12741.0,12256.0,1687.0,0.11411537567243325,27.681773022490418,43.22930679067834,4.412934830437311,76540,240.71073948262347,196.1719362424876,44.53880324013588,436.8826757251111,6.336556049124641,166.46198066370525,160.12542461458062,22.0407629997387,-22.498040240397177,Serviços
2020,3556800,Viradouro,32577.416,39930.951,189715.202,85429.013,374065.832,19670.08,1292,1203,89,,,,,,250.0,8.709006066076626,10.674845865098954,50.717062551706135,22.837962115716575,17414,74.19317790283681,69.08234753646492,5.110830366371885,143.27552543930173,,,,14.356265074078328,9.245434707706444,Serviços
2021,3556800,Viradouro,42303.844,60045.235,209493.978,90416.126,443704.352,23190.53,1520,1270,250,18.61664820538862,17.89748694463875,89.0,1292.0,1203.0,28.0,9.53424139504496,13.5327126563771,47.214767458490016,20.377561227977317,17414,87.28609165039623,72.9298265763179,14.356265074078328,160.21591822671414,5.110830366371885,74.19317790283681,69.08234753646492,1.6079016882967727,-12.748363385781555,Serviços
2020,3556909,Vista Alegre do Alto,39167.901,129059.548,140936.848,43317.452,404136.595,44959.02,2189,2188,1,,,,,,79.0,9.691748157575288,31.934635367529633,34.87356743825686,10.718517584382578,8109,269.9469724996917,269.82365273153283,0.1233197681588358,539.7706252312246,,,,9.742261684548032,9.618941916389195,Serviços
2021,3556909,Vista Alegre do Alto,33887.394,150924.149,144839.52,45133.927,425057.809,46388.5,2078,1999,79,5.1767680182488895,3.179517703010437,1.0,2189.0,2188.0,401.0,7.972420052633359,35.50673480274774,34.075252102943956,10.618303215316297,8109,256.2584782340609,246.51621654951288,9.742261684548032,502.77469478357386,0.1233197681588358,269.9469724996917,269.82365273153283,49.45122703169319,39.70896534714515,Indústria
2020,3556958,Vitória Brasil,7301.801,1914.301,17585.101,13928.346,42972.334,23278.62,44,15,29,,,,,,-20.0,16.991865045077606,4.45472894257966,40.921912689219994,32.412356284859925,1794,24.52619843924192,8.361204013377925,16.16499442586399,32.88740245261984,,,,-11.148272017837236,-27.313266443701227,Serviços
2021,3556958,Vitória Brasil,7651.375,1930.555,18826.427,13865.715,45178.636,24394.51,24,44,-20,5.134238228717103,4.793626082645797,29.0,44.0,15.0,-5.0,16.935825596859544,4.27315910998287,41.67108320844392,30.6908668070457,1794,13.377926421404682,24.52619843924192,-11.148272017837236,37.9041248606466,16.16499442586399,24.52619843924192,8.361204013377925,-2.787068004459309,8.361204013377927,Serviços
2020,3557006,Votorantim,2005.246,784849.353,1707371.021,509302.858,3412629.751,27610.5,6711,7242,-531,,,,,,1605.0,0.058759553374121656,22.99837398915063,50.030948141962675,14.924058428862944,127923,52.46124621842827,56.61218076499144,-4.150934546563167,109.07342698341972,,,,12.546610070120307,16.697544616683473,Serviços
2021,3557006,Votorantim,3661.49,932430.123,1897868.436,549536.002,3919236.248,31487.9,9774,8169,1605,14.845047191291382,14.043208199779066,-531.0,6711.0,7242.0,1154.0,0.09342355929343302,23.791118064796997,48.42444588453908,14.021507437333744,127923,76.40533758589152,63.85872751577121,12.546610070120307,140.26406510166274,-4.150934546563167,52.46124621842827,56.61218076499144,9.02105172642918,-3.5255583436911277,Serviços
2020,3557105,Votuporanga,53897.482,579082.429,2055438.376,380249.953,3378182.13,35433.74,11640,10869,771,,,,,,322.0,1.595458146597916,17.141835659405373,60.84451035800134,11.256052467484931,96634,120.45449841670631,112.47594014529048,7.978558271415857,232.9304385619968,,,,3.332160523211292,-4.646397748204565,Serviços
2021,3557105,Votuporanga,63921.381,720558.066,2277197.924,387363.358,3862539.651,40190.41,11499,11177,322,14.337815498420149,13.424126270611026,771.0,11640.0,10869.0,-506.0,1.654905496787611,18.655033504017222,58.95597533634225,10.028721851430387,96634,118.99538464722562,115.66322412401432,3.332160523211292,234.65860877123995,7.978558271415857,120.45449841670631,112.47594014529048,-5.236252250760602,-8.568412773971893,Serviços
2020,3557154,Zacarias,51589.33,9286.344,27144.545,21290.393,112917.941,41031.23,128,118,10,,,,,,61.0,45.68745191696331,8.223975674512166,24.039178149732642,18.854747803097116,2692,47.5482912332838,43.8335809806835,3.714710252600297,91.3818722139673,,,,22.65973254086181,18.945022288261512,Agropecuária
2021,3557154,Zacarias,60922.172,13184.488,29175.66,21355.46,130188.73,46763.19,184,123,61,15.294991076750142,13.969749383579288,10.0,128.0,118.0,13.0,46.795273292857225,10.127211472145092,22.410280828455736,16.403462880389107,2692,68.35066864784547,45.69093610698365,22.65973254086181,114.04160475482912,3.714710252600297,47.5482912332838,43.8335809806835,4.829123328380387,-17.830609212481423,Agropecuária
2020,3557204,Chavantes,29938.739,14764.544,118465.844,60257.214,239832.593,19313.3,708,610,98,,,,,,597.0,12.483181966848019,6.156187453637713,49.395222942029406,25.12469770945603,12211,57.98050937679142,49.954958643845714,8.025550732945705,107.93546802063712,,,,48.89034477110802,40.86479403816232,Serviços
2021,3557204,Chavantes,26826.392,20929.378,129521.785,64975.589,266344.771,21448.28,1402,805,597,11.05445163577079,11.054454702200031,98.0,708.0,610.0,75.0,10.07205506580041,7.858002213229108,48.62937031341231,24.395293647420623,12211,114.81451150601916,65.92416673491115,48.89034477110802,180.7386782409303,8.025550732945705,57.98050937679142,49.954958643845714,6.142003111948243,-42.74834165915978,Serviços
2020,3557303,Estiva Gerbi,66967.836,86614.21,111890.015,55279.742,347562.484,30469.23,497,775,-278,,,,,,181.0,19.26785515780811,24.920471566200455,32.1927768820987,15.904979548943492,11295,44.00177069499778,68.61443116423196,-24.61266046923417,112.61620185922976,,,,16.024789729969015,40.63745019920319,Serviços
2021,3557303,Estiva Gerbi,55493.171,92781.439,133306.477,60521.225,389432.135,33843.06,871,690,181,12.046654321874396,11.072908636023948,-278.0,497.0,775.0,111.0,14.249766779005025,23.824803004508087,34.23099046512944,15.540891354536008,11295,77.1137671536078,61.08897742363878,16.024789729969015,138.20274457724656,-24.61266046923417,44.00177069499778,68.61443116423196,9.827357237715804,-6.197432492253212,Serviços
