codigo_ibge,municipio,setor_dominante,saldo_por_1000_hab_2020,participacao_agro_pct,participacao_industria_pct,participacao_servicos_pct,participacao_adm_publica_pct,saldo_por_1000_hab_2021,variacao_saldo_1000_2021
3500105,Adamantina,Serviços,-9.830772335457088,3.252854872419294,13.104122288206582,58.09050933046108,18.04266326371339,23.438175685415285,33.26894802087237
3500204,Adolfo,Agropecuária,5.05630889450701,35.348818245163876,15.091962298143901,31.06508789853597,15.712918320076769,-20.68490002298322,-25.741208917490233
3500303,Aguaí,Serviços,6.080069842853579,9.707941992806829,27.733170137413477,34.615610643601194,13.149850027853136,13.84385133449738,7.763781491643801
3500402,Águas da Prata,Serviços,-6.106663047903379,11.683518946757566,13.333695830377396,50.58758692402287,18.23312840877748,17.912878273849913,24.01954132175329
3500501,Águas de Lindóia,Serviços,-12.8276631344116,1.4580135210850227,6.333086004313006,62.99339579056734,22.930124071285682,23.312883435582823,36.14054656999442
3500550,Águas de Santa Bárbara,Serviços,5.155357391667828,32.116562884284974,5.037835404082846,38.10544462656764,19.488217996565755,29.120802563745297,23.96544517207747
3500600,Águas de São Pedro,Serviços,-39.20863309352518,0.0,9.53853432695738,65.56775374913258,20.139106878108322,13.669064748201436,52.877697841726615
3500709,Agudos,Indústria,7.059447983014862,2.863133773035347,41.05831214283437,32.562742215327816,9.129617761417,13.561571125265392,6.50212314225053
3500758,Alambari,Serviços,5.37371763556424,31.3408385108209,8.136672069316155,31.83677593027528,24.222412739090526,11.235955056179774,5.862237420615534
3500808,Alfredo Marcondes,Serviços,103.71203599550056,6.49881974011527,17.808708685111675,30.147820708831485,21.771173808704944,-42.2947131608549,-146.00674915635545
3500907,Altair,Agropecuária,9.852216748768472,39.11099904641406,4.395568022186376,22.719493307851877,25.07049883785572,-2.028397565922921,-11.880614314691393
3501004,Altinópolis,Serviços,7.0757521702937325,38.96473723213949,3.517054677395637,41.221551013160095,11.342805787512734,7.55143298846474,0.47568081817100794
3501103,Alto Alegre,Agropecuária,2.6034886748242645,33.377191042966714,8.11963315228914,31.487483436854262,21.897446254574156,4.946628482166103,2.3431398073418386
3501152,Alumínio,Indústria,12.369227212299869,0.05229894227393726,44.45266685674678,25.335299428450696,4.752017495887561,10.404022888850356,-1.9652043234495125
3501202,Álvares Florence,Agropecuária,-0.2554278416347382,43.75968103283411,3.925435056139407,27.38226066433407,22.106561551142033,3.3205619412515963,3.5759897828863343
3501301,Álvares Machado,Serviços,-6.7143643368189325,4.518340026569569,16.858947853925386,48.64563067332755,17.5535915633838,6.347459181801504,13.061823518620436
3501400,Álvaro de Carvalho,Administração pública,-1.0399334442595674,16.414060106780386,6.390180649485831,32.42459610488307,41.54364023641301,1.8718801996672212,2.9118136439267888
3501509,Alvinlândia,Administração pública,0.6932409012131716,26.10048043882952,5.799923007488704,28.855636261805113,36.60123403430336,9.01213171577123,8.31889081455806
3501608,Americana,Serviços,-3.47749114820435,0.12339070010839331,24.506527992244912,52.912999731903874,9.226595698988623,29.160343955488116,32.63783510369247
3501707,Américo Brasiliense,Serviços,24.19818892153003,1.7664620396124708,29.727146093931232,41.550081820412835,17.410873620520093,10.751385565886308,-13.446803355643722
3501806,Américo de Campos,Serviços,-6.303236797274276,25.55696374557104,3.4871330578916226,39.231163156506724,28.624891584106116,1.192504258943782,7.495741056218058
3501905,Amparo,Indústria,12.175038230796378,2.0978843982820887,39.77823309243148,37.67311391468796,7.688827263679314,10.29290671685684,-1.8821315139395374
3502002,Analândia,Serviços,9.152320767051645,18.362779947106343,29.40258608108514,31.808173787933818,17.03497109600952,131.6190891261713,122.46676835911965
3502101,Andradina,Serviços,-0.5018148972115819,6.58240934819601,28.155106270884545,46.03683415820497,10.9814103493468,17.09516083167456,17.59697572888614
3502200,Angatuba,Serviços,8.533843976355008,12.07765593549808,34.98279231305055,35.30136251107399,9.352792000148726,-8.200815918741155,-16.734659895096165
3502309,Anhembi,Agropecuária,-5.2872752908001415,29.72964032198521,12.407707914811722,27.327494612984804,24.494382554597998,17.800493479027143,23.087768769827285
3502408,Anhumas,Agropecuária,0.248570718369376,31.681319292959458,7.1060776285266245,29.764472274716592,28.410007604358224,3.728560775540642,3.479990057171266
3502507,Aparecida,Serviços,-46.82366667690135,0.265859033441909,4.194494138132606,72.93275723299737,17.975203872080257,15.229205686388898,62.05287236329025
3502606,Aparecida d'Oeste,Serviços,2.4473813020068524,14.439742739502654,29.615031546993887,33.80086096568071,14.788158891249223,-11.747430249632892,-14.194811551639745
3502705,Apiaí,Serviços,10.453528574333944,21.55241329092153,23.79774232794808,32.57859317920328,15.26516292406389,31.848688224527155,21.39515965019321
3502754,Araçariguama,Serviços,5.018120992472818,0.05166739899223069,25.81627264255767,48.98338430813672,3.986182146676489,30.712759037264195,25.694638044791375
3502804,Araçatuba,Serviços,2.323559393176231,1.6875895164929438,15.053684473952872,64.41166078522994,9.170051166111344,4.547180747936279,2.223621354760048
3502903,Araçoiaba da Serra,Serviços,2.928212557408377,3.0697128501854363,28.163329837954382,43.9835721171948,15.454118636220059,18.216564436087907,15.28835187867953
3503000,Aramina,Serviços,-2.029520295202952,24.482620377138538,2.771690389647265,47.44052490763524,19.376337960805564,-2.5830258302583027,-0.5535055350553506
3503109,Arandu,Agropecuária,3.631082062454612,46.98187393139621,5.049724182847341,27.077015274559706,17.986209205416213,-7.407407407407407,-11.03848946986202
3503158,Arapeí,Administração pública,0.4291845493562231,6.238007604498127,4.630729676332609,39.695715504966934,46.27978682107359,2.575107296137339,2.145922746781116
3503208,Araraquara,Serviços,-4.033390029228661,1.091481440469532,17.16778291027004,59.79050978435553,11.25775850217038,19.25458658784286,23.28797661707152
3503307,Araras,Serviços,-0.6953677807833967,2.2787881131961387,22.90551278177403,53.6736687116474,9.255121234668293,8.481958644720555,9.177326425503951
3503356,Arco-Íris,Agropecuária,9.784735812133071,55.22003747352198,5.2281148846018075,18.606398844955805,18.832237855160457,34.24657534246575,24.461839530332682
3503406,Arealva,Serviços,11.68511685116851,35.059346536118206,7.988197874371073,36.1179142073453,16.781554690050168,19.68019680196802,7.995079950799509
3503505,Areias,Administração pública,6.429969247973162,13.041943274212658,2.917586420985497,36.64165663945788,43.97059914622876,9.784735812133071,3.3547665641599096
3503604,Areiópolis,Serviços,2.3692003948667324,12.87288271633788,7.3327658028319735,41.52286628540825,33.856751520258086,-5.330700888450148,-7.699901283316881
3503703,Ariranha,Serviços,-71.69166008945015,2.391308218195381,17.911299849434965,56.50892167872513,4.815982371736592,-41.04183109707972,30.64982899237043
3503802,Artur Nogueira,Serviços,2.973414179104477,12.694654157815775,15.805302311182912,42.93756088013817,16.465114066368976,15.46952736318408,12.496113184079602
3503901,Arujá,Serviços,0.6806802187406262,0.5601177377634827,13.665134422201245,63.372955562147446,5.536637068683459,20.904958582339237,20.22427836359861
3503950,Aspásia,Administração pública,0.5428881650380022,25.533277936080378,5.380099752457811,29.85063562425701,36.198432710727225,0.0,-0.5428881650380022
3504008,Assis,Serviços,0.1774990385468745,1.6061568041722312,16.10214388741108,59.968579760841955,12.208173064301665,11.803686063367156,11.62618702482028
3504107,Atibaia,Serviços,-1.2165373439144769,3.8654545980934762,21.28634449725408,49.23775770726596,9.14760848255225,18.55061866912075,19.76715601303523
3504206,Auriflama,Serviços,-10.809231668127374,9.784510596002042,9.098636700089441,54.71877725598333,21.135442457643368,19.35436751387672,30.163599182004095
3504305,Avaí,Agropecuária,25.206335043497656,66.20979146874008,3.180635733889047,20.29672382960146,7.957807130220336,-24.537140307829574,-49.743475351327234
3504404,Avanhandava,Indústria,3.995383112847376,9.856457195276317,36.92574496575203,31.37174495991705,12.941239355093352,5.504750066589718,1.5093669537423424
3504503,Avaré,Serviços,-2.61839340552772,5.6237020077660365,14.002047458618419,57.04038835626679,14.766735088117416,10.150315176983998,12.768708582511717
3504602,Bady Bassitt,Serviços,19.442406456346298,3.8750495612580584,16.56811618226203,53.296267371057404,18.285925697569112,13.05942773294204,-6.382978723404257
3504701,Balbinos,Administração pública,-8.232570105479805,23.168431557076843,8.255386092279316,22.403218408397077,43.16773570768125,-2.0581425263699518,6.174427579109853
3504800,Bálsamo,Serviços,1.3547311379741558,13.957147486399837,14.381983090586772,46.45048385628754,17.367734544929,-0.8336807002917883,-2.188411838265944
3504909,Bananal,Serviços,-1.2037315678603673,5.232377791473642,16.817118256408886,44.95151120682693,27.631511201924848,6.620523623232019,7.824255191092386
3505005,Barão de Antonina,Agropecuária,3.9648824695553673,34.18578211625312,4.019359390181008,29.68184175613089,29.848813986824887,5.380911922967997,1.41602945341263
3505104,Barbosa,Serviços,-0.7092198581560284,20.88337959711927,3.4849598888494064,43.71659655156198,27.142074274486326,21.099290780141843,21.80851063829787
3505203,Bariri,Serviços,-4.747586643456243,4.156836501209969,24.27923708982142,47.70975559785006,12.082874413726021,8.672258268713405,13.419844912169648
3505302,Barra Bonita,Serviços,-9.666336691317769,0.9773460873959043,27.771072080534477,49.43321550537988,12.392654435619335,9.28783555581436,18.954172247132128
3505351,Barra do Chapéu,Agropecuária,-0.1930874686232863,58.42554455425866,3.5883206422797076,17.867891454211335,18.04297286194049,16.026259895732768,16.219347364356054
3505401,Barra do Turvo,Serviços,2.617801047120419,4.038907389596163,4.827891200999365,44.836690221788785,39.09238323184895,1.7452006980802792,-0.8726003490401399
3505500,Barretos,Serviços,7.013103645344328,4.595466432811078,19.3434032687852,55.98835729615487,11.438226495342722,7.94382985671715,0.9307262113728214
3505609,Barrinha,Serviços,5.640034899663467,4.8861557101722415,15.270663430971352,46.17446485337691,27.5909270305565,12.80693007603141,7.166895176367943
3505708,Barueri,Serviços,32.9032808486032,0.0008159500839076019,10.505413120642759,62.23830819114538,4.479429275501171,106.09435876046298,73.19107791185978
3505807,Bastos,Agropecuária,-8.231409570757569,41.907477012610656,10.482608296707708,31.24831829616347,10.682642690487008,-3.906431660698507,4.3249779100590615
3505906,Batatais,Serviços,1.6266566213485838,9.850596941521676,17.165077879272374,49.454533799781125,14.402218165867604,14.70840039724667,13.081743775898087
3506003,Bauru,Serviços,4.990162101143095,0.3312011241051223,16.214269579190496,63.694979605269396,9.879828669294536,15.054886508099782,10.064724406956687
3506102,Bebedouro,Serviços,-28.819085278828904,3.078487064437952,10.063672875853761,63.06793562615107,10.845271269519907,30.272478493708512,59.09156377253741
3506201,Bento de Abreu,Indústria,11.511895625479662,20.46730541007915,33.37489753209105,26.645775230925768,11.290137787231625,-3.837298541826554,-15.349194167306216
3506300,Bernardino de Campos,Serviços,9.735504436977685,10.555528394750878,21.037528942755763,41.54862876107419,18.558425003370562,31.877315413112772,22.141810976135087
3506359,Bertioga,Serviços,3.941546706549511,0.39370401416386247,7.463335799362322,63.91913694142358,22.509706399885356,19.98815978064436,16.04661307409485
3506409,Bilac,Agropecuária,5.601858177346632,40.60959118725885,3.6237256715387964,38.06823159896979,13.803141256275275,7.924579860636698,2.322721683290067
3506508,Birigui,Serviços,-3.000529505206801,1.979527000077218,15.991322223384143,58.089729391083864,14.409213717931152,10.018574706460804,13.019104211667605
3506607,Biritiba Mirim,Agropecuária,0.5727183909982144,50.493480897697665,4.740928562546985,28.952551619315763,12.766317746167946,8.927669036148638,8.354950645150423
3506706,Boa Esperança do Sul,Serviços,0.3852673755586377,26.91515091746059,8.396560544885181,38.42057855376476,20.133929853988626,14.254892895669592,13.869625520110954
3506805,Bocaina,Serviços,2.664535038635758,12.693207903077042,11.516336390747279,42.32477055018059,26.887996384350206,9.325872635225153,6.661337596589394
3506904,Bofete,Serviços,7.361376673040153,14.487565079028569,14.72415692612507,40.388037231459755,25.066192237614075,32.122370936902485,24.76099426386233
3507001,Boituva,Serviços,-5.795582914490595,0.952147478865523,30.858514661076835,43.751118027100325,10.644844035542766,22.478348422586404,28.273931337077
3507100,Bom Jesus dos Perdões,Serviços,8.452240298100518,1.2089761985466063,35.7184992055892,38.765860998750924,9.57163630653399,6.589112060347178,-1.8631282377533402
3507159,Bom Sucesso de Itararé,Administração pública,-40.22503516174402,11.344515216426824,19.86332254886008,30.475034015040663,34.07778111281651,0.8438818565400844,41.068917018284104
3507209,Borá,Indústria,90.40793825799338,19.526889460359577,29.073460732168204,27.531144734772596,16.908695811515067,44.10143329658214,-46.30650496141124
3507308,Boracéia,Indústria,-3.393425238600212,3.6068144296247744,47.12212867755963,33.01225020258573,6.085773224107491,40.50901378579003,43.90243902439025
3507407,Borborema,Serviços,9.911429776465626,21.98500300904528,7.19466042804699,47.44548091885458,16.589328588712664,5.62350625615071,-4.287923520314916
3507456,Borebi,Serviços,-4.054552156284556,28.171928802754607,4.690391646769497,31.430338450888147,30.02152847152412,-29.119056395134532,-25.064504238849977
3507506,Botucatu,Serviços,-1.818745478970756,3.3053936514813858,25.75125976639871,52.23976791657912,9.981373849391355,9.69997588784403,11.518721366814786
3507605,Bragança Paulista,Serviços,1.9795148491892471,1.0484488228830489,23.308160575315146,52.73590522404321,10.395731215645188,12.815944709322384,10.836429860133137
3507704,Braúna,Serviços,-4.107542942494399,24.809410988880142,7.972372087645117,37.149794427393765,26.180039346873286,-3.1740104555638537,0.9335324869305457
3507753,Brejo Alegre,Serviços,-8.966861598440545,20.932324492600358,6.509975084621667,34.838824754074324,33.9180774072156,-11.306042884990251,-2.3391812865497066
3507803,Brodowski,Serviços,-11.586841791992384,9.135611065954622,17.29752225083989,47.89241932183445,15.066135197109935,14.285147414785127,25.871989206777513
3507902,Brotas,Serviços,-10.75403799481128,9.483520655479628,23.913538532899416,44.19752241350441,12.855036214725986,13.432086367060004,24.186124361871286
3508009,Buri,Agropecuária,6.419753086419752,40.12326959304318,7.45004788834853,32.943600699823975,13.914617907020968,13.876543209876544,7.456790123456792
3508108,Buritama,Serviços,-1.1040092969203952,8.624931704016344,35.5079791456325,38.51017044422192,11.588322267201631,5.694363742010459,6.798373038930855
3508207,Buritizal,Indústria,-60.8356290174472,18.368458089637286,42.125550533804606,21.30613815055238,13.861805592328686,16.069788797061527,76.90541781450872
3508306,Cabrália Paulista,Serviços,23.261223540358223,16.324456139928316,16.353604557719766,32.732672648065,30.09410452415925,22.79599906955106,-0.4652244708071649
3508405,Cabreúva,Serviços,1.4890132096743314,0.4921779654014695,26.791351854926337,46.53360491148244,5.13525557573007,18.038331454340472,16.54931824466614
3508504,Caçapava,Serviços,-5.436477412112014,0.47999168714568385,35.49792690773174,40.584313399932476,8.979847327492003,17.54641275649155,22.98289016860356
3508603,Cachoeira Paulista,Serviços,-3.2948929159802307,2.9132158531879324,8.63290599641813,60.29448930495855,22.965233501422233,3.86516284374604,7.160055759726271
3508702,Caconde,Serviços,1.871235600257295,33.73542350394892,10.882402606175498,34.84488581084127,17.052739446255448,5.672182913279925,3.80094731302263
3508801,Cafelândia,Serviços,-11.288579320283416,18.52401461678027,20.638230880328294,37.9285139230379,14.364537862884264,26.42007926023778,37.708658580521195
3508900,Caiabu,Administração pública,-1.3469827586206895,27.71657190619099,5.750764496426419,30.330284660816957,33.442615767048125,5.387931034482759,6.734913793103448
3509007,Caieiras,Serviços,4.966748042764543,0.07265884131482143,34.41146355021859,40.41352743790144,10.855708125637538,-1.1154137553666137,-6.082161798131157
3509106,Caiuá,Administração pública,1.4635931211123308,29.86385754864903,3.2482515550919793,26.62007815570374,36.64317371094287,0.3658982802780827,-1.0976948408342482
3509205,Cajamar,Serviços,80.51656615132325,0.0015140464656191019,12.686361242480231,64.92567851142935,2.1971682118724742,1.4133284424257464,-79.1032377088975
3509254,Cajati,Indústria,-14.939505523408732,12.799991759141434,36.92510302962827,28.058068649822722,8.901077477832846,29.1074872873926,44.046992810801335
3509304,Cajobi,Serviços,1.6423957078725502,17.248435909196985,4.795752056511919,44.6054496237905,28.083425336385616,5.474652359575168,3.8322566517026173
3509403,Cajuru,Serviços,3.650860260176248,19.64751716081322,15.077138118645838,37.811320184612796,17.58845875678033,18.29626521191775,14.6454049517415
3509452,Campina do Monte Alegre,Serviços,2.5193147463889822,21.536095991505476,10.10571517062342,39.289742201044156,23.785004652954907,-0.8397715821296607,-3.359086328518643
3509502,Campinas,Serviços,-5.31233566305868,0.25339686103118014,14.88319220746373,58.82120440836831,7.571584223068942,20.013221579091997,25.325557242150676
3509601,Campo Limpo Paulista,Serviços,-3.6325226710634793,0.49575300293766494,27.438268739868526,43.79128069794183,16.00811907931945,9.673845836768342,13.30636850783182
3509700,Campos do Jordão,Serviços,-11.41056754800528,0.48631698638470144,9.814127782884302,63.980274067915765,19.756523140145994,17.86094435219483,29.27151190020011
3509809,Campos Novos Paulista,Agropecuária,10.024549918166938,44.743281630140196,6.594380946276476,29.941052228993374,14.383031770338572,31.096563011456627,21.07201309328969
3509908,Cananéia,Serviços,-2.6853283424200507,13.852153358216022,9.349648572805519,45.569572775990814,26.759167393102608,6.754007649117097,9.439335991537147
3509957,Canas,Serviços,-10.13993104846887,1.836425699262692,13.151497992140246,46.30903291525466,28.101343965117227,20.07706347596837,30.21699452443724
3510005,Cândido Mota,Serviços,11.341641481883936,8.602731184545071,17.22649530066133,54.58056447246752,9.149258588024093,18.20095758769398,6.859316105810045
3510104,Cândido Rodrigues,Serviços,53.99792315680166,28.597235188389092,14.228744487588173,35.50847574314543,15.412500967089793,-59.5361716857044,-113.53409484250606
3510153,Canitar,Indústria,0.1591596371160273,6.416600433158391,36.62608560403756,29.29538342964546,19.659135595820377,5.411427661944931,5.252268024828903
3510203,Capão Bonito,Serviços,7.229643697261368,23.824664337591578,8.975641427865682,43.48352308222923,18.568685356135656,12.106955564667544,4.877311867406176
3510302,Capela do Alto,Serviços,11.76419137584186,10.608967351874075,9.983950367908765,43.722802763832945,29.46608726386603,25.6713023703315,13.90711099448964
3510401,Capivari,Serviços,-3.4752736278661023,2.4173540501941826,32.955151181912385,39.44864009848623,11.753829682024652,17.256531117679955,20.731804745546057
3510500,Caraguatatuba,Serviços,-4.270684273353451,0.4046400498082342,15.491682989034466,59.290705590451275,18.662315679820352,12.411676169433468,16.68236044278692
3510609,Carapicuíba,Serviços,-1.4677609410208174,0.004818454049726487,13.057717046035217,58.59991474397515,19.72989878946363,3.5608707336737435,5.0286316746945605
3510708,Cardoso,Serviços,-2.2917584839136182,24.40705645732439,5.597464327392754,45.88025234061746,20.002987480643185,1.3221683561040103,3.6139268400176285
3510807,Casa Branca,Serviços,17.448278317843535,24.495179953768716,9.938756167095862,43.87377281672031,13.720795292535342,9.471922515400776,-7.976355802442759
3510906,Cássia dos Coqueiros,Agropecuária,-2.143622722400857,71.97327638279462,3.184824062847797,15.283573208614648,8.3369535096332,0.7145409074669524,2.8581636298678097
3511003,Castilho,Serviços,6.507483606147069,9.319203095896155,35.30673393000234,35.45686792959078,10.53713754775147,11.262952395254542,4.755468789107473
3511102,Catanduva,Serviços,34.65727042688982,1.2417393821366502,19.825177690492183,60.305095180249026,10.105583365128473,10.75213099463689,-23.905139432252934
3511201,Catiguá,Serviços,0.2855918891903469,16.454685888613792,5.0841254841472345,47.40716058677888,25.21940018334721,13.422818791946307,13.13722690275596
3511300,Cedral,Serviços,-48.73989538754161,7.538072077055028,29.60488217303216,37.116641872569986,13.592312927473671,18.624187668410205,67.36408305595181
3511409,Cerqueira César,Serviços,8.29102426754856,13.156698221539312,25.386877047342555,41.93990428075087,11.20834174038508,5.030509106153057,-3.260515161395502
3511508,Cerquilho,Serviços,5.056494014990491,3.354947605698031,27.828315783239532,43.453844445875504,10.326698899786175,19.95748965208636,14.900995637095868
3511607,Cesário Lange,Serviços,5.617387652246955,9.730781291284837,18.221091932942976,47.74392994182115,15.704318142000728,103.73792524149516,98.1205375892482
3511706,Charqueada,Serviços,-1.5448986160283231,4.774430952840556,29.42082881028651,39.594778720123244,16.325505989906137,9.140650144834243,10.685548760862567
3511904,Clementina,Serviços,21.9134918361501,16.34605208368192,6.470616260542227,44.65923208493398,27.316452605557828,2.2916069894013176,-19.621884846748785
3512001,Colina,Serviços,1.73103970572325,6.557070171955612,31.225246846529064,41.84412089107109,8.855981065321835,35.21583901330737,33.48479930758412
3512100,Colômbia,Agropecuária,-187.20772363855784,35.50385525651109,19.72700139235482,24.729281248028276,13.281979441257247,12.822446824558758,200.0301704631166
3512209,Conchal,Serviços,10.497847051706346,6.277506823621451,27.24108373567135,40.58387894795066,15.340631622057943,2.562186399060532,-7.935660652645814
3512308,Conchas,Serviços,-13.655462184873947,18.37303591476752,6.768802062389774,46.388225258195945,22.11016847898484,12.867647058823527,26.523109243697476
3512407,Cordeirópolis,Serviços,15.705311250713876,1.59537181393423,27.606393076694324,50.89393691493177,5.256831353452974,30.594762176715346,14.88945092600147
3512506,Coroados,Agropecuária,23.148148148148145,32.151970009225636,14.435576482180826,32.14114110716426,14.64619862727453,-2.4074074074074074,-25.555555555555554
3512605,Coronel Macedo,Agropecuária,-3.504672897196261,43.47667251337076,7.426542672207832,23.713658454077198,22.48492176281214,12.850467289719626,16.355140186915886
3512704,Corumbataí,Serviços,5.482717520858165,10.436655425639895,4.909413149943666,58.198451406316245,10.898840045887672,15.01787842669845,9.535160905840286
3512803,Cosmópolis,Serviços,0.9201478928613251,1.1381393793597325,33.46614057927732,39.73418366970138,15.688976282843866,2.7437137168955887,1.8235658240342636
3512902,Cosmorama,Serviços,36.81614864089919,17.146690376509017,26.702499951207653,32.27459849659931,9.98419776334094,12.616125702488818,-24.200022938410378
3513009,Cotia,Serviços,3.5493945257695514,0.2303035543226293,23.429453532308862,48.18521965473846,7.630841091025651,30.74927208259084,27.19987755682129
3513108,Cravinhos,Serviços,16.766323127309878,4.584466956111085,24.483299268858897,44.634864522779296,10.68567240496134,22.715663591839185,5.949340464529307
3513207,Cristais Paulista,Agropecuária,8.412424503882658,39.88567526308578,6.686206174948603,34.52343559843978,14.693553455486033,10.893011216566006,2.4805867126833476
3513306,Cruzália,Serviços,2.846299810246679,19.397135031334916,2.9814244570105646,54.595212836734895,12.075893821216125,5.692599620493358,2.846299810246679
3513405,Cruzeiro,Serviços,0.586971892050533,0.3946553406293003,28.709440352189453,44.740169218116385,12.300583076275291,16.555275409879805,15.968303517829272
3513504,Cubatão,Indústria,-11.611365980298018,0.007485538549230214,53.608980382410586,29.2852400401522,4.981770509477976,14.989864504427612,26.60123048472563
3513603,Cunha,Serviços,-1.492537313432836,12.450325314712522,5.079397885444096,47.323152953587545,31.50916175099233,4.07055630936228,5.563093622795115
3513702,Descalvado,Serviços,12.344123945081243,7.6494514375636795,29.023679476341968,40.44378615951211,8.926696175815497,12.973926187177227,0.6298022420959839
3513801,Diadema,Serviços,-6.461752073177244,0.006827170059901356,25.57812416729811,45.689142953307176,11.5945034197983,12.575113735482674,19.03686580865992
3513850,Dirce Reis,Indústria,-6.172839506172839,13.018137900678523,28.872489270173517,28.707452911392046,20.292246859266992,1.851851851851852,8.024691358024691
3513900,Divinolândia,Serviços,-2.061301308478222,24.68177036190013,4.459703261221493,51.743871676250805,14.290308614895395,27.245025990320844,29.306327298799065
3514007,Dobrada,Serviços,3.995889941774175,17.43708840028101,10.675261376785636,34.21678319568013,30.474479922006932,10.845986984815616,6.8500970430414405
3514106,Dois Córregos,Serviços,3.0191758465932272,13.991430054772996,16.980205124342373,43.25968306024803,15.661711868989558,4.569563443492452,1.550387596899225
3514205,Dolcinópolis,Serviços,-9.968282736746714,23.595472612781265,5.114661335120754,37.16788266661761,31.172544960665256,10.874490258269145,20.842772995015856
3514304,Dourado,Indústria,38.16699604743083,4.294500462734419,36.66404408173853,30.08291095419835,7.323372952945512,31.002964426877472,-7.164031620553356
3514403,Dracena,Serviços,23.88177859875973,3.461378251816062,14.988448718798491,60.01190650700449,14.06183956407678,51.4799665743062,27.598187975546466
3514502,Duartina,Serviços,-12.329656067488644,7.0787017951772775,11.757090830278685,52.495604100174596,23.14502271745548,9.247242050616482,21.576898118105127
3514601,Dumont,Serviços,7.813324886495618,9.040161560697344,17.310054344536248,44.19403879965592,17.00207644152512,13.303769401330378,5.49044451483476
3514700,Echaporã,Serviços,2.2562449637389204,25.713697926968383,5.440377119852043,40.689494318032544,23.08695336915104,1.7727639000805804,-0.48348106365834
3514809,Eldorado,Agropecuária,0.4591016910245619,45.0205109895139,4.032448403894078,26.763566133347123,21.936235172362796,3.2902287856760277,2.8311270946514657
3514908,Elias Fausto,Indústria,10.28306683993446,12.311564804513624,35.2357901580559,30.873774528462278,10.292147144673294,-19.662127803830725,-29.945194643765184
3514924,Elisiário,Serviços,4.461440407903123,20.440751777625636,4.44310347960319,39.93475087043414,30.726885817926302,7.010834926704908,2.549394518801785
3514957,Embaúba,Serviços,-14.20576840292725,26.974055963687444,10.789080622140286,30.438504604980043,28.94364138336461,8.179078777442962,22.384847180370212
3515004,Embu das Artes,Serviços,2.042354930970797,0.0025741248919074217,11.98752516729471,60.34131618865359,7.475937858200951,13.167604740497266,11.12524980952647
3515103,Embu-Guaçu,Serviços,1.8963715096311784,0.22954244139745023,19.836105626953746,46.88490993212015,23.03683359961696,0.1642526504404957,-1.7321188591906826
3515129,Emilianópolis,Administração pública,3.6496350364963503,28.343773658974285,8.145319564971249,30.294565477037683,30.67970243243982,8.29462508294625,4.6449900464499
3515152,Engenheiro Coelho,Serviços,0.2044362669937647,6.6038272695521885,13.690309302586712,51.76635763800411,16.84683220462547,6.388633343555147,6.184197076561382
3515186,Espírito Santo do Pinhal,Serviços,20.293349407273457,7.024965260097319,25.473497969384866,46.58166463891196,10.921409324867806,12.58288125376733,-7.7104681535061275
3515194,Espírito Santo do Turvo,Serviços,1.9244647582391148,29.866626229738046,4.3942396784085425,32.50743755287232,29.110639774944413,-0.2405580947798893,-2.165022853019004
3515202,Estrela d'Oeste,Indústria,-17.415312732292662,6.6647377831406205,41.262914080891825,34.78454351551177,6.276248196979406,16.778167144525856,34.193479876818515
3515301,Estrela do Norte,Agropecuária,-0.3699593044765076,38.369718937647406,4.599354830229706,25.416327605818694,29.317143028642924,10.358860525342212,10.72881982981872
3515350,Euclides da Cunha Paulista,Serviços,0.2523977788995457,24.29459610264534,4.713642334467878,33.98294731898976,33.73065291102951,-1.8929833417465929,-2.1453811206461384
3515400,Fartura,Serviços,2.4037017006189534,18.503714164598712,10.896597166536171,47.749489096276484,17.168286999070208,2.4637942431344277,0.060092542515474356
3515509,Fernandópolis,Serviços,-0.6602421824516057,3.789458119180886,14.168333351169895,60.55330503621569,13.30458388585912,11.083640041581209,11.743882224032815
3515608,Fernando Prestes,Agropecuária,16.156176371592057,37.088293965017165,12.366688488516882,31.76704775442921,13.893816628469924,25.917199596095596,9.761023224503539
3515657,Fernão,Agropecuária,1.207729468599034,46.353434782906774,4.139628107873516,28.40963794131116,17.76870859451591,6.642512077294686,5.434782608695652
3515707,Ferraz de Vasconcelos,Serviços,0.3013426489134923,0.07878640334115657,28.16317414301589,43.960645505158816,17.386956605863546,5.100503353832074,4.799160704918581
3515806,Flora Rica,Administração pública,-24.2098184263618,32.19069691831297,4.2425130629668155,28.745589558494522,32.47511853720426,13.449899125756556,37.65971755211835
3515905,Floreal,Serviços,0.0,27.752922711210342,6.9609396054924595,33.64409629491475,28.021822617944803,-2.1953896816684964,-2.1953896816684964
3516002,Flórida Paulista,Serviços,9.492205587281989,18.164717942500232,10.590921984269489,40.33018355487296,26.44624733756083,11.884550084889645,2.392344497607656
3516101,Florínea,Serviços,-1.5580368735393406,25.841041758993626,3.1813521307350467,48.2696164832722,13.140014416551448,2.596728122565568,4.154764996104909
3516200,Franca,Serviços,-8.18639798488665,1.5761053942599543,13.30241781726522,62.383161384410414,13.748411201436467,24.1762543399823,32.36265232486895
3516309,Francisco Morato,Serviços,1.4835986653667517,0.03822500102266289,6.71466586409777,53.038194051131335,35.63829534482198,2.307147312264214,0.8235486468974624
3516408,Franco da Rocha,Serviços,1.0976948408342482,0.12910678835329767,30.07776782523034,45.208689490204144,15.330805034853997,4.156052164668034,3.0583573238337856
3516507,Gabriel Monteiro,Serviços,7.962359753890698,25.173440262370704,15.141938932110557,32.847273852146635,22.97983951019681,9.771986970684038,1.8096272167933405
3516606,Gália,Serviços,7.836990595611285,27.72568242261918,6.4829929751453115,44.46317928023057,17.27780814065652,2.6645768025078373,-5.1724137931034475
3516705,Garça,Serviços,14.129660413203515,10.41711512948468,14.495641104211717,52.76374813237174,13.419847399676254,13.227261933032532,-0.9023984801709837
3516804,Gastão Vidigal,Serviços,19.68019680196802,25.684120163207513,6.842528307857686,37.6304651343816,25.47840322321554,1.2300123001230012,-18.45018450184502
3516853,Gavião Peixoto,Indústria,-80.3913228413441,2.787012330151439,67.74305796456278,17.301639514646574,2.157682430092834,-18.07741386643981,62.313908974904294
3516903,General Salgado,Serviços,-3.200155159038014,17.37698316233185,4.997858649490127,50.709657395517915,21.591047042102705,10.57020946470132,13.770364623739333
3517000,Getulina,Agropecuária,-6.743549648162627,37.16088001475457,3.1782748722617167,33.66145285959058,23.06959300203969,27.071931196247068,33.81548084440969
3517109,Glicério,Serviços,-12.566457225712904,25.38219595710926,13.917566770113494,32.84209598300027,23.80957493894516,2.899951667472209,15.466408893185113
3517208,Guaiçara,Serviços,4.893673814396299,10.784882528924674,13.846312732586624,37.18965663421759,24.631308687263935,15.659756206068156,10.766082391671858
3517307,Guaimbê,Indústria,17.779390420899855,9.416900549977163,63.26599130927888,14.263920917438686,10.19019893065852,3.447024673439768,-14.332365747460088
3517406,Guaíra,Serviços,-1.9348761424679852,12.085757399697068,33.13101139804458,36.75965111361782,8.757376597638821,14.969831207515464,16.90470734998345
3517505,Guapiaçu,Serviços,11.054304269725025,8.574916443123042,29.941034293089942,38.92840100594002,12.467934354467221,16.673575606835243,5.619271337110218
3517604,Guapiara,Agropecuária,2.6360494405717296,50.943069534797516,9.140208137904624,21.39968722434696,15.731309335181889,10.954249897486966,8.318200456915235
3517703,Guará,Serviços,12.952810921208211,14.419619533735528,13.854624334672641,45.762359619017005,19.37341238109445,11.501666129205631,-1.4511447920025802
3517802,Guaraçaí,Agropecuária,-7.525870178739417,46.82917188033101,4.374914277869378,30.95671857608461,14.507088619675713,4.569278322806075,12.095148501545491
3517901,Guaraci,Serviços,16.135265700483092,27.833242609686337,18.18255215100827,30.2051800146793,15.553107091206014,3.0917874396135265,-13.043478260869566
3518008,Guarani d'Oeste,Serviços,-1.016260162601626,15.06786993959305,7.269024165194006,37.2810947048474,36.38682258317512,15.24390243902439,16.260162601626018
3518107,Guarantã,Serviços,-11.047144857631864,31.94630648672112,10.94301577450375,32.1777622133056,19.24323435059751,3.423058969970437,14.470203827602301
3518206,Guararapes,Serviços,3.8011790097606544,20.62423179491357,16.89652992747866,42.07351496730446,13.360362953767876,-1.7717359791257288,-5.572914988886383
3518305,Guararema,Serviços,-10.59674734280958,3.001450102212088,20.57701178188571,54.838684836700644,9.438172297934761,12.677679600461008,23.27442694327059
3518404,Guaratinguetá,Serviços,-12.04635559621836,0.6507074512128482,34.28627624259157,41.24194360518681,7.789846594402306,5.506421334417675,17.552776930636036
3518503,Guareí,Administração pública,0.8659162059548391,23.35218256174771,15.68103597396342,27.05934446900722,28.901778857142833,11.98960900552854,11.1236927995737
3518602,Guariba,Serviços,10.560563230038936,6.234123353146789,21.84813577906484,46.409453319244136,17.18896254167288,15.787508667128913,5.226945437089977
3518701,Guarujá,Serviços,-3.713052003587893,0.4992065856503182,11.084090055791313,57.99162680323732,18.221998832947577,8.097095614565733,11.810147618153625
3518800,Guarulhos,Serviços,-0.2229497333505706,0.0895963545576834,20.049790686648674,54.380157639910784,8.661701588942098,11.014336132333051,11.237285865683623
3518859,Guatapará,Agropecuária,-4.0983606557377055,38.11954356873554,5.478173991187138,30.944253792614123,19.506572207150104,-5.191256830601093,-1.0928961748633874
3518909,Guzolândia,Serviços,-2.5906735751295336,24.276537806174233,6.003107174202336,34.15530037122193,32.33450461613484,-1.413094677343382,1.1775788977861517
3519006,Herculândia,Serviços,3.5068493150684934,25.75198494644642,20.78613145832742,32.91030085380513,13.49208502911115,17.095890410958905,13.589041095890412
3519055,Holambra,Agropecuária,2.5838081356830527,35.639540225100006,15.262524034336474,34.35562796977128,6.306256145530413,123.75778455015238,121.17397641446932
3519071,Hortolândia,Serviços,1.0226461179592716,0.009345083122361552,28.162160172175692,46.05841500518793,6.273435350830969,9.47849273794482,8.455846619985547
3519105,Iacanga,Serviços,-1.0539427038421003,13.632106291768803,7.787464706088388,54.86597041778233,10.205140522640454,1.0539427038421003,2.1078854076842006
3519204,Iacri,Serviços,10.43875387375632,34.149017766209155,9.197778059614281,37.4262657003231,11.630023056831579,1.1417387049420975,-9.297015168814223
3519253,Iaras,Serviços,1.8726591760299625,25.352832478821025,5.839418184433911,35.70963002899836,27.145578041952064,14.856429463171036,12.983770287141073
3519303,Ibaté,Serviços,-1.1498539374728074,4.923291535770962,33.56119510236297,38.557237598648676,13.799090039384785,4.816955684007707,5.966809621480514
3519402,Ibirá,Serviços,3.849443969204448,16.01051988088493,17.78904677884185,39.10337722503223,22.18111800293092,20.786997433704023,16.937553464499576
3519501,Ibirarema,Serviços,30.070477682067345,22.758926176795367,10.734522759965444,42.41118799515039,15.254791214334087,3.445575567736883,-26.62490211433046
3519600,Ibitinga,Serviços,8.911765195808972,5.77385405445935,21.15349612830958,50.85074506103568,14.057901032083725,14.375426848566622,5.463661652757651
3519709,Ibiúna,Serviços,0.8861847761391441,21.624986220698844,14.966651331430528,38.74376076314173,16.544015181629856,16.25553865485087,15.369353878711726
3519808,Icém,Serviços,12.661465660570403,15.055506487983934,17.72040761999599,38.682316008060354,25.511983331980225,11.89410410538432,-0.7673615551860831
3519907,Iepê,Serviços,0.525003281270508,22.99143887825603,3.44749684310976,48.660951743825784,13.220900585390938,3.1500196876230477,2.6250164063525396
3520004,Igaraçu do Tietê,Serviços,2.466891716437289,3.218609555911879,5.842227791757867,56.41947582083827,27.796327491911043,2.8996797368648832,0.43278802042759423
3520103,Igarapava,Serviços,-1.2971158248130623,5.774773704657345,11.941504532378083,60.800706874100776,8.79165700176377,7.2867388982145584,8.58385472302762
3520202,Igaratá,Serviços,-1.7916077322017916,0.955560355937707,9.271588955795973,56.40554247539957,23.709237541420926,4.809052333804809,6.600660066006601
3520301,Iguape,Serviços,-0.034346556757685,9.430703765982358,36.52127851643262,37.01193671618674,14.861426506389408,2.2668727460072127,2.3012193027648977
3520400,Ilhabela,Indústria,-8.072365031201695,0.03715717354958425,66.1211096843611,29.806582890024057,3.0612521390290413,27.7380202667888,35.81038529799049
3520426,Ilha Comprida,Indústria,-3.4279752589611743,0.6622325033522565,50.44240178303268,34.59021100466035,12.949412416955777,11.1781801922647,14.606155451225874
3520442,Ilha Solteira,Serviços,-0.313123801322948,11.126078087309558,4.932288443688447,58.824461805998475,20.243398764321885,4.266311793025167,4.579435594348115
3520509,Indaiatuba,Serviços,1.712623363623567,0.234994462233094,27.617744081420177,45.251488053133436,6.365593523002958,28.79005896429297,27.077435600669403
3520608,Indiana,Serviços,5.50098231827112,21.682141888752472,4.497393871949543,38.70845345726546,31.641052266734704,5.697445972495089,0.19646365422396883
3520707,Indiaporã,Serviços,-0.7434944237918215,24.886075085796424,5.372909774387665,43.186957846147756,22.779132916415307,8.178438661710038,8.921933085501859
3520806,Inúbia Paulista,Serviços,-9.681881051175658,5.767918520896004,4.707566564022536,62.05798009992557,18.05024071072351,6.085753803596127,15.767634854771785
3520905,Ipaussu,Serviços,2.114935822637106,10.73553639276718,22.138104235605173,42.11558816647684,16.21495291672055,8.022170361726955,5.907234539089849
3521002,Iperó,Serviços,4.827340300063085,2.4588884091765286,27.02568560165138,37.19080679361372,20.46592057643685,20.214487506514168,15.387147206451083
3521101,Ipeúna,Indústria,7.319572536963841,2.082988460394284,51.70153563999905,30.152252413395114,4.370882085876621,7.173181086224565,-0.1463914507392765
3521150,Ipiguá,Serviços,-13.015826061233543,15.91463475178189,19.464597923987554,30.829842905257408,24.277506648752073,32.09584381008727,45.111669871320814
3521200,Iporanga,Administração pública,-3.9545229856648536,11.418089032919768,5.3333680368598255,35.40526932674785,45.06496957145356,-1.7301038062283738,2.22441917943648
3521309,Ipuã,Serviços,-0.6918500069185001,22.575217437475402,8.42043714301471,43.80465750424628,19.060058074987392,4.012730040127301,4.704580047045801
3521408,Iracemápolis,Indústria,13.1105749533391,1.072776569648445,33.953331796276046,32.21634374888165,5.700260598233497,1.911958847361952,-11.198616105977148
3521507,Irapuã,Agropecuária,4.514343963885248,37.78074414950353,5.581603055054351,32.944814655663876,20.389660671305045,4.951215960390273,0.4368719965050243
3521606,Irapuru,Serviços,-2.681721947776994,16.056987707512217,2.696418280514943,44.12617769571252,33.4380843231375,4.65772759350741,7.339449541284404
3521705,Itaberá,Serviços,-2.7804037146193625,33.03672819185715,3.9137482196752824,44.97776517607689,9.667854739582834,10.287493744091645,13.067897458711007
3521804,Itaí,Serviços,5.480540111199365,35.029272543632835,7.17231358346338,37.479233558885085,13.36117041009671,12.907069102462271,7.426528991262907
3521903,Itajobi,Serviços,12.831832362116664,28.797236583716558,21.12635916930935,34.4586983844045,8.120587959390644,5.886161633998469,-6.945670728118195
3522000,Itaju,Indústria,7.739082365948038,14.68661317106552,35.22842873904727,28.285025566253047,11.874422964411737,16.30735212824765,8.568269762299613
3522109,Itanhaém,Serviços,-2.5072015363277496,2.4315496801985237,6.911697910304293,61.40696167393933,23.676872211168106,6.42803798143604,8.93523951776379
3522158,Itaoca,Administração pública,1.461133839859731,12.666601398393409,13.61912575213423,31.023544909942174,39.14548132872986,2.045587375803624,0.5844535359438929
3522208,Itapecerica da Serra,Serviços,2.5927000668676907,0.6403047925597223,16.387986887044658,54.78529943237545,15.778404166605881,8.036739380022961,5.444039313155271
3522307,Itapetininga,Serviços,8.289498700804867,6.753999084742897,21.630860945736593,49.108862891316505,12.08531700046449,14.436909816845176,6.14741111604031
3522406,Itapeva,Agropecuária,1.1144793152639088,40.48640209615081,8.026487764919949,35.85867470466283,9.915477079470534,13.05055278174037,11.936073466476461
3522505,Itapevi,Serviços,6.0956447995454095,0.00278618579161898,15.277760306728213,59.40091097430879,7.856965024179963,12.415140961785989,6.319496162240579
3522604,Itapira,Serviços,-5.081780567048957,1.6475270654763392,38.693016683557836,39.77403196619687,8.086012515612266,18.75815722973536,23.83993779678432
3522653,Itapirapuã Paulista,Administração pública,-1.625638643752903,6.424138124156774,4.616326689853533,35.73970969703683,48.786260960553925,6.502554575011612,8.128193218764515
3522703,Itápolis,Serviços,-5.469323677613754,17.467945257677243,15.244822453079045,46.25993135227906,12.404304588947266,18.07915326766769,23.548476945281443
3522802,Itaporanga,Serviços,-1.490947816826411,16.98048452531876,3.3258417634908186,54.42284975409558,16.82875494985192,2.2009229676961306,3.691870784522542
3522901,Itapuí,Serviços,24.013470971520608,1.976088764145865,27.69675051583242,48.20549887898569,7.0486647906877575,7.247968372501647,-16.765502599018962
3523008,Itapura,Agropecuária,37.94923347574768,37.36503168449474,4.301522521319939,28.813177265128342,26.292985140962443,-23.12138728323699,-61.070620758984674
3523107,Itaquaquecetuba,Serviços,1.5327330580190914,0.20700931859041327,21.139234009142783,48.87805331405771,16.779823461655425,8.305463408029247,6.772730350010156
3523206,Itararé,Serviços,-3.5105090238084524,18.795226958474615,9.053907477009963,47.35227095354673,18.39225569537816,10.7790629641298,14.289571987938253
3523305,Itariri,Serviços,5.151983513652756,30.620091385012945,3.5812173190458685,40.5954681448908,19.979586087346863,5.731581658938691,0.5795981452859351
3523404,Itatiba,Serviços,-0.0904679661156345,12.567737315928573,27.18976922190678,36.30688845077387,7.970973511373672,9.466238999917756,9.55670696603339
3523503,Itatinga,Serviços,7.603565810173047,17.996189048058753,11.78355329410369,39.24265182648953,24.37644887931931,5.558468799160986,-2.0450970110120608
3523602,Itirapina,Serviços,3.15828585583354,6.774450503538029,22.10639202156833,41.017222858538275,14.004392880309727,40.686153083973245,37.527867228139705
3523701,Itirapuã,Agropecuária,7.786814327738363,38.43671661418319,6.162383609594036,28.78258471856935,23.95429075003401,3.114725731095345,-4.672088596643018
3523800,Itobi,Serviços,8.327119065374099,25.569262607539716,9.196011480488796,39.9401722197702,19.869473027444233,10.315684812329106,1.9885657469550075
3523909,Itu,Serviços,0.475511174512601,0.608569037637711,24.638965882224483,48.71860323781433,8.4129205790228,17.855444602948168,17.379933428435567
3524006,Itupeva,Serviços,4.786450662739323,0.5798542814850044,32.90487383052007,40.54771968952827,4.883831476424409,9.38880706921944,4.6023564064801175
3524105,Ituverava,Serviços,-2.635011045753374,11.11780565036144,23.340557624851538,41.788855126651534,10.640940132287055,9.049532884405526,11.684543930158899
3524204,Jaborandi,Agropecuária,4.340138241440283,35.63282214672039,5.3623818557897485,32.768604477569916,23.053171977292003,4.018646519852114,-0.32149172158816963
3524303,Jaboticabal,Serviços,1.7822085462469195,5.864288315724098,20.203891123510072,51.48045381789462,11.653519836284222,6.404811963074867,4.622603416827948
3524402,Jacareí,Serviços,-3.262927895120175,0.2576656197906989,31.11468211162926,43.4534139728662,6.434357455176515,12.323379461034232,15.586307356154407
3524501,Jaci,Indústria,39.53763299619072,5.17794995048838,39.66018972698048,35.80546931039344,6.122290978067232,4.991461972941022,-34.5461710232497
3524600,Jacupiranga,Serviços,1.80157793377648,25.06524137036107,6.81773229318951,46.55412946985638,16.01644013841068,6.460831210784618,4.659253277008138
3524709,Jaguariúna,Serviços,-7.110721687701147,0.15800520475485236,26.579286460493552,48.881622842486365,3.272933292467904,54.74581697474178,61.85653866244293
3524808,Jales,Serviços,3.0957848122027225,4.333775541433458,15.156038177946185,60.669052927384705,11.524529594056157,7.421682794817123,4.3258979826144
3524907,Jambeiro,Indústria,87.54103486009068,2.9619933630691193,30.220537162507828,26.197798819517033,13.456037106754604,55.02579334062842,-32.51524151946226
3525003,Jandira,Serviços,3.905290355372951,0.014237236195836502,24.435843875162888,45.7640974399395,11.109755677417136,8.225676648735652,4.3203862933627
3525102,Jardinópolis,Serviços,1.6783710966830088,8.032556432981206,13.633142686823938,52.32035292288303,16.003725116607715,12.852789187756724,11.174418091073715
3525201,Jarinu,Serviços,-3.3035833222325826,2.2078703316167507,17.210851497981842,58.83549070558224,7.132743756323048,15.61209537764753,18.91567869988011
3525300,Jaú,Serviços,-13.640755972044316,1.8429597674814162,14.711293721285806,61.03289303277244,12.399198903229195,21.506101260702486,35.146857232746804
3525409,Jeriquara,Agropecuária,13.97877297437225,50.322460352257536,6.293558620264436,25.197879985980226,15.6006146933513,9.57804814910691,-4.400724825265339
3525508,Joanópolis,Serviços,-3.1213421771361687,10.138902337135832,6.222904599926378,53.11880906538329,25.7124335066005,13.88997268825595,17.01131486539212
3525607,João Ramalho,Agropecuária,0.0,53.85710049850437,2.0450748051460015,24.086202166938,17.572506416533525,2.7453671928620453,2.7453671928620453
3525706,José Bonifácio,Serviços,-11.164796767941471,11.752884134398982,21.695354124149826,45.58214627606667,12.935549266299265,5.1319848224278655,16.296781590369335
3525805,Júlio Mesquita,Administração pública,-0.9402914903620122,16.772063938611907,3.014872338075587,36.02256755424121,39.39712817470835,2.5858015984955336,3.5260930888575457
3525854,Jumirim,Indústria,24.541884816753928,6.872525571587222,39.73358555503977,28.80052116035563,11.564232401443416,5.5628272251308895,-18.97905759162304
3525904,Jundiaí,Serviços,-2.556286818539735,0.38310303660368944,19.121887745137364,53.23303563062245,4.1214875846600485,22.16727095512171,24.723557773661447
3526001,Junqueirópolis,Serviços,-1.1248043818466351,8.722718997999145,21.284182566623496,46.91809577581829,13.3019041020698,6.846635367762128,7.971439749608764
3526100,Juquiá,Serviços,-10.901247522443745,27.69594618053014,5.644139163789184,39.06330544663689,23.518383319845636,0.2914772064824531,11.192724728926198
3526209,Juquitiba,Serviços,-3.065245949496424,0.20942927586426646,11.490747834026637,56.490012671695624,23.94757585662886,9.524157057363889,12.589403006860312
3526308,Lagoinha,Serviços,0.7869368483179224,15.224889511922346,5.121932124678306,40.620432022714894,35.4604716283272,4.524886877828055,3.7379500295101327
3526407,Laranjal Paulista,Serviços,13.099272685731696,2.3468091229947143,35.03096637436901,37.31252560460927,10.658696869376728,10.281405887056852,-2.817866798674844
3526506,Lavínia,Agropecuária,-0.928888430178553,39.020890513013725,2.843365149561528,27.11383677227755,27.76618748609807,-0.4128393023015791,0.5160491278769739
3526605,Lavrinhas,Serviços,-1.533956212522661,4.770361086793387,17.634655748044878,36.615151926415415,30.93758776579029,7.390879933063729,8.92483614558639
3526704,Leme,Serviços,5.2464828190421855,2.529756022536913,25.319494810765864,47.78827245781926,11.489574745231318,17.960289728099756,12.71380690905757
3526803,Lençóis Paulista,Serviços,64.26584467333284,2.360182856529325,36.315601884027075,39.83447304312489,7.181545387348528,-7.803924516953612,-72.06976919028645
3526902,Limeira,Serviços,-0.5242077781470454,0.7384353378612951,29.664671835345295,46.27748691588334,8.80558107964755,17.891588349567783,18.415796127714827
3527009,Lindóia,Serviços,-11.548331907613344,3.3783057010005577,29.353727085996873,39.330506574392885,18.94067478624242,17.536355859709154,29.0846877673225
3527108,Lins,Indústria,15.218176225945786,1.3125062519580317,44.02612552079191,37.92369285223836,4.831515816226162,15.151312534267642,-0.06686369167814377
3527207,Lorena,Serviços,0.4006835189440811,0.4878041528090963,31.21818078056885,45.90417415441285,11.503373592915237,12.350480230982264,11.949796712038182
3527256,Lourdes,Administração pública,1.5384615384615383,26.920215840644186,4.632261941400808,29.806289417618505,35.93037266332169,3.58974358974359,2.0512820512820515
3527306,Louveira,Serviços,51.99915134916196,0.21346929997180297,28.569422176505167,51.44100983089038,1.665095506806301,-24.765174455609777,-76.76432580477174
3527405,Lucélia,Serviços,49.94765963810379,5.378143658500721,22.42650716417579,44.8539918701617,18.938252905190144,-3.339813568615722,-53.28747320671951
3527504,Lucianópolis,Agropecuária,-14.75548060708263,42.73082499413887,4.326376584686155,26.54129271095461,23.59793044462033,20.65767284991568,35.41315345699831
3527603,Luís Antônio,Indústria,-55.76844679983693,7.252689308658611,53.875856796423435,23.168066827687962,6.178948132206685,8.23481451284142,64.00326131267835
3527702,Luiziânia,Serviços,-2.339927674962774,22.00143252124889,4.9605261822250535,36.897517991026604,33.40867660279774,7.019783024888321,9.359710699851096
3527801,Lupércio,Serviços,6.531022356191912,18.80430859662384,15.89961393453208,34.28674005191567,26.233228467217458,4.772670183371012,-1.7583521728208993
3527900,Lutécia,Agropecuária,-5.636978579481398,47.5181205316918,7.941424667035306,21.346720151795488,20.758237453178594,5.636978579481398,11.273957158962796
3528007,Macatuba,Serviços,-15.390100421890782,5.195243128371881,8.963088673769896,61.682907022555845,10.174503580576785,9.091449283974091,24.48154970586487
3528106,Macaubal,Serviços,-13.500868867798422,27.71079204272465,4.770454266342754,44.51542381975326,18.227605166506805,4.544846945595509,18.045715813393933
3528205,Macedônia,Agropecuária,-4.542013626040879,34.63598970035119,8.61016865768086,28.17367299125969,25.922726023738413,4.794347716376483,9.336361342417362
3528304,Magda,Agropecuária,-13.902053712480251,36.05661087161374,5.098986040277586,34.37586127753469,20.276354269995064,2.527646129541864,16.429699842022117
3528403,Mairinque,Serviços,5.676934455394087,0.9321898172296244,36.19002704250711,37.73972202554343,10.69936076348655,20.08915185799668,14.412217402602593
3528502,Mairiporã,Serviços,-1.2999051708522902,0.05175004429036694,17.49322108283674,51.91603903161855,19.436079065601657,15.183318593971425,16.483223764823716
3528601,Manduri,Serviços,-4.052274338972748,23.043951710266704,12.799564481328197,40.717292338473364,17.290153399501335,12.66335730928984,16.715631648262587
3528700,Marabá Paulista,Agropecuária,7.216269407391209,45.06521368610587,3.296645219108775,21.159079185604156,28.597484436906313,8.746993221080253,1.5307238136890433
3528809,Maracaí,Serviços,2.446145348378442,18.92388869349456,13.056534084339438,45.71530392939849,14.232610030230902,7.259528130671506,4.813382782293064
3528858,Marapoama,Indústria,10.935601458080194,14.105844401494744,41.74075744286495,26.978486293015873,8.335237181938247,15.49210206561361,4.556500607533415
3528908,Mariápolis,Agropecuária,-2.846569883290635,33.25237621165645,5.153213052656569,29.16879819044627,30.28876957996591,1.138627953316254,3.985197836606889
3529005,Marília,Serviços,10.933101036498378,1.1303076641773129,14.167254320926334,63.293318844103595,11.93264665986037,19.471693031515777,8.538591995017399
3529104,Marinópolis,Administração pública,-0.5376344086021505,24.12807873103039,5.145243312627213,33.509942583575665,34.3730470935371,6.989247311827957,7.526881720430108
3529203,Martinópolis,Serviços,1.3665045617137574,21.068610067991383,9.807628622898477,43.985743519090576,19.48880223968834,4.220087617057192,2.853583055343435
3529302,Matão,Serviços,51.58604633507522,1.7807039679646572,35.46602952856871,41.69326699315145,7.718333740562318,5.883618235420647,-45.70242809965457
3529401,Mauá,Serviços,-1.3340952180576242,0.00010921782886801754,33.354649803429496,42.05406049370087,10.342403259650919,12.150308061234492,13.484403279292117
3529500,Mendonça,Serviços,-0.1623640201331385,6.115376839666566,32.23053556670703,41.08080512429808,10.412461550582812,4.870920603994155,5.033284624127294
3529609,Meridiano,Indústria,12.029746281714786,8.859580545281155,44.10818353599818,30.630957573184443,6.955469325855714,-16.185476815398076,-28.21522309711286
3529658,Mesópolis,Agropecuária,3.586065573770492,50.15001284444972,4.173601607101422,22.005195715066826,21.57065094208007,2.5614754098360653,-1.0245901639344268
3529708,Miguelópolis,Indústria,-2.006069646623116,23.488699771681627,40.714654729145764,22.789318067544936,10.805368202313138,8.795843835193663,10.80191348181678
3529807,Mineiros do Tietê,Serviços,-3.918076580587711,9.963535369752824,20.416194676201332,37.27288446080417,25.871344157818253,0.5342831700801425,4.452359750667854
3529906,Miracatu,Serviços,-11.857920551932304,15.355878369890483,5.267516987378954,51.59687392316719,21.651260867453253,8.57004258071471,20.427963132647015
3530003,Mira Estrela,Serviços,-0.6397952655150352,23.009584094536145,7.7698530968289115,36.17745269962855,30.01267187710167,1.919385796545105,2.5591810620601403
3530102,Mirandópolis,Serviços,-0.4288317907300861,19.466091314532267,12.090844122695488,44.396279784727916,16.844585858816465,-0.2501518779258835,0.1786799128042026
3530201,Mirante do Paranapanema,Serviços,-5.968461393478671,22.7087797150959,24.263326081360432,30.682803321597223,15.799113252110079,-1.759125463341082,4.209335930137589
3530300,Mirassol,Serviços,11.304608680550071,2.0591906180820345,25.458297413737892,50.11924574347142,11.690874239036793,14.935977390782638,3.6313687102325662
3530409,Mirassolândia,Agropecuária,6.639537374170057,43.33088719760688,10.344924194531652,25.903911582077814,15.324961849755534,62.54015849218247,55.90062111801241
3530508,Mococa,Serviços,0.5762326206764085,8.001308827998969,22.507418993875685,47.34397381733312,11.921420924553425,14.494466689321968,13.918234068645559
3530607,Mogi das Cruzes,Serviços,-1.4573482021240074,3.1785780058152504,22.07317479930257,51.18282563782769,10.372881077154341,10.965548554279575,12.422896756403583
3530706,Mogi Guaçu,Serviços,-3.312551250178969,4.974192359464684,24.92995241473932,46.96196466443203,11.264939121726798,21.5999166981218,24.91246794830077
3530805,Mogi Mirim,Serviços,5.71533524924912,4.012401160184513,20.77061101137969,49.85605835651558,10.35288873477702,15.125650943192378,9.410315693943257
3530904,Mombuca,Serviços,2.4180548092423426,22.325458011875195,17.373487294733682,31.47532920049479,24.240310516073052,11.015583019881785,8.597528210639442
3531001,Monções,Serviços,-109.44759938048529,12.68960186140711,16.247746483772595,34.81582814450642,28.45322016472835,-143.00464636035107,-33.55704697986579
3531100,Mongaguá,Serviços,-0.7102387370663912,0.46558544229139776,10.949347030554907,58.25507863642939,24.91056356462359,7.070103791706348,7.7803425287727395
3531209,Monte Alegre do Sul,Serviços,34.42679958270546,27.280811063963124,9.63664368078659,36.906073268740535,18.78553858434367,-1.2750666512113131,-35.701866233916775
3531308,Monte Alto,Serviços,6.64228360028587,12.88264529127487,21.893269490555106,43.84673792791334,10.169391020855711,3.762559381174591,-2.879724219111279
3531407,Monte Aprazível,Serviços,-2.692998204667864,10.62961871324314,22.968392870556315,43.425933164227025,15.733779239097384,-2.872531418312388,-0.17953321364452357
3531506,Monte Azul Paulista,Serviços,1.7629882651093602,6.410474962599025,6.5689673398607695,61.133092088559614,16.297402177068342,23.13922097956036,21.376232714451
3531605,Monte Castelo,Serviços,2.36854571293226,34.648657854884654,6.2724306132849295,36.14753747714742,18.796490110894087,6.158218853623874,3.7896731406916135
3531704,Monteiro Lobato,Serviços,-5.316578057032383,5.511930836415553,11.459470083555546,44.11704796354375,32.038363484195116,7.974867085548573,13.291445142580956
3531803,Monte Mor,Indústria,7.299495839905973,1.171705814886168,48.098280606353555,28.195806887854847,7.91455501334218,24.372892889177567,17.073397049271595
3531902,Morro Agudo,Serviços,4.403393835248631,23.513103201881222,20.875085994017084,36.889109896069684,11.766092595976966,-0.6085991479611929,-5.011992983209823
3532009,Morungaba,Indústria,8.454810495626823,3.98408541371831,37.950589406245946,31.49026252687494,11.809585669810966,19.533527696793005,11.078717201166182
3532058,Motuca,Serviços,19.583539910758557,30.268900863823152,10.670891087691661,31.136722779866233,24.948274253681188,16.608824987605352,-2.974714923153204
3532108,Murutinga do Sul,Serviços,15.52047096601552,28.058105081800377,2.7467478086726875,33.47246472405122,32.64313278073907,4.013914905004014,-11.506556061011505
3532157,Nantes,Serviços,17.293233082706767,29.379064911242807,2.0200091282081702,42.72081313827804,18.59770753825806,8.646616541353383,-8.646616541353383
3532207,Narandiba,Serviços,2.9756695256432697,25.963344453407945,23.810156296989778,28.674842207465858,14.900977194443326,-43.2347278137581,-46.21039733940137
3532306,Natividade da Serra,Administração pública,-0.2857551078725532,10.23606437844807,3.6523052945422587,38.9088556879282,42.154400834911584,8.572653236176597,8.85840834404915
3532405,Nazaré Paulista,Serviços,1.5919196355052974,5.617763916135501,19.885910125446113,41.110516996450926,22.30941885782686,13.778338914201022,12.186419278695725
3532504,Neves Paulista,Serviços,-8.763790081451697,13.928159925778678,16.52175318198676,44.533503400828195,14.223393514033027,7.32034230333024,16.084132384781938
3532603,Nhandeara,Serviços,-2.233049127080796,13.299166641804366,18.302407374757554,46.23260492020152,15.746219911159013,4.973609419407227,7.206658546488023
3532702,Nipoã,Serviços,-5.473684210526316,18.512243836164043,8.277417661677312,40.205057174200256,28.193769168499212,-0.631578947368421,4.842105263157895
3532801,Nova Aliança,Serviços,4.781114597340505,13.952902272131801,18.978688332094503,45.660397238085885,15.533393576463874,18.526819064694457,13.745704467353953
3532827,Nova Campina,Administração pública,1.6476403436507003,7.921568625192714,21.111615618735456,28.101673408176698,33.733852913721805,27.539131458161705,25.891491114511005
3532843,Nova Canaã Paulista,Agropecuária,5.905511811023622,34.923596418459354,5.0584943087472825,27.67266477832408,29.85906579055965,2.4606299212598426,-3.4448818897637796
3532868,Nova Castilho,Agropecuária,4.708097928436911,45.35216117365388,2.736634051320196,21.890985874130216,28.03227766625291,0.9416195856873822,-3.7664783427495285
3532900,Nova Europa,Serviços,12.243582858984,6.111170245399789,33.35712430502863,34.90404190595429,17.275925042637656,-1.1813983460423156,-13.424981205026317
3533007,Nova Granada,Serviços,2.1113342602605694,21.147692473791725,6.938484060774118,47.98844094559191,18.213569100837038,4.995107884031104,2.883773623770535
3533106,Nova Guataporanga,Administração pública,1.391465677179963,9.268540121419209,5.309852564597137,40.42091646353309,41.46577915255806,0.0,-1.391465677179963
3533205,Nova Independência,Indústria,-8.46170535908006,14.880999975374959,32.15584042941238,28.373411249119012,17.203234571733084,27.77175092210892,36.23345628118898
3533254,Novais,Administração pública,4.533091568449683,18.0911326014708,3.4288037526200625,37.57813486163019,38.243206451611094,-6.346328195829556,-10.879419764279238
3533304,Nova Luzitânia,Serviços,-3.1723651744800847,14.420386721348155,4.890087984620363,39.6072810107294,38.509128455313096,-1.409940077546704,1.7624250969333808
3533403,Nova Odessa,Serviços,10.609651880875216,0.2868093690230439,24.450891866149757,51.46774639872401,8.240476696037533,26.94335606830165,16.333704187426434
3533502,Novo Horizonte,Serviços,2.3223045611105317,9.810883782535166,11.02830324649071,55.93448633313559,12.624934394898144,2.6615175868907213,0.3392130257801895
3533601,Nuporanga,Indústria,31.52482749289676,13.742653031733207,38.11181088219359,32.30898855226365,6.185295566983552,20.97145176566094,-10.553375727235817
3533700,Ocauçu,Agropecuária,13.391826368044333,50.864735676032446,5.692663646658962,26.145952730064124,14.328506124710497,33.01777880397137,19.625952435927033
3533809,Óleo,Agropecuária,-4.3789808917197455,63.85766493448318,4.211723984191215,16.97457099797233,13.376981762795486,1.5923566878980893,5.971337579617835
3533908,Olímpia,Serviços,2.414932636089625,5.731621952315324,22.526886802750727,50.39804276404735,12.108643589844533,27.01819370301776,24.603261066928138
3534005,Onda Verde,Serviços,-13.414378536994342,20.37682539597204,11.307868330229057,47.27644271324441,14.065138542208414,-7.964787256340389,5.449591280653952
3534104,Oriente,Serviços,-6.57354149548069,12.998033300082879,8.941747934399247,43.364193219295935,26.556046383832744,7.066557107641742,13.640098603122432
3534203,Orindiúva,Indústria,20.41832669322709,7.799642151124829,40.29803223180376,32.875316542554316,7.316004554724481,19.754316069057104,-0.6640106241699861
3534302,Orlândia,Serviços,14.953417364753776,2.901606160988453,28.438907805928164,43.768461608849826,9.600005638973053,23.06949555051019,8.116078185756415
3534401,Osasco,Serviços,-0.9030832469822884,0.0016486944772666024,4.916592527285823,74.14411178601013,4.030524558792372,36.51311049045106,37.41619373743335
3534500,Oscar Bressane,Agropecuária,-3.643724696356275,38.365715284680434,11.513222648352366,29.030803632609807,17.243909370106223,10.121457489878544,13.765182186234819
3534609,Osvaldo Cruz,Serviços,-1.7587618316705038,3.291262452424885,24.491754202746037,49.52479645182094,12.75826446406171,13.526477359938603,15.285239191609108
3534708,Ourinhos,Serviços,-0.6444166586515341,1.7539150958537266,14.463487978106789,60.36868959140793,14.299314349925496,14.609983649129555,15.25440030778109
3534757,Ouroeste,Indústria,7.382941519331649,8.318448127141169,41.37228052766553,29.922563463437495,13.435967587040976,0.4857198367981348,-6.897221682533514
3534807,Ouro Verde,Serviços,-5.013497878904744,20.735541139811424,4.132338990005046,39.21763889139994,33.00538691271978,2.1853708702918118,7.1988687491965555
3534906,Pacaembu,Serviços,3.629764065335753,12.808226442707257,2.84807832559003,50.37425161829353,29.87644622896039,2.218189151038516,-1.411574914297237
3535002,Palestina,Serviços,1.2199372603694667,28.680910814452798,20.346178880703043,31.01827265920361,13.94826100230118,16.991983269431856,15.77204600906239
3535101,Palmares Paulista,Serviços,-5.595854922279792,7.484644042678912,5.43146987267284,44.62055321835495,38.833100833942055,2.2797927461139897,7.875647668393782
3535200,Palmeira d'Oeste,Serviços,2.8080422329551835,28.81893497284406,6.67132436831909,43.761448967754895,17.471173406209275,4.268224194091879,1.460181961136695
3535309,Palmital,Serviços,7.04297233847096,15.832410777076353,11.605040936592488,48.30715957477325,12.954168255390908,3.0111258548535265,-4.031846483617434
3535408,Panorama,Serviços,4.210104250200481,12.7186562629571,8.449556480020332,49.88879121956985,24.05311136642,9.42261427425822,5.21251002405774
3535507,Paraguaçu Paulista,Serviços,1.9212062256809337,6.993398834338768,23.200266556496047,47.86350709037708,12.601986487865293,6.541828793774319,4.620622568093385
3535606,Paraibuna,Serviços,-3.452765042169016,4.056510328508471,26.695779738593107,36.93242430757823,26.443570245133568,6.509311145072735,9.96207618724175
3535705,Paraíso,Serviços,2.951303492375799,12.353235580345485,28.62382897774719,30.133088922574853,12.785295176759954,-8.198065256599442,-11.149368748975242
3535804,Paranapanema,Serviços,16.8600154679041,30.807341531472105,3.981591760990185,44.6283869224058,12.201319921089146,10.930652229956175,-5.929363237947923
3535903,Paranapuã,Agropecuária,1.2403870007442324,39.56918105597859,4.502797965860235,37.05782515695466,14.493493538043612,-4.465393202679236,-5.705780203423468
3536000,Parapuã,Serviços,3.6862003780718338,15.274138742906434,30.906581602576793,36.6450871027328,7.9220849236429896,18.43100189035917,14.744801512287335
3536109,Pardinho,Serviços,-26.562281560184537,8.38427101660292,21.528992401667647,48.97239738441455,12.774417581284533,3.0756326017055784,29.637914161890116
3536208,Pariquera-Açu,Serviços,0.3639577808974159,14.376655715620238,6.242580417502743,56.95273896940141,15.327072111465743,15.026256954193313,14.662299173295898
3536257,Parisi,Administração pública,-5.532503457814661,30.204989986180646,3.2283258835438344,31.793996479372467,32.0920124393706,8.298755186721992,13.831258644536653
3536307,Patrocínio Paulista,Indústria,5.719404630650496,26.666453886175052,29.3514096890161,28.332583176084302,5.998439966112298,32.73153252480706,27.012127894156563
3536406,Paulicéia,Serviços,9.930861093651792,14.453616573426654,16.04873920811648,42.83372233798044,22.663617836071552,10.81081081081081,0.8799497171590183
3536505,Paulínia,Indústria,4.894288790178854,0.04759532828403108,49.651254481375084,32.46996516409958,3.1188947741436825,30.116612536978568,25.222323746799713
3536570,Paulistânia,Administração pública,13.397129186602871,23.020556243521096,4.235870262995812,27.78065864232681,39.592285673659724,6.698564593301436,-6.698564593301436
3536604,Paulo de Faria,Agropecuária,0.1351351351351351,53.02657404512413,4.669704915336368,25.294631415797248,14.51595631706684,-0.1351351351351351,-0.2702702702702702
3536703,Pederneiras,Serviços,16.10636446784304,5.455529046570481,31.291758154055678,39.40519791066164,8.601208848717631,29.089611171838403,12.983246703995363
3536802,Pedra Bela,Serviços,-4.575263077626963,20.445284889502858,5.394568778787489,42.06704162020106,27.351880301239973,5.795333231660821,10.370596309287784
3536901,Pedranópolis,Agropecuária,2.8704700394689637,40.66744301158729,5.222473130042813,25.414702782001225,25.92334468245152,2.8704700394689637,0.0
3537008,Pedregulho,Indústria,2.962962962962963,21.468023657897987,48.248407396878704,21.392409029671107,5.673413154440887,6.183574879227053,3.2206119162640903
3537107,Pedreira,Serviços,4.221562442011504,0.667461002258174,23.565220441177264,46.313196910983734,15.225044819360129,11.620894414548154,7.3993319725366495
3537156,Pedrinhas Paulista,Serviços,3.209700427960057,18.886295098753934,7.709741769206584,51.47194673309847,13.610661198135515,31.027104136947216,27.817403708987158
3537206,Pedro de Toledo,Serviços,-2.216115592589309,17.620242308396623,5.065115870441466,42.488742309402916,30.091089138428277,0.7978016133321515,3.0139172059214605
3537305,Penápolis,Serviços,-0.8917135491820555,5.608855725056897,13.349424322507488,55.71579390805286,17.538398063413656,9.095478201656968,9.987191750839024
3537404,Pereira Barreto,Serviços,-6.308362730857024,12.736604563186596,2.468906487180618,60.46335677400768,13.535950104079376,18.46856194231168,24.776924673168704
3537503,Pereiras,Indústria,1.2590133913242532,10.153735603099246,33.38958843830209,32.91206844764161,14.00801464416478,-2.632482545496166,-3.8914959368204194
3537602,Peruíbe,Serviços,-4.023291198501873,1.836369830088596,16.547942690077694,56.74580025863983,20.331248514420956,5.120552434456929,9.143843632958802
3537701,Piacatu,Serviços,10.871534698314912,20.792499121248795,6.380921780526873,41.03817861414448,28.42204309065646,-1.811922449719152,-12.683457148034064
3537800,Piedade,Serviços,-3.133849348687937,34.27312666651618,8.123412817780718,38.802626336999325,13.109256685073225,9.080611666981309,12.214461015669245
3537909,Pilar do Sul,Serviços,4.598283790144466,15.323974880292598,4.788393273626161,56.67178510253572,13.859321662294702,19.76899960172345,15.170715811578985
3538006,Pindamonhangaba,Serviços,-3.391203423846024,0.40330555000755547,32.03885552697662,40.41799911485685,8.132147652067829,13.220252919699204,16.61145634354523
3538105,Pindorama,Serviços,1.9942236281116767,9.880626012905262,21.263060984735557,42.58157986006453,18.335250153819636,5.638839224315775,3.644615596204098
3538204,Pinhalzinho,Serviços,-4.335260115606936,19.535246509372346,9.613600623421474,43.24677427040907,21.864603451803973,8.276405675249604,12.611665790856541
3538303,Piquerobi,Administração pública,-0.6127450980392157,21.178175437796103,5.534614994425311,31.93403818155072,37.35966278621963,9.191176470588236,9.803921568627452
3538501,Piquete,Serviços,13.290632506004805,2.111937607076518,21.9165699145738,44.691640035675576,26.25791720376352,-15.612489991993597,-28.903122497998403
3538600,Piracaia,Serviços,0.0,4.995832451355957,16.297802577650685,49.47543923015796,20.949360583382358,10.834069691497945,10.834069691497945
3538709,Piracicaba,Serviços,-1.6937421307134268,0.5759891561510782,25.560001384840962,44.96552755710293,6.774867242970038,18.038235578978696,19.731977709692124
3538808,Piraju,Serviços,-8.323141731213479,9.462299684113171,12.744589383311169,55.662935453736885,15.59985026829048,7.745617611088464,16.06875934230194
3538907,Pirajuí,Serviços,0.5795550800231822,17.41599669283981,6.480836811273861,49.3754478983514,20.763545257750838,10.56573492042263,9.986179840399448
3539004,Pirangi,Serviços,3.766651355075792,11.013527599678529,17.379830017983572,51.485483837452115,12.940715799933217,-7.533302710151585,-11.299954065227377
3539103,Pirapora do Bom Jesus,Serviços,1.905280348394121,0.04076649887063208,27.974157777942537,44.835974205563105,18.9469180025493,9.308655416439846,7.403375068045725
3539202,Pirapozinho,Serviços,-6.312135079690705,5.386637083962588,30.868959842469973,39.442057639803295,12.61569942901543,2.8799116301088845,9.19204670979959
3539301,Pirassununga,Serviços,1.482085797810864,3.4520978929068398,20.492508484048766,50.40355237879277,11.815782281551076,1.2781290366442315,-0.20395676116663242
3539400,Piratininga,Serviços,-0.8604712734974848,11.49726994396335,9.862964201832094,50.669168731989934,22.422568660656868,2.9123643102991794,3.772835583796664
3539509,Pitangueiras,Serviços,0.6236265367939656,6.158173082449223,15.977239891646263,53.74111549174895,12.95299302290831,4.959315792599631,4.335689255805666
3539608,Planalto,Serviços,38.049669628617,18.85436248423195,24.954670688768974,28.838855737742993,19.863179949615358,18.910913647755752,-19.13875598086125
3539707,Platina,Agropecuária,7.603305785123967,40.559682943767086,10.575659041327238,21.528488628987166,19.341769657703516,3.9669421487603302,-3.636363636363637
3539806,Poá,Serviços,-2.6020334409482966,0.11057763984541058,24.453811152068987,46.40253559863155,17.575647161624822,10.244302028622368,12.846335469570665
3539905,Poloni,Serviços,1.430615164520744,20.56080079270497,18.77441985986346,32.3717412447467,20.548619931291398,10.908440629470672,9.477825464949927
3540002,Pompéia,Indústria,17.379679144385026,3.4816342248982313,38.21759266354348,37.12595874805572,7.287845801388157,37.235096058625466,19.85541691424044
3540101,Pongaí,Serviços,16.78939617083947,24.134405695717042,5.2729164764070005,41.154256741365316,25.39195847433754,14.727540500736376,-2.0618556701030943
3540200,Pontal,Serviços,6.913606509426437,5.65704150133035,29.048551775314625,38.85369737525095,16.212856924228273,-2.845214986571649,-9.758821495998086
3540259,Pontalinda,Agropecuária,-2.907681124303368,35.931123759272474,4.433900159546131,28.728970596530157,27.581375206380944,-1.938454082868912,0.9692270414344557
3540309,Pontes Gestal,Serviços,-7.121910347716799,22.064939587426082,15.863265848213207,30.194321548892873,21.482096860623994,0.0,7.121910347716799
3540408,Populina,Agropecuária,-0.242306760358614,35.64862944225507,4.687370588250695,33.136425790286125,23.83845989086106,7.26920281075842,7.511509571117035
3540507,Porangaba,Serviços,-0.478423117405033,24.939539407658728,8.173753409874884,40.29864812331391,21.401410762304575,15.309539756961057,15.78796287436609
3540606,Porto Feliz,Serviços,5.310016461051029,6.545233949948163,21.06445571140371,41.77909048738069,8.571087393702898,16.03624971237411,10.726233251323082
3540705,Porto Ferreira,Serviços,4.919371687971281,1.638633994226292,33.36263945864801,37.71343580054196,11.239726175871212,21.91874489543961,16.999373207468327
3540754,Potim,Serviços,0.8336602589250687,0.9352665940693571,14.34938682664326,41.85287019957706,36.29258255803656,4.609650843468027,3.7759905845429587
3540804,Potirendaba,Serviços,10.975346020761243,9.026607184605579,30.32911824488042,38.45536573573113,13.436344370921555,1.4597750865051904,-9.515570934256052
3540853,Pracinha,Administração pública,-3.1031807602792862,12.085339620913249,5.6712357300130956,25.637078243926,54.649972904051346,10.08533747090768,13.188518231186967
3540903,Pradópolis,Indústria,7.729242300035133,3.222249412460577,33.34876985981216,31.987856674104105,11.59311781139833,22.075184447827613,14.345942147792481
3541000,Praia Grande,Serviços,-0.197179476188435,0.0601585934117397,9.772578171326778,62.56606492280237,20.935449727633294,8.021489705230973,8.218669181419408
3541059,Pratânia,Serviços,7.023019898556379,31.92977190313208,7.323988587133726,32.04875690697597,24.518176977990112,24.580569644947328,17.557549746390947
3541109,Presidente Alves,Serviços,-7.623554153522608,27.371606960823634,4.793705229573017,34.732336687526065,28.955095278095545,-3.680336487907466,3.9432176656151423
3541208,Presidente Bernardes,Serviços,0.4830917874396135,13.75767348776032,4.971894206484292,56.8793428719797,18.38425133327651,7.729468599033816,7.246376811594202
3541307,Presidente Epitácio,Serviços,-1.9491203645108213,7.062757621069425,15.366027532983143,52.64161708653325,18.535352926403476,5.9992406024553855,7.948360966966207
3541406,Presidente Prudente,Serviços,-1.0768030912668167,0.4890365630308071,13.062543480662214,66.31772647230048,10.662576964644604,11.649857312512186,12.726660403779002
3541505,Presidente Venceslau,Serviços,0.2556745547001505,3.6291969444023553,4.5457929104850345,66.98468026597426,18.471287989786234,12.130337206329369,11.874662651629219
3541604,Promissão,Indústria,14.090119837180836,4.443188971781006,40.66185136145751,35.53849348489152,9.618257234931766,-3.7289004013549287,-17.819020238535764
3541653,Quadra,Agropecuária,-6.461086637298092,42.28167081014201,4.150460892427186,28.73795838944495,20.683843521815184,-2.055800293685756,4.405286343612337
3541703,Quatá,Serviços,-8.964521765554965,9.580796698613174,32.759938182717015,38.339802730566134,8.501558172078786,3.4946440780976977,12.459165843652663
3541802,Queiroz,Indústria,8.882082695252679,11.731064136013122,47.94050254311997,26.14115317984893,3.30504811147005,-99.5405819295559,-108.42266462480858
3541901,Queluz,Serviços,-1.4193689267387268,1.2027395461303354,11.335785586306123,57.28365501998959,18.309781511030803,2.402008952942461,3.8213778796811875
3542008,Quintana,Serviços,0.2841716396703609,16.092355440658633,26.524106517546947,34.71621469808555,14.314132465310639,28.41716396703609,28.132992327365727
3542107,Rafard,Indústria,-4.238706079196876,5.297333365178143,36.786944432687996,33.96194016702972,11.531790553409433,5.911879531511433,10.150585610708308
3542206,Rancharia,Serviços,-4.547362529732755,20.88935550543009,20.16228197985514,40.20457371020875,10.611649002088829,-1.5041276059885265,3.0432349237442287
3542305,Redenção da Serra,Serviços,217.62349799732976,19.508599237757817,4.9332871061526955,38.29983601143195,34.15880061968007,14.018691588785046,-203.60480640854473
3542404,Regente Feijó,Serviços,-1.588483494663688,7.532204455355468,13.296047241193712,54.397086030719585,11.793540885018656,5.361131794489948,6.949615289153636
3542503,Reginópolis,Agropecuária,57.68728791438267,39.45595402149152,3.7769159104815535,29.36443194444883,24.446020581037036,4.567997911772383,-53.11929000261029
3542602,Registro,Serviços,-5.137871786744958,5.8960852565647786,6.856086859751532,65.42759879588056,11.732313882131495,9.758620114434418,14.896491901179376
3542701,Restinga,Serviços,1.4053716427232978,24.495023801775965,18.996272565447615,28.7157617346907,22.593413018100804,-47.78263585259213,-49.188007495315425
3542800,Ribeira,Administração pública,-4.150702426564496,27.757412219471757,3.9871062921340963,30.233225334972637,34.931378594610685,4.469987228607918,8.620689655172413
3542909,Ribeirão Bonito,Serviços,30.66703066703067,16.965277942887923,11.658582462259755,49.05920687415688,16.964786226604105,-7.5530075530075536,-38.22003822003822
3543006,Ribeirão Branco,Agropecuária,0.9126536747731788,58.76449362699637,4.059827782943187,21.297307927129758,14.066592761326369,15.998282063671017,15.085628388897838
3543105,Ribeirão Corrente,Agropecuária,-9.33159722222222,50.657317632631184,5.478679333707003,24.290918080163486,17.30973171451118,8.897569444444445,18.229166666666664
3543204,Ribeirão do Sul,Serviços,-0.2138122728244601,26.25334819502198,5.663867499212954,46.34589940160229,13.239775518811909,7.269617276031645,7.483429548856105
3543238,Ribeirão dos Índios,Administração pública,-2.962962962962963,29.243680948345396,5.261118067485477,28.867776715542615,33.84833406153856,-3.9506172839506175,-0.9876543209876547
3543253,Ribeirão Grande,Indústria,-0.8053691275167785,17.050545235512597,38.19021370932186,23.45784480722037,16.24753718341013,0.1342281879194631,0.9395973154362416
3543303,Ribeirão Pires,Serviços,-3.894114694658141,0.047459898491294665,19.68425094945242,54.023029862417616,14.226049036169625,5.685407454200885,9.579522148859025
3543402,Ribeirão Preto,Serviços,-0.7328503010125357,0.3736449053253616,11.424844284297347,69.52359343368006,7.910819191135208,22.064233183805158,22.797083484817694
3543501,Riversul,Serviços,23.03982854081086,27.143684380640554,5.729965603811666,31.991134852430424,30.669618683706318,-13.03804250759064,-36.0778710484015
3543600,Rifaina,Serviços,45.443319338108175,18.151700791234394,20.359074015169135,37.92744650964465,16.233229636299804,47.4191158310694,1.9757964929612228
3543709,Rincão,Serviços,-2.857770938667839,20.71817133594384,8.350135709744846,42.12816022728873,23.914177144887745,5.495713343591998,8.353484282259837
3543808,Rinópolis,Serviços,6.696187493249811,31.036563256377086,12.768917890273892,35.952043857720824,14.1967849961348,2.052057457608813,-4.644130035640998
3543907,Rio Claro,Serviços,11.419039013395029,0.8301764542826459,34.12273426498278,41.9787313804745,8.77403374616384,19.5265567129055,8.10751769951047
3544004,Rio das Pedras,Serviços,1.5960163432073544,1.9500153910074494,19.219267456741207,50.59915354523141,11.433877118669402,13.342696629213483,11.746680286006129
3544103,Rio Grande da Serra,Serviços,0.4527960153950645,0.08797687762929132,15.476523014265664,53.71180773560228,20.460020561308532,1.1772696400271678,0.7244736246321033
3544202,Riolândia,Agropecuária,2.6190707149093027,33.34719706241417,5.756435399243889,30.79774414565029,26.84769368383378,-1.261034047919294,-3.880104762828597
3544251,Rosana,Indústria,-1.2041284403669723,3.122273383500728,81.15900515153605,9.481498916048889,5.442718845241065,1.43348623853211,2.6376146788990824
3544301,Roseira,Serviços,-6.185376661742984,1.7251888595172997,26.20327391603345,45.45372684064641,15.667689744597906,4.523633677991137,10.709010339734121
3544400,Rubiácea,Agropecuária,-5.185185185185185,44.159558579355675,4.969348723002655,23.51930614206563,24.728189060708434,14.814814814814817,20.0
3544509,Rubinéia,Serviços,0.5217845030002609,25.337660245088212,5.374941618817126,38.58958753311444,27.10406395650927,3.9133837725019567,3.391599269501696
3544608,Sabino,Agropecuária,-0.1956181533646322,39.624826449362175,3.6278327732135645,34.21651336918469,18.892114717213982,1.3693270735524257,1.5649452269170578
3544707,Sagres,Administração pública,0.8084074373484236,29.771612395177762,4.497982658737303,27.702530862740648,35.95487260531826,7.275666936135813,6.467259498787389
3544806,Sales,Serviços,-0.9321112319403448,24.004719895068156,4.357911892692198,47.44898148319058,20.511167601524104,5.437315519652011,6.369426751592356
3544905,Sales Oliveira,Serviços,3.0672158443607045,23.58975376391035,17.000176422628762,40.07577775427547,12.408753777707288,8.588204364209973,5.5209885198492685
3545001,Salesópolis,Serviços,-4.670438100249967,11.827494646246018,4.5937383534665654,50.68212353349729,28.54216259178934,4.867780555190107,9.538218655440074
3545100,Salmourão,Serviços,10.607321131447586,25.96733185892406,4.9484548321129695,35.46832593415669,31.059311389672,19.96672212978369,9.359400998336104
3545159,Saltinho,Serviços,15.071682391863742,5.615892871138447,18.078947508969474,45.99517251859741,14.581434335027662,20.218110525670877,5.1464281338071345
3545209,Salto,Serviços,3.171554284948518,0.1706261183623214,24.576583967480794,51.86501170000333,6.7911290454043565,-1.340093359837402,-4.511647644785921
3545308,Salto de Pirapora,Indústria,5.120234067843102,1.047063138466101,45.729441881732505,31.08186146783593,9.806466646735206,6.560299899423974,1.4400658315808723
3545407,Salto Grande,Serviços,1.8784530386740328,12.284057959160227,28.691904964398695,36.14739514464868,16.870126629976863,7.18232044198895,5.303867403314918
3545506,Sandovalina,Indústria,-100.41152263374484,14.640260879876676,63.18083837305822,11.065656587216885,9.162971184631804,34.01920438957476,134.4307270233196
3545605,Santa Adélia,Serviços,-13.696675702668,21.32115341832365,2.855493482788912,51.91826870190561,18.898024337015283,11.841917534598371,25.53859323726637
3545704,Santa Albertina,Serviços,-2.0334741123103397,15.015206242154486,26.140132053176067,36.83458737125399,14.768158546777732,18.45768809635539,20.49116220866573
3545803,Santa Bárbara d'Oeste,Serviços,2.683436325655724,0.5628134884805985,23.17903033937794,49.97851473056122,13.731744749446339,20.240309358756893,17.55687303310117
3546009,Santa Branca,Serviços,53.30948121645796,2.598622756715919,27.36310601623887,38.8620566290449,25.506902317286134,16.31484794275492,-36.994633273703045
3546108,Santa Clara d'Oeste,Agropecuária,-31.56274056966898,33.19505254655913,5.436087025169199,29.825144152178463,27.09237744518941,59.27636643571979,90.83910700538877
3546207,Santa Cruz da Conceição,Serviços,3.273322422258593,13.63447899053836,12.35869841876411,41.50481929681135,22.99974267824563,16.13280336684592,12.859480944587327
3546256,Santa Cruz da Esperança,Agropecuária,2.835538752362949,37.168309240052224,5.788446892869699,26.65149716620402,28.138246136974644,2.835538752362949,0.0
3546306,Santa Cruz das Palmeiras,Serviços,-3.5684589800443463,8.284714854825758,3.711464190422633,58.34288968459605,23.142300304273792,11.987250554323726,15.555709534368072
3546405,Santa Cruz do Rio Pardo,Serviços,-2.885319323026571,8.055641936788243,25.620623075905023,45.751335008406954,9.401821428138746,24.396020843202272,27.281340166228844
3546504,Santa Ernestina,Serviços,-3.2690421706440014,17.145792262669506,5.817311692827691,45.60860632530305,27.09589935086064,3.9228506047728016,7.191892775416803
3546603,Santa Fé do Sul,Serviços,-8.564695062367074,4.40935292209384,16.11209802273113,56.18856727577772,14.98402855902254,17.38805541185262,25.95275047421969
3546702,Santa Gertrudes,Indústria,29.731904620727622,0.6416924094570908,58.52967317717478,20.52917555923978,6.105963817577198,45.78374486468172,16.0518402439541
3546801,Santa Isabel,Serviços,0.0,4.888327189121008,17.64410381057849,51.73286102070788,15.215856877469152,14.292699439575731,14.292699439575731
3546900,Santa Lúcia,Serviços,-1.8184361449153728,26.78005303424277,3.8064866656707554,37.774604651390234,28.627649270079296,12.169534200587496,13.987970345502868
3547007,Santa Maria da Serra,Serviços,19.645241274079726,18.766869305061327,18.459434179268992,37.285864874692074,20.24435069570493,13.732595842075147,-5.912645432004579
3547106,Santa Mercedes,Serviços,5.751014884979702,29.659878269018463,5.019149527884852,32.21141934445566,30.24257738183437,27.74018944519621,21.98917456021651
3547205,Santana da Ponte Pensa,Administração pública,0.5988023952095808,30.497549155185926,4.8448081336942606,28.517890290242775,33.59237624415152,-0.5988023952095808,-1.1976047904191616
3547304,Santana de Parnaíba,Serviços,-10.142435352519389,1.3604121877723012,18.00575481141164,54.192381106404355,9.385786519758724,17.267447519548362,27.40988287206775
3547403,Santa Rita d'Oeste,Serviços,-2.1953896816684964,29.843758877897635,3.2785302980289055,37.67691281456909,25.838828099630067,0.3658982802780827,2.561287961946579
3547502,Santa Rita do Passa Quatro,Serviços,21.060685378327225,9.02762568501694,14.140642662816333,50.95101803670151,15.472892416694231,120.16268674747312,99.1020013691459
3547601,Santa Rosa de Viterbo,Serviços,-0.9397291871342532,6.208273034249879,26.30203915542566,38.099896615194005,15.390644276740614,11.319465208662596,12.259194395796849
3547650,Santa Salete,Administração pública,3.0395136778115504,29.213478856269443,5.222386392790816,30.109939161315197,31.516769430666436,1.82370820668693,-1.2158054711246205
3547700,Santo Anastácio,Serviços,1.4474196960418635,13.020566506380526,12.840594655925782,49.42607110097352,17.406749424957876,-1.6700996492790736,-3.117519345320937
3547809,Santo André,Serviços,-1.822627013068169,0.0050527649266450475,22.44414483770159,55.23342794410496,9.652907808165759,12.588811340078166,14.411438353146336
3547908,Santo Antônio da Alegria,Agropecuária,0.5904059040590406,38.409258308666864,3.7326660629985993,32.320153640836395,21.324020656409203,4.280442804428044,3.6900369003690034
3548005,Santo Antônio de Posse,Serviços,-7.959043193942523,12.934540494744901,17.780240214357377,46.58573704102383,7.062444479748548,15.014627430734814,22.973670624677336
3548054,Santo Antônio do Aracanguá,Agropecuária,-17.185821697099893,34.029416942689735,7.55152563980064,31.08364711280098,23.916840301721365,-0.4773839360305525,16.70843776106934
3548104,Santo Antônio do Jardim,Agropecuária,-9.30460333006856,38.26498014068471,5.377671562384252,36.642191133456606,14.44373216402632,5.060398302317989,14.365001632386548
3548203,Santo Antônio do Pinhal,Serviços,-6.168512547315295,10.592799750605904,5.36551641947062,50.655469463873715,29.4060862563884,9.252768820972944,15.42128136828824
3548302,Santo Expedito,Administração pública,-0.6666666666666666,12.358939629373715,6.862987169999064,37.85666315810799,40.49607910729031,1.3333333333333333,2.0
3548401,Santópolis do Aguapeí,Serviços,8.463708643241858,12.623477200635968,5.145182829076398,45.29061569231111,32.603376295049344,10.002564760194922,1.5388561169530632
3548500,Santos,Serviços,-12.553510683025646,0.02098324870916804,9.06105816209855,64.68846638568236,10.389356138803198,19.44062225279976,31.994132935825405
3548609,São Bento do Sapucaí,Serviços,0.2569813260236422,16.35567128343296,4.083909080358787,54.3479800941663,20.538993273169424,9.936611272914169,9.679629946890527
3548708,São Bernardo do Campo,Serviços,-4.35410599596166,0.023440184512505943,20.554650523752482,54.26775021036032,7.13770893104887,17.51263369140613,21.86673968736779
3548807,São Caetano do Sul,Serviços,-5.565784310766352,0.00022713246464417349,21.591026839547876,53.59527573266596,10.905616942858563,33.73879448250883,39.304578793275184
3548906,São Carlos,Serviços,1.491032225914925,1.3788397246527617,24.8766148599249,50.617235801823504,9.817596996250074,20.28196204145854,18.790929815543617
3549003,São Francisco,Administração pública,-1.1529592621060722,30.8035342234246,5.245555164128157,30.22687487536976,31.752237122604992,0.7686395080707148,1.9215987701767872
3549102,São João da Boa Vista,Serviços,5.499908154775412,2.9247327445157962,20.274790094459146,54.92576573551708,12.104000135359113,9.29257566425708,3.792667509481669
3549201,São João das Duas Pontes,Administração pública,-1.937984496124031,30.99670825015208,6.550353835804552,28.676019845612586,31.800990781183565,5.426356589147287,7.364341085271318
3549250,São João de Iracema,Administração pública,-1.0834236186348862,28.89490270227314,2.7920419797664167,29.67718881950469,36.19540699152426,-11.375947995666303,-10.292524377031416
3549300,São João do Pau d'Alho,Agropecuária,-1.3380909901873326,33.91227293331296,4.140345456509119,31.097446940029528,28.217903158487356,5.798394290811775,7.136485280999107
3549409,São Joaquim da Barra,Serviços,5.683924379093043,4.046466311324357,28.778303068552113,45.61824016500707,11.590412265162795,14.189217018822852,8.50529263972981
3549508,São José da Bela Vista,Serviços,0.3933910306845004,34.90112548327203,2.8104702935451247,35.02470350554114,23.229664393617206,1.4424337791765014,1.049042748492001
3549607,São José do Barreiro,Administração pública,4.152608357124318,15.176365161896296,3.851203375972314,35.01380455643031,42.88252389548713,1.5572281339216196,-2.5953802232026986
3549706,São José do Rio Pardo,Serviços,3.907671678957954,7.42705998617547,21.398283963205227,48.70179839089831,10.897448601927943,9.884110717364235,5.976439038406282
3549805,São José do Rio Preto,Serviços,-2.481301767511184,0.3331007708928,10.493111420227354,69.75420042341356,9.513913072766703,16.836215348683265,19.31751711619445
3549904,São José dos Campos,Serviços,-4.838936438209952,0.054087950459905304,35.22425469331915,45.144588747914156,7.0109929326028,12.079408481982746,16.9183449201927
3549953,São Lourenço da Serra,Serviços,-27.696520819070145,0.6391423477757588,12.670190459917489,52.70636824854854,26.429335329746657,-56.4511109728014,-28.754590153731257
3550001,São Luiz do Paraitinga,Serviços,-9.287027183902486,12.144396062218501,5.567184636089053,49.12167316563492,28.22093379387883,6.481571055431943,15.76859823933443
3550100,São Manuel,Serviços,2.6549384536994824,10.035577354206485,13.298698484414,54.86514574670623,12.033542502457317,7.696639759714661,5.041701306015179
3550209,São Miguel Arcanjo,Agropecuária,2.1224133087799246,44.94574403388573,4.560215000723391,32.79193415746663,13.998016422981122,9.675707731202596,7.553294422422672
3550308,São Paulo,Serviços,-4.484893860015181,0.008287000650296512,7.6902800587269216,69.5079335791759,6.14762129218411,26.09125271491903,30.57614657493421
3550407,São Pedro,Serviços,3.136762860727729,6.882865062168732,8.433706807791877,57.808782379865406,19.016707789923714,10.116060225846926,6.979297365119197
3550506,São Pedro do Turvo,Agropecuária,7.759456838021339,41.17413730582353,9.291023305734113,26.719877557768275,17.659184494276545,11.77774698628239,4.018290148261051
3550605,São Roque,Serviços,0.0251622968144532,1.5495195239266557,17.144803595550094,56.85628592192723,12.338086408718816,13.449247647325247,13.424085350510794
3550704,São Sebastião,Serviços,1.752558367547031,0.45027103957658704,6.563336398177771,64.14645449617346,20.235657429899582,17.53783932839022,15.785280960843188
3550803,São Sebastião da Grama,Serviços,11.78048079685854,21.926036392381388,8.714030228531062,46.752860651358304,15.448149270922396,17.431280528684994,5.650799731826453
3550902,São Simão,Serviços,-7.364975450081833,16.470510356389944,11.891293310239508,45.29823309765193,17.475142905771406,2.008629668204136,9.373605118285969
3551009,São Vicente,Serviços,-2.5249233884290003,0.06944293939620977,8.25819525390422,59.599709079887965,25.924737276060466,2.4703632191712317,4.995286607600232
3551108,Sarapuí,Serviços,17.16655415179863,20.10636795501652,14.973215312034316,33.883885056007166,25.14022616112421,3.664769987462629,-13.501784164336
3551207,Sarutaiá,Agropecuária,11.069114470842331,41.36318104523836,4.5055714809850596,27.912215435167383,24.61766458038127,9.989200863930884,-1.0799136069114468
3551306,Sebastianópolis do Sul,Indústria,16.93290734824281,11.467233657223957,45.95128429258671,27.064680724983187,6.341943681845927,-24.28115015974441,-41.21405750798722
3551405,Serra Azul,Administração pública,-4.62890318531304,24.881153143826428,6.380033471761926,32.20653678448822,33.84804351110792,1.4906637376431822,6.119566922956222
3551504,Serrana,Serviços,1.138718713703341,1.9040964041716606,15.479538162377088,53.60092802541274,18.059008441985952,7.219476644879182,6.0807579311758415
3551603,Serra Negra,Serviços,-10.83829531009567,8.484870212585747,8.800482667082742,58.14482081500461,16.822633309993236,10.470328494012175,21.308623804107846
3551702,Sertãozinho,Serviços,7.557905853239497,1.1654076591138092,29.646828328267105,47.099770078940395,9.374307540921336,22.815576063741755,15.257670210502258
3551801,Sete Barras,Agropecuária,-3.142183817753339,45.54025694754261,6.415024908871586,27.585092092128004,17.333610546079683,6.834249803613512,9.976433621366851
3551900,Severínia,Serviços,-2.950054884742042,6.20113194901103,3.70102061540477,53.56152917673095,30.966686168335062,17.220087815587267,20.170142700329308
3552007,Silveiras,Administração pública,-3.394762366634336,11.435993965901142,4.2022928108682835,34.17665853524034,42.35258273304748,4.849660523763337,8.244422890397672
3552106,Socorro,Serviços,-2.916105877074921,9.28655613305518,12.32647031963674,52.35495589533596,17.551234624766796,11.813967399431732,14.730073276506653
3552205,Sorocaba,Serviços,0.0262546256504928,0.1299503933639208,23.482503352388505,49.10494729360365,7.737883100491974,20.9553367363013,20.92908211065081
3552304,Sud Mennucci,Agropecuária,-17.539089055064583,38.47821598356669,5.999474981293741,31.13773454206841,19.484000630142894,-12.100611828687969,5.438477226376614
3552403,Sumaré,Serviços,0.0715448317802142,1.3781138333677951,25.048121048101923,49.12480726758468,7.904495287142664,12.978232484930867,12.906687653150653
3552502,Suzano,Serviços,0.328531140523503,3.0642437973117556,34.61996446753844,37.677826162297556,9.092518302527369,14.74486792072316,14.416336780199655
3552551,Suzanápolis,Indústria,42.25352112676056,10.005568385892095,42.29396166204899,28.097857610004194,8.951597232725131,36.09154929577465,-6.161971830985912
3552601,Tabapuã,Serviços,1.6780005298949043,24.223909785372324,4.163639711847433,44.65917437106877,22.83877075804444,3.179369425064029,1.5013688951691249
3552700,Tabatinga,Serviços,12.864784345588731,20.121059163072346,8.705520296902975,41.109383596054975,24.903542799840938,16.182544518924775,3.317760173336044
3552809,Taboão da Serra,Serviços,-8.521543309619728,0.0026483501339454405,20.758797044393297,53.997839103260944,12.257231730601605,12.99617608996059,21.51771939958032
3552908,Taciba,Agropecuária,1.2779552715654952,41.13265598856536,5.943464781518816,27.714232794674754,22.302384891213904,3.674121405750799,2.3961661341853038
3553005,Taguaí,Serviços,-22.4169231983582,12.862900501869257,6.259535724608326,51.568154563308134,21.90174762934758,30.94166863998737,53.358591838345575
3553104,Taiaçu,Serviços,-6.517526862779637,24.550333834943277,2.733102913859378,40.99138458726458,27.23375182765334,-4.051435617403558,2.466091245376079
3553203,Taiúva,Serviços,-6.414172266340868,17.405903192839244,6.917753080968849,43.06811436805504,25.96558092677772,7.483200977397679,13.897373243738548
3553302,Tambaú,Serviços,6.298110566829951,10.777864736265599,20.205289476431986,46.7932386492381,14.853652886369462,25.658968975973877,19.360858409143926
3553401,Tanabi,Serviços,6.926578270334455,10.011142801494465,34.60239813026738,37.61782568119714,10.159871009385942,6.09538887789432,-0.8311893924401357
3553500,Tapiraí,Agropecuária,-1.7508754377188596,40.16435175255995,6.270366361956674,28.925851069686832,21.07109124886343,10.505252626313156,12.256128064032016
3553609,Tapiratiba,Serviços,-1.015572105619499,22.89818925129167,7.870006042296026,43.23446258026532,20.819619523124615,-8.039945836154368,-7.024373730534869
3553658,Taquaral,Administração pública,9.16380297823597,18.80952338730262,4.195097077529113,31.89052741745092,40.68267240500967,-2.2909507445589923,-11.454753722794962
3553708,Taquaritinga,Serviços,5.2047455032529655,8.93894484505296,13.949867735338026,52.93893589603821,16.580313049872487,1.052430156907769,-4.152315346345197
3553807,Taquarituba,Serviços,0.082135523613963,14.59088281427697,7.409713736619274,56.9378397002679,10.881525300128088,10.020533880903493,9.938398357289529
3553856,Taquarivaí,Agropecuária,11.634671320535194,39.036252488249694,5.520637302539007,37.851833363816205,9.997240875735525,10.907504363001744,-0.7271669575334503
3553906,Tarabai,Serviços,-7.037943696450428,13.439752610765243,8.695868551609042,36.513500978883805,27.0034806002327,8.720930232558139,15.758873929008567
3553955,Tarumã,Indústria,24.862249697621287,6.9382757774485135,37.318988196176655,36.693915816242935,8.771613021434339,14.111006585136408,-10.751243112484879
3554003,Tatuí,Serviços,5.026544674121767,3.2268701951224306,23.794688898402512,49.82758384047475,11.479110772890955,11.97334236981814,6.946797695696373
3554102,Taubaté,Serviços,-14.925709357370655,0.20992834466959576,27.23694818613655,44.1618059914032,9.062440135926137,13.19757095182774,28.123280309198396
3554201,Tejupá,Agropecuária,-17.688393506178823,50.965027087135354,2.823096476531531,22.962784629995063,21.14809010817556,53.30748727889508,70.99588078507391
3554300,Teodoro Sampaio,Serviços,2.796193568754792,20.160754159972754,13.864130542960499,43.111012533313804,17.384657021939486,1.5784963694583505,-1.2176971992964414
3554409,Terra Roxa,Serviços,8.982793522267206,20.46338140728765,8.811503276149276,39.20310849980157,27.97745205380097,-4.681174089068826,-13.663967611336032
3554508,Tietê,Serviços,-2.070998061758224,3.22494697988554,33.313772239888735,41.1038795587138,10.279743607931193,12.293232084539204,14.364230146297428
3554607,Timburi,Agropecuária,-12.987012987012989,33.99759189872958,4.966982346117534,27.621742687341122,31.210404907347407,6.087662337662338,19.074675324675326
3554656,Torre de Pedra,Administração pública,-4.398826979472141,6.29029591790111,5.969832124074914,39.6067193137133,44.97154171521407,-1.466275659824047,2.9325513196480943
3554706,Torrinha,Serviços,1.3926084627745046,19.624400263475433,9.97070730079566,44.732828702250146,18.88024172020654,1.1783610069630424,-0.2142474558114622
3554755,Trabiju,Administração pública,21.40309155766944,17.241044818040795,8.323774153635236,32.69169568644132,37.795868950148815,-3.5671819262782405,-24.970273483947683
3554805,Tremembé,Serviços,2.716276161256913,1.4180493143543644,18.660430307580043,46.05902863354901,25.056155552947935,7.699372716080745,4.983096554823833
3554904,Três Fronteiras,Serviços,-4.262198706643151,19.067675222284688,7.868881642804514,41.44369405817567,26.747113682551138,6.466784244562022,10.728982951205172
3554953,Tuiuti,Serviços,-1.1802891708468577,21.302648451035804,3.929826973405633,52.16445254508234,16.262256508170896,-4.868692829743287,-3.688403658896429
3555000,Tupã,Serviços,-5.85033162307596,9.063525658824075,12.643747092459574,57.192977838278246,12.902433502002511,0.7352021023651608,6.585533725441121
3555109,Tupi Paulista,Serviços,6.496783146209158,13.75233788081712,3.263794737529298,56.22381331091623,22.47474508762236,2.2707203229468904,-4.226062823262268
3555208,Turiúba,Agropecuária,-9.9009900990099,39.437754069396746,4.171476786939719,26.862641328807936,27.267848715181746,7.150715071507151,17.05170517051705
3555307,Turmalina,Agropecuária,5.991611743559018,47.52128108184901,4.537817545566688,22.941036151090792,22.692433493175706,3.59496704613541,-2.3966446974236075
3555356,Ubarana,Indústria,-2.982292637465051,10.385033817881927,54.192960384819386,20.77744375471901,9.109338179870969,19.0121155638397,21.99440820130475
3555406,Ubatuba,Serviços,4.000817371290909,1.710697013467782,11.942506327124173,62.565283350352054,18.773170939254033,12.36811821770039,8.367300846409481
3555505,Ubirajara,Serviços,24.74668745128605,29.84037338192877,4.727850974273032,35.52145288419113,26.122926963662113,34.68433359314108,9.937646141855033
3555604,Uchoa,Serviços,11.448912834327496,12.10100258216081,30.952202604800483,34.043513398760744,14.084334647456167,11.352703482778526,-0.09620935154896948
3555703,União Paulista,Agropecuária,-13.72426699937617,32.220264057078445,4.732952332633736,29.63964103158152,31.117080639717614,19.338739862757333,33.063006862133506
3555802,Urânia,Serviços,8.377674629231292,30.777474791823245,9.791905110935632,39.634933791031315,14.388658084568833,20.264915657194614,11.887241027963322
3555901,Uru,Agropecuária,-5.046863734679164,34.2509557188699,4.138797454477887,27.29567646236941,31.827544477139263,7.209805335255948,12.25666906993511
3556008,Urupês,Serviços,1.5279394644935973,24.30971117182372,6.630390644359169,46.30294975241374,15.07051379646478,13.751455180442376,12.223515715948778
3556107,Valentim Gentil,Serviços,8.724641793162151,6.202519009230932,33.852454721724875,37.11431417355716,13.431065394483968,21.91800255355369,13.19336076039154
3556206,Valinhos,Serviços,-21.87176058176984,0.9080973573668601,22.17012025612798,50.080712650761114,9.434079368383404,17.234694119788248,39.10645470155809
3556305,Valparaíso,Indústria,1.3613299781362156,14.37691053686502,33.64628373703068,31.22195047479578,11.787197952296928,16.872241244173093,15.510911266036878
3556354,Vargem,Serviços,2.0928462709284625,7.302647813865988,8.956539002596694,48.5668899606493,29.088797411374006,7.324961948249619,5.232115677321157
3556404,Vargem Grande do Sul,Serviços,7.524979443350858,4.704671409913226,14.197551100976375,55.595276066592525,14.8582040765149,-5.755861759649167,-13.280841203000026
3556453,Vargem Grande Paulista,Serviços,4.800158682931667,1.928682697958501,21.601338776513558,48.4828537051649,10.729966697998725,19.95437865714569,15.154219974214023
3556503,Várzea Paulista,Serviços,3.4896476665140663,0.08274570686622977,28.884896386256166,42.91504274843365,14.528470145738922,9.933403011116772,6.443755344602705
3556602,Vera Cruz,Serviços,1.1792452830188678,10.0853710731673,3.6710735232560876,55.7955375515943,22.594340195733754,3.537735849056604,2.3584905660377364
3556701,Vinhedo,Serviços,6.336556049124641,0.1398035412126038,29.035629684206864,43.39709871674797,5.045900093437891,44.53880324013588,38.20224719101124
3556800,Viradouro,Serviços,5.110830366371885,8.709006066076626,10.674845865098954,50.717062551706135,22.837962115716575,14.356265074078328,9.245434707706444
3556909,Vista Alegre do Alto,Serviços,0.1233197681588358,9.691748157575288,31.934635367529633,34.87356743825686,10.718517584382578,9.742261684548032,9.618941916389195
3556958,Vitória Brasil,Serviços,16.16499442586399,16.991865045077606,4.45472894257966,40.921912689219994,32.412356284859925,-11.148272017837236,-27.313266443701227
3557006,Votorantim,Serviços,-4.150934546563167,0.058759553374121656,22.99837398915063,50.030948141962675,14.924058428862944,12.546610070120307,16.697544616683473
3557105,Votuporanga,Serviços,7.978558271415857,1.595458146597916,17.141835659405373,60.84451035800134,11.256052467484931,3.332160523211292,-4.646397748204565
3557154,Zacarias,Agropecuária,3.714710252600297,45.68745191696331,8.223975674512166,24.039178149732642,18.854747803097116,22.65973254086181,18.945022288261512
3557204,Chavantes,Serviços,8.025550732945705,12.483181966848019,6.156187453637713,49.395222942029406,25.12469770945603,48.89034477110802,40.864794038162316
3557303,Estiva Gerbi,Serviços,-24.61266046923417,19.26785515780811,24.920471566200455,32.1927768820987,15.904979548943492,16.024789729969015,40.63745019920319
